Copyright 1986-2022 Xilinx, Inc. All Rights Reserved.
----------------------------------------------------------------------------------------------------------------------------------------------------------------
| Tool Version      : Vivado v.2022.2 (win64) Build 3671981 Fri Oct 14 05:00:03 MDT 2022
| Date              : Tue Sep 29 16:54:49 2026
| Host              : FLY running 64-bit major release  (build 9200)
| Command           : report_timing_summary -delay_type max -max_paths 10 -file C:/Users/fly04/Desktop/VLA/PCore_2.0/v3/reports/ooc_dea8_deqacc32_v3/timing.rpt
| Design            : dea8_deqacc32_v3
| Device            : xcu50-fsvh2104
| Speed File        : -2  PRODUCTION 1.30 05-01-2022
| Temperature Grade : E
----------------------------------------------------------------------------------------------------------------------------------------------------------------

Timing Summary Report

------------------------------------------------------------------------------------------------
| Timer Settings
| --------------
------------------------------------------------------------------------------------------------

  Enable Multi Corner Analysis               :  Yes
  Enable Pessimism Removal                   :  Yes
  Pessimism Removal Resolution               :  Nearest Common Node
  Enable Input Delay Default Clock           :  No
  Enable Preset / Clear Arcs                 :  No
  Disable Flight Delays                      :  No
  Ignore I/O Paths                           :  No
  Timing Early Launch at Borrowing Latches   :  No
  Borrow Time for Max Delay Exceptions       :  Yes
  Merge Timing Exceptions                    :  Yes

  Corner  Analyze    Analyze    
  Name    Max Paths  Min Paths  
  ------  ---------  ---------  
  Slow    Yes        Yes        
  Fast    Yes        Yes        


------------------------------------------------------------------------------------------------
| Report Methodology
| ------------------
------------------------------------------------------------------------------------------------

No report available as report_methodology has not been run prior. Run report_methodology on the current design for the summary of methodology violations.



check_timing report

Table of Contents
-----------------
1. checking no_clock (0)
2. checking constant_clock (0)
3. checking pulse_width_clock (0)
4. checking unconstrained_internal_endpoints (0)
5. checking no_input_delay (2259)
6. checking no_output_delay (1062)
7. checking multiple_clock (0)
8. checking generated_clocks (0)
9. checking loops (2)
10. checking partial_input_delay (0)
11. checking partial_output_delay (0)
12. checking latch_loops (0)

1. checking no_clock (0)
------------------------
 There are 0 register/latch pins with no clock.


2. checking constant_clock (0)
------------------------------
 There are 0 register/latch pins with constant_clock.


3. checking pulse_width_clock (0)
---------------------------------
 There are 0 register/latch pins which need pulse_width check


4. checking unconstrained_internal_endpoints (0)
------------------------------------------------
 There are 0 pins that are not constrained for maximum delay.

 There are 0 pins that are not constrained for maximum delay due to constant clock.


5. checking no_input_delay (2259)
---------------------------------
 There are 2259 input ports with no input delay specified. (HIGH)

 There are 0 input ports with no input delay but user has a false path constraint.


6. checking no_output_delay (1062)
----------------------------------
 There are 1062 ports with no output delay specified. (HIGH)

 There are 0 ports with no output delay but user has a false path constraint

 There are 0 ports with no output delay but with a timing clock defined on it or propagating through it


7. checking multiple_clock (0)
------------------------------
 There are 0 register/latch pins with multiple clocks.


8. checking generated_clocks (0)
--------------------------------
 There are 0 generated clocks that are not connected to a clock source.


9. checking loops (2)
---------------------
 There are 2 combinational loops in the design. (HIGH)


10. checking partial_input_delay (0)
------------------------------------
 There are 0 input ports with partial input delay specified.


11. checking partial_output_delay (0)
-------------------------------------
 There are 0 ports with partial output delay specified.


12. checking latch_loops (0)
----------------------------
 There are 0 combinational latch loops in the design through latch input



------------------------------------------------------------------------------------------------
| Design Timing Summary
| ---------------------
------------------------------------------------------------------------------------------------

    WNS(ns)      TNS(ns)  TNS Failing Endpoints  TNS Total Endpoints     WPWS(ns)     TPWS(ns)  TPWS Failing Endpoints  TPWS Total Endpoints  
    -------      -------  ---------------------  -------------------     --------     --------  ----------------------  --------------------  
     -6.071    -5466.500                   1024                34706        1.458        0.000                       0                 11985  


Timing constraints are not met.


------------------------------------------------------------------------------------------------
| Clock Summary
| -------------
------------------------------------------------------------------------------------------------

Clock     Waveform(ns)         Period(ns)      Frequency(MHz)
-----     ------------         ----------      --------------
core_clk  {0.000 2.000}        4.000           250.000         


------------------------------------------------------------------------------------------------
| Intra Clock Table
| -----------------
------------------------------------------------------------------------------------------------

Clock             WNS(ns)      TNS(ns)  TNS Failing Endpoints  TNS Total Endpoints     WPWS(ns)     TPWS(ns)  TPWS Failing Endpoints  TPWS Total Endpoints  
-----             -------      -------  ---------------------  -------------------     --------     --------  ----------------------  --------------------  
core_clk           -6.071    -5466.500                   1024                34706        1.458        0.000                       0                 11985  


------------------------------------------------------------------------------------------------
| Inter Clock Table
| -----------------
------------------------------------------------------------------------------------------------

From Clock    To Clock          WNS(ns)      TNS(ns)  TNS Failing Endpoints  TNS Total Endpoints  
----------    --------          -------      -------  ---------------------  -------------------  


------------------------------------------------------------------------------------------------
| Other Path Groups Table
| -----------------------
------------------------------------------------------------------------------------------------

Path Group    From Clock    To Clock          WNS(ns)      TNS(ns)  TNS Failing Endpoints  TNS Total Endpoints  
----------    ----------    --------          -------      -------  ---------------------  -------------------  


------------------------------------------------------------------------------------------------
| Timing Details
| --------------
------------------------------------------------------------------------------------------------


---------------------------------------------------------------------------------------------------
From Clock:  core_clk
  To Clock:  core_clk

Setup :         1024  Failing Endpoints,  Worst Slack       -6.071ns,  Total Violation    -5466.500ns
Hold  :           NA  Failing Endpoints,  Worst Slack           NA  ,  Total Violation           NA
PW    :            0  Failing Endpoints,  Worst Slack        1.458ns,  Total Violation        0.000ns
---------------------------------------------------------------------------------------------------


Max Delay Paths
--------------------------------------------------------------------------------------
Slack (VIOLATED) :        -6.071ns  (required time - arrival time)
  Source:                 partial_q2_reg[1][6][24]/C
                            (rising edge-triggered cell FDRE clocked by core_clk  {rise@0.000ns fall@2.000ns period=4.000ns})
  Destination:            sum_q3_reg[1][6][0]/D
                            (rising edge-triggered cell FDRE clocked by core_clk  {rise@0.000ns fall@2.000ns period=4.000ns})
  Path Group:             core_clk
  Path Type:              Setup (Max at Slow Process Corner)
  Requirement:            4.000ns  (core_clk rise@4.000ns - core_clk rise@0.000ns)
  Data Path Delay:        10.052ns  (logic 3.231ns (32.143%)  route 6.821ns (67.857%))
  Logic Levels:           46  (CARRY8=15 LUT1=1 LUT2=2 LUT3=3 LUT4=8 LUT5=8 LUT6=9)
  Clock Path Skew:        -0.009ns (DCD - SCD + CPR)
    Destination Clock Delay (DCD):    0.021ns = ( 4.021 - 4.000 ) 
    Source Clock Delay      (SCD):    0.030ns
    Clock Pessimism Removal (CPR):    0.000ns
  Clock Uncertainty:      0.035ns  ((TSJ^2 + TIJ^2)^1/2 + DJ) / 2 + PE
    Total System Jitter     (TSJ):    0.071ns
    Total Input Jitter      (TIJ):    0.000ns
    Discrete Jitter          (DJ):    0.000ns
    Phase Error              (PE):    0.000ns

    Location             Delay type                Incr(ns)  Path(ns)    Netlist Resource(s)
  -------------------------------------------------------------------    -------------------
                         (clock core_clk rise edge)
                                                      0.000     0.000 r  
                                                      0.000     0.000 r  clk (IN)
                         net (fo=11984, unset)        0.030     0.030    clk
                         FDRE                                         r  partial_q2_reg[1][6][24]/C
  -------------------------------------------------------------------    -------------------
                         FDRE (Prop_FDRE_C_Q)         0.077     0.107 r  partial_q2_reg[1][6][24]/Q
                         net (fo=15, unplaced)        0.134     0.241    partial_q2_reg_n_0_[1][6][24]
                         LUT4 (Prop_LUT4_I0_O)        0.100     0.341 r  sum_q3[1][6][31]_i_154/O
                         net (fo=1, unplaced)         0.185     0.526    sum_q3[1][6][31]_i_154_n_0
                         LUT4 (Prop_LUT4_I3_O)        0.038     0.564 f  sum_q3[1][6][31]_i_112/O
                         net (fo=6, unplaced)         0.207     0.771    sum_q3[1][6][31]_i_112_n_0
                         LUT2 (Prop_LUT2_I0_O)        0.038     0.809 f  sum_q3[1][6][31]_i_111/O
                         net (fo=5, unplaced)         0.203     1.012    sum_q3[1][6][31]_i_111_n_0
                         LUT4 (Prop_LUT4_I1_O)        0.066     1.078 f  sum_q3[1][6][31]_i_25/O
                         net (fo=1, unplaced)         0.163     1.241    sum_q3[1][6][31]_i_25_n_0
                         CARRY8 (Prop_CARRY8_DI[3]_CO[3])
                                                      0.130     1.371 f  sum_q3_reg[1][6][31]_i_13/CO[3]
                         net (fo=1, unplaced)         0.137     1.508    p_3358_in
                         LUT3 (Prop_LUT3_I1_O)        0.053     1.561 r  sum_q3[1][6][31]_i_5/O
                         net (fo=132, unplaced)       0.277     1.838    sum_q3[1][6][31]_i_5_n_0
                         LUT6 (Prop_LUT6_I2_O)        0.038     1.876 f  sum_q3[1][6][31]_i_178/O
                         net (fo=3, unplaced)         0.191     2.067    sum_q3[1][6][31]_i_178_n_0
                         LUT6 (Prop_LUT6_I0_O)        0.038     2.105 f  sum_q3[1][6][31]_i_166/O
                         net (fo=3, unplaced)         0.191     2.296    sum_q3[1][6][31]_i_166_n_0
                         LUT6 (Prop_LUT6_I2_O)        0.038     2.334 r  sum_q3[1][6][31]_i_230/O
                         net (fo=31, unplaced)        0.244     2.578    sum_q3[1][6][31]_i_230_n_0
                         LUT6 (Prop_LUT6_I5_O)        0.038     2.616 f  sum_q3[1][6][31]_i_216/O
                         net (fo=27, unplaced)        0.241     2.857    sum_q3[1][6][31]_i_216_n_0
                         LUT1 (Prop_LUT1_I0_O)        0.038     2.895 r  sum_q3[1][6][31]_i_220/O
                         net (fo=25, unplaced)        0.239     3.134    sum_q3[1][6][31]_i_220_n_0
                         CARRY8 (Prop_CARRY8_DI[2]_CO[7])
                                                      0.117     3.251 r  sum_q3_reg[1][6][31]_i_633/CO[7]
                         net (fo=1, unplaced)         0.005     3.256    sum_q3_reg[1][6][31]_i_633_n_0
                         CARRY8 (Prop_CARRY8_CI_CO[6])
                                                      0.092     3.348 r  sum_q3_reg[1][6][31]_i_444/CO[6]
                         net (fo=1, unplaced)         0.138     3.486    sum_q3_reg[1][6][31]_i_444_n_1
                         LUT6 (Prop_LUT6_I5_O)        0.038     3.524 r  sum_q3[1][6][31]_i_300/O
                         net (fo=1, unplaced)         0.137     3.661    sum_q3[1][6][31]_i_300_n_0
                         LUT5 (Prop_LUT5_I3_O)        0.053     3.714 r  sum_q3[1][6][31]_i_267/O
                         net (fo=1, unplaced)         0.185     3.899    sum_q3[1][6][31]_i_267_n_0
                         LUT5 (Prop_LUT5_I4_O)        0.038     3.937 r  sum_q3[1][6][31]_i_204/O
                         net (fo=1, unplaced)         0.185     4.122    sum_q3[1][6][31]_i_204_n_0
                         LUT6 (Prop_LUT6_I2_O)        0.038     4.160 r  sum_q3[1][6][31]_i_140/O
                         net (fo=1, unplaced)         0.185     4.345    sum_q3[1][6][31]_i_140_n_0
                         LUT5 (Prop_LUT5_I2_O)        0.038     4.383 r  sum_q3[1][6][31]_i_60/O
                         net (fo=1, unplaced)         0.020     4.403    sum_q3[1][6][31]_i_60_n_0
                         CARRY8 (Prop_CARRY8_S[0]_CO[7])
                                                      0.199     4.602 r  sum_q3_reg[1][6][31]_i_16/CO[7]
                         net (fo=1, unplaced)         0.005     4.607    sum_q3_reg[1][6][31]_i_16_n_0
                         CARRY8 (Prop_CARRY8_CI_CO[7])
                                                      0.022     4.629 r  sum_q3_reg[1][6][31]_i_17/CO[7]
                         net (fo=1, unplaced)         0.005     4.634    sum_q3_reg[1][6][31]_i_17_n_0
                         CARRY8 (Prop_CARRY8_CI_O[4])
                                                      0.086     4.720 r  sum_q3_reg[1][6][31]_i_19/O[4]
                         net (fo=6, unplaced)         0.205     4.925    sel0__0__1[19]
                         LUT4 (Prop_LUT4_I1_O)        0.090     5.015 f  sum_q3[1][6][31]_i_20/O
                         net (fo=2, unplaced)         0.185     5.200    sum_q3[1][6][31]_i_20_n_0
                         LUT5 (Prop_LUT5_I4_O)        0.038     5.238 f  sum_q3[1][6][31]_i_11/O
                         net (fo=4, unplaced)         0.197     5.435    sum_q3[1][6][31]_i_11_n_0
                         LUT5 (Prop_LUT5_I4_O)        0.038     5.473 r  sum_q3[1][6][30]_i_121/O
                         net (fo=3, unplaced)         0.146     5.619    sum_q3[1][6][30]_i_121_n_0
                         LUT6 (Prop_LUT6_I0_O)        0.090     5.709 r  sum_q3[1][6][30]_i_94/O
                         net (fo=5, unplaced)         0.203     5.912    sum_q3[1][6][30]_i_94_n_0
                         LUT5 (Prop_LUT5_I0_O)        0.038     5.950 r  sum_q3[1][6][30]_i_120/O
                         net (fo=2, unplaced)         0.185     6.135    sum_q3[1][6][30]_i_120_n_0
                         LUT3 (Prop_LUT3_I1_O)        0.068     6.203 r  sum_q3[1][6][30]_i_86/O
                         net (fo=1, unplaced)         0.242     6.445    sum_q3[1][6][30]_i_86_n_0
                         CARRY8 (Prop_CARRY8_DI[2]_CO[3])
                                                      0.134     6.579 r  sum_q3_reg[1][6][30]_i_55/CO[3]
                         net (fo=16, unplaced)        0.135     6.714    sum_q3_reg[1][6][30]_i_55_n_4
                         LUT4 (Prop_LUT4_I1_O)        0.038     6.752 f  sum_q3[1][6][30]_i_56/O
                         net (fo=35, unplaced)        0.202     6.954    sum_q3[1][6][30]_i_56_n_0
                         LUT4 (Prop_LUT4_I0_O)        0.090     7.044 r  sum_q3[1][6][7]_i_32/O
                         net (fo=1, unplaced)         0.141     7.185    sum_q3[1][6][7]_i_32_n_0
                         LUT6 (Prop_LUT6_I0_O)        0.100     7.285 r  sum_q3[1][6][7]_i_24/O
                         net (fo=1, unplaced)         0.185     7.470    sum_q3[1][6][7]_i_24_n_0
                         LUT6 (Prop_LUT6_I5_O)        0.038     7.508 r  sum_q3[1][6][7]_i_13/O
                         net (fo=1, unplaced)         0.020     7.528    sum_q3[1][6][7]_i_13_n_0
                         CARRY8 (Prop_CARRY8_S[0]_CO[7])
                                                      0.199     7.727 f  sum_q3_reg[1][6][7]_i_4/CO[7]
                         net (fo=1, unplaced)         0.005     7.732    sum_q3_reg[1][6][7]_i_4_n_0
                         CARRY8 (Prop_CARRY8_CI_CO[7])
                                                      0.022     7.754 f  sum_q3_reg[1][6][22]_i_8/CO[7]
                         net (fo=1, unplaced)         0.005     7.759    sum_q3_reg[1][6][22]_i_8_n_0
                         CARRY8 (Prop_CARRY8_CI_CO[7])
                                                      0.022     7.781 f  sum_q3_reg[1][6][22]_i_6/CO[7]
                         net (fo=1, unplaced)         0.005     7.786    sum_q3_reg[1][6][22]_i_6_n_0
                         CARRY8 (Prop_CARRY8_CI_CO[0])
                                                      0.052     7.838 f  sum_q3_reg[1][6][22]_i_7/CO[0]
                         net (fo=28, unplaced)        0.242     8.080    sum_q3_reg[1][6][22]_i_7_n_7
                         LUT4 (Prop_LUT4_I2_O)        0.038     8.118 r  sum_q3[1][6][30]_i_24/O
                         net (fo=2, unplaced)         0.185     8.303    sum_q3[1][6][30]_i_24_n_0
                         LUT5 (Prop_LUT5_I0_O)        0.037     8.340 r  sum_q3[1][6][30]_i_31/O
                         net (fo=1, unplaced)         0.023     8.363    sum_q3[1][6][30]_i_31_n_0
                         CARRY8 (Prop_CARRY8_S[1]_CO[7])
                                                      0.197     8.560 r  sum_q3_reg[1][6][30]_i_9/CO[7]
                         net (fo=1, unplaced)         0.005     8.565    sum_q3_reg[1][6][30]_i_9_n_0
                         CARRY8 (Prop_CARRY8_CI_CO[7])
                                                      0.022     8.587 r  sum_q3_reg[1][6][23]_i_13/CO[7]
                         net (fo=1, unplaced)         0.005     8.592    sum_q3_reg[1][6][23]_i_13_n_0
                         CARRY8 (Prop_CARRY8_CI_O[2])
                                                      0.067     8.659 f  sum_q3_reg[1][6][30]_i_84/O[2]
                         net (fo=3, unplaced)         0.142     8.801    sum_q3_reg[1][6][30]_i_84_n_13
                         LUT2 (Prop_LUT2_I0_O)        0.100     8.901 f  sum_q3[1][6][30]_i_40/O
                         net (fo=1, unplaced)         0.242     9.143    sum_q3[1][6][30]_i_40_n_0
                         CARRY8 (Prop_CARRY8_DI[0]_CO[6])
                                                      0.186     9.329 f  sum_q3_reg[1][6][30]_i_10/CO[6]
                         net (fo=9, unplaced)         0.169     9.498    sum_q3_reg[1][6][30]_i_10_n_1
                         LUT3 (Prop_LUT3_I0_O)        0.038     9.536 f  sum_q3[1][6][22]_i_3/O
                         net (fo=23, unplaced)        0.237     9.773    sum_q3[1][6][22]_i_3_n_0
                         LUT5 (Prop_LUT5_I3_O)        0.038     9.811 r  sum_q3[1][6][0]_i_2/O
                         net (fo=1, unplaced)         0.185     9.996    sum_q3[1][6][0]_i_2_n_0
                         LUT4 (Prop_LUT4_I1_O)        0.038    10.034 r  sum_q3[1][6][0]_i_1/O
                         net (fo=1, unplaced)         0.048    10.082    sum_q3[1][6][0]_i_1_n_0
                         FDRE                                         r  sum_q3_reg[1][6][0]/D
  -------------------------------------------------------------------    -------------------

                         (clock core_clk rise edge)
                                                      4.000     4.000 r  
                                                      0.000     4.000 r  clk (IN)
                         net (fo=11984, unset)        0.021     4.021    clk
                         FDRE                                         r  sum_q3_reg[1][6][0]/C
                         clock pessimism              0.000     4.021    
                         clock uncertainty           -0.035     3.986    
                         FDRE (Setup_FDRE_C_D)        0.025     4.011    sum_q3_reg[1][6][0]
  -------------------------------------------------------------------
                         required time                          4.011    
                         arrival time                         -10.082    
  -------------------------------------------------------------------
                         slack                                 -6.071    

Slack (VIOLATED) :        -6.071ns  (required time - arrival time)
  Source:                 partial_q2_reg[1][6][24]/C
                            (rising edge-triggered cell FDRE clocked by core_clk  {rise@0.000ns fall@2.000ns period=4.000ns})
  Destination:            sum_q3_reg[1][6][10]/D
                            (rising edge-triggered cell FDRE clocked by core_clk  {rise@0.000ns fall@2.000ns period=4.000ns})
  Path Group:             core_clk
  Path Type:              Setup (Max at Slow Process Corner)
  Requirement:            4.000ns  (core_clk rise@4.000ns - core_clk rise@0.000ns)
  Data Path Delay:        10.052ns  (logic 3.231ns (32.143%)  route 6.821ns (67.857%))
  Logic Levels:           46  (CARRY8=15 LUT1=1 LUT2=2 LUT3=3 LUT4=8 LUT5=8 LUT6=9)
  Clock Path Skew:        -0.009ns (DCD - SCD + CPR)
    Destination Clock Delay (DCD):    0.021ns = ( 4.021 - 4.000 ) 
    Source Clock Delay      (SCD):    0.030ns
    Clock Pessimism Removal (CPR):    0.000ns
  Clock Uncertainty:      0.035ns  ((TSJ^2 + TIJ^2)^1/2 + DJ) / 2 + PE
    Total System Jitter     (TSJ):    0.071ns
    Total Input Jitter      (TIJ):    0.000ns
    Discrete Jitter          (DJ):    0.000ns
    Phase Error              (PE):    0.000ns

    Location             Delay type                Incr(ns)  Path(ns)    Netlist Resource(s)
  -------------------------------------------------------------------    -------------------
                         (clock core_clk rise edge)
                                                      0.000     0.000 r  
                                                      0.000     0.000 r  clk (IN)
                         net (fo=11984, unset)        0.030     0.030    clk
                         FDRE                                         r  partial_q2_reg[1][6][24]/C
  -------------------------------------------------------------------    -------------------
                         FDRE (Prop_FDRE_C_Q)         0.077     0.107 r  partial_q2_reg[1][6][24]/Q
                         net (fo=15, unplaced)        0.134     0.241    partial_q2_reg_n_0_[1][6][24]
                         LUT4 (Prop_LUT4_I0_O)        0.100     0.341 r  sum_q3[1][6][31]_i_154/O
                         net (fo=1, unplaced)         0.185     0.526    sum_q3[1][6][31]_i_154_n_0
                         LUT4 (Prop_LUT4_I3_O)        0.038     0.564 f  sum_q3[1][6][31]_i_112/O
                         net (fo=6, unplaced)         0.207     0.771    sum_q3[1][6][31]_i_112_n_0
                         LUT2 (Prop_LUT2_I0_O)        0.038     0.809 f  sum_q3[1][6][31]_i_111/O
                         net (fo=5, unplaced)         0.203     1.012    sum_q3[1][6][31]_i_111_n_0
                         LUT4 (Prop_LUT4_I1_O)        0.066     1.078 f  sum_q3[1][6][31]_i_25/O
                         net (fo=1, unplaced)         0.163     1.241    sum_q3[1][6][31]_i_25_n_0
                         CARRY8 (Prop_CARRY8_DI[3]_CO[3])
                                                      0.130     1.371 f  sum_q3_reg[1][6][31]_i_13/CO[3]
                         net (fo=1, unplaced)         0.137     1.508    p_3358_in
                         LUT3 (Prop_LUT3_I1_O)        0.053     1.561 r  sum_q3[1][6][31]_i_5/O
                         net (fo=132, unplaced)       0.277     1.838    sum_q3[1][6][31]_i_5_n_0
                         LUT6 (Prop_LUT6_I2_O)        0.038     1.876 f  sum_q3[1][6][31]_i_178/O
                         net (fo=3, unplaced)         0.191     2.067    sum_q3[1][6][31]_i_178_n_0
                         LUT6 (Prop_LUT6_I0_O)        0.038     2.105 f  sum_q3[1][6][31]_i_166/O
                         net (fo=3, unplaced)         0.191     2.296    sum_q3[1][6][31]_i_166_n_0
                         LUT6 (Prop_LUT6_I2_O)        0.038     2.334 r  sum_q3[1][6][31]_i_230/O
                         net (fo=31, unplaced)        0.244     2.578    sum_q3[1][6][31]_i_230_n_0
                         LUT6 (Prop_LUT6_I5_O)        0.038     2.616 f  sum_q3[1][6][31]_i_216/O
                         net (fo=27, unplaced)        0.241     2.857    sum_q3[1][6][31]_i_216_n_0
                         LUT1 (Prop_LUT1_I0_O)        0.038     2.895 r  sum_q3[1][6][31]_i_220/O
                         net (fo=25, unplaced)        0.239     3.134    sum_q3[1][6][31]_i_220_n_0
                         CARRY8 (Prop_CARRY8_DI[2]_CO[7])
                                                      0.117     3.251 r  sum_q3_reg[1][6][31]_i_633/CO[7]
                         net (fo=1, unplaced)         0.005     3.256    sum_q3_reg[1][6][31]_i_633_n_0
                         CARRY8 (Prop_CARRY8_CI_CO[6])
                                                      0.092     3.348 r  sum_q3_reg[1][6][31]_i_444/CO[6]
                         net (fo=1, unplaced)         0.138     3.486    sum_q3_reg[1][6][31]_i_444_n_1
                         LUT6 (Prop_LUT6_I5_O)        0.038     3.524 r  sum_q3[1][6][31]_i_300/O
                         net (fo=1, unplaced)         0.137     3.661    sum_q3[1][6][31]_i_300_n_0
                         LUT5 (Prop_LUT5_I3_O)        0.053     3.714 r  sum_q3[1][6][31]_i_267/O
                         net (fo=1, unplaced)         0.185     3.899    sum_q3[1][6][31]_i_267_n_0
                         LUT5 (Prop_LUT5_I4_O)        0.038     3.937 r  sum_q3[1][6][31]_i_204/O
                         net (fo=1, unplaced)         0.185     4.122    sum_q3[1][6][31]_i_204_n_0
                         LUT6 (Prop_LUT6_I2_O)        0.038     4.160 r  sum_q3[1][6][31]_i_140/O
                         net (fo=1, unplaced)         0.185     4.345    sum_q3[1][6][31]_i_140_n_0
                         LUT5 (Prop_LUT5_I2_O)        0.038     4.383 r  sum_q3[1][6][31]_i_60/O
                         net (fo=1, unplaced)         0.020     4.403    sum_q3[1][6][31]_i_60_n_0
                         CARRY8 (Prop_CARRY8_S[0]_CO[7])
                                                      0.199     4.602 r  sum_q3_reg[1][6][31]_i_16/CO[7]
                         net (fo=1, unplaced)         0.005     4.607    sum_q3_reg[1][6][31]_i_16_n_0
                         CARRY8 (Prop_CARRY8_CI_CO[7])
                                                      0.022     4.629 r  sum_q3_reg[1][6][31]_i_17/CO[7]
                         net (fo=1, unplaced)         0.005     4.634    sum_q3_reg[1][6][31]_i_17_n_0
                         CARRY8 (Prop_CARRY8_CI_O[4])
                                                      0.086     4.720 r  sum_q3_reg[1][6][31]_i_19/O[4]
                         net (fo=6, unplaced)         0.205     4.925    sel0__0__1[19]
                         LUT4 (Prop_LUT4_I1_O)        0.090     5.015 f  sum_q3[1][6][31]_i_20/O
                         net (fo=2, unplaced)         0.185     5.200    sum_q3[1][6][31]_i_20_n_0
                         LUT5 (Prop_LUT5_I4_O)        0.038     5.238 f  sum_q3[1][6][31]_i_11/O
                         net (fo=4, unplaced)         0.197     5.435    sum_q3[1][6][31]_i_11_n_0
                         LUT5 (Prop_LUT5_I4_O)        0.038     5.473 r  sum_q3[1][6][30]_i_121/O
                         net (fo=3, unplaced)         0.146     5.619    sum_q3[1][6][30]_i_121_n_0
                         LUT6 (Prop_LUT6_I0_O)        0.090     5.709 r  sum_q3[1][6][30]_i_94/O
                         net (fo=5, unplaced)         0.203     5.912    sum_q3[1][6][30]_i_94_n_0
                         LUT5 (Prop_LUT5_I0_O)        0.038     5.950 r  sum_q3[1][6][30]_i_120/O
                         net (fo=2, unplaced)         0.185     6.135    sum_q3[1][6][30]_i_120_n_0
                         LUT3 (Prop_LUT3_I1_O)        0.068     6.203 r  sum_q3[1][6][30]_i_86/O
                         net (fo=1, unplaced)         0.242     6.445    sum_q3[1][6][30]_i_86_n_0
                         CARRY8 (Prop_CARRY8_DI[2]_CO[3])
                                                      0.134     6.579 r  sum_q3_reg[1][6][30]_i_55/CO[3]
                         net (fo=16, unplaced)        0.135     6.714    sum_q3_reg[1][6][30]_i_55_n_4
                         LUT4 (Prop_LUT4_I1_O)        0.038     6.752 f  sum_q3[1][6][30]_i_56/O
                         net (fo=35, unplaced)        0.202     6.954    sum_q3[1][6][30]_i_56_n_0
                         LUT4 (Prop_LUT4_I0_O)        0.090     7.044 r  sum_q3[1][6][7]_i_32/O
                         net (fo=1, unplaced)         0.141     7.185    sum_q3[1][6][7]_i_32_n_0
                         LUT6 (Prop_LUT6_I0_O)        0.100     7.285 r  sum_q3[1][6][7]_i_24/O
                         net (fo=1, unplaced)         0.185     7.470    sum_q3[1][6][7]_i_24_n_0
                         LUT6 (Prop_LUT6_I5_O)        0.038     7.508 r  sum_q3[1][6][7]_i_13/O
                         net (fo=1, unplaced)         0.020     7.528    sum_q3[1][6][7]_i_13_n_0
                         CARRY8 (Prop_CARRY8_S[0]_CO[7])
                                                      0.199     7.727 f  sum_q3_reg[1][6][7]_i_4/CO[7]
                         net (fo=1, unplaced)         0.005     7.732    sum_q3_reg[1][6][7]_i_4_n_0
                         CARRY8 (Prop_CARRY8_CI_CO[7])
                                                      0.022     7.754 f  sum_q3_reg[1][6][22]_i_8/CO[7]
                         net (fo=1, unplaced)         0.005     7.759    sum_q3_reg[1][6][22]_i_8_n_0
                         CARRY8 (Prop_CARRY8_CI_CO[7])
                                                      0.022     7.781 f  sum_q3_reg[1][6][22]_i_6/CO[7]
                         net (fo=1, unplaced)         0.005     7.786    sum_q3_reg[1][6][22]_i_6_n_0
                         CARRY8 (Prop_CARRY8_CI_CO[0])
                                                      0.052     7.838 f  sum_q3_reg[1][6][22]_i_7/CO[0]
                         net (fo=28, unplaced)        0.242     8.080    sum_q3_reg[1][6][22]_i_7_n_7
                         LUT4 (Prop_LUT4_I2_O)        0.038     8.118 r  sum_q3[1][6][30]_i_24/O
                         net (fo=2, unplaced)         0.185     8.303    sum_q3[1][6][30]_i_24_n_0
                         LUT5 (Prop_LUT5_I0_O)        0.037     8.340 r  sum_q3[1][6][30]_i_31/O
                         net (fo=1, unplaced)         0.023     8.363    sum_q3[1][6][30]_i_31_n_0
                         CARRY8 (Prop_CARRY8_S[1]_CO[7])
                                                      0.197     8.560 r  sum_q3_reg[1][6][30]_i_9/CO[7]
                         net (fo=1, unplaced)         0.005     8.565    sum_q3_reg[1][6][30]_i_9_n_0
                         CARRY8 (Prop_CARRY8_CI_CO[7])
                                                      0.022     8.587 r  sum_q3_reg[1][6][23]_i_13/CO[7]
                         net (fo=1, unplaced)         0.005     8.592    sum_q3_reg[1][6][23]_i_13_n_0
                         CARRY8 (Prop_CARRY8_CI_O[2])
                                                      0.067     8.659 f  sum_q3_reg[1][6][30]_i_84/O[2]
                         net (fo=3, unplaced)         0.142     8.801    sum_q3_reg[1][6][30]_i_84_n_13
                         LUT2 (Prop_LUT2_I0_O)        0.100     8.901 f  sum_q3[1][6][30]_i_40/O
                         net (fo=1, unplaced)         0.242     9.143    sum_q3[1][6][30]_i_40_n_0
                         CARRY8 (Prop_CARRY8_DI[0]_CO[6])
                                                      0.186     9.329 f  sum_q3_reg[1][6][30]_i_10/CO[6]
                         net (fo=9, unplaced)         0.169     9.498    sum_q3_reg[1][6][30]_i_10_n_1
                         LUT3 (Prop_LUT3_I0_O)        0.038     9.536 f  sum_q3[1][6][22]_i_3/O
                         net (fo=23, unplaced)        0.237     9.773    sum_q3[1][6][22]_i_3_n_0
                         LUT5 (Prop_LUT5_I3_O)        0.038     9.811 r  sum_q3[1][6][10]_i_2/O
                         net (fo=1, unplaced)         0.185     9.996    sum_q3[1][6][10]_i_2_n_0
                         LUT4 (Prop_LUT4_I1_O)        0.038    10.034 r  sum_q3[1][6][10]_i_1/O
                         net (fo=1, unplaced)         0.048    10.082    sum_q3[1][6][10]_i_1_n_0
                         FDRE                                         r  sum_q3_reg[1][6][10]/D
  -------------------------------------------------------------------    -------------------

                         (clock core_clk rise edge)
                                                      4.000     4.000 r  
                                                      0.000     4.000 r  clk (IN)
                         net (fo=11984, unset)        0.021     4.021    clk
                         FDRE                                         r  sum_q3_reg[1][6][10]/C
                         clock pessimism              0.000     4.021    
                         clock uncertainty           -0.035     3.986    
                         FDRE (Setup_FDRE_C_D)        0.025     4.011    sum_q3_reg[1][6][10]
  -------------------------------------------------------------------
                         required time                          4.011    
                         arrival time                         -10.082    
  -------------------------------------------------------------------
                         slack                                 -6.071    

Slack (VIOLATED) :        -6.071ns  (required time - arrival time)
  Source:                 partial_q2_reg[1][6][24]/C
                            (rising edge-triggered cell FDRE clocked by core_clk  {rise@0.000ns fall@2.000ns period=4.000ns})
  Destination:            sum_q3_reg[1][6][11]/D
                            (rising edge-triggered cell FDRE clocked by core_clk  {rise@0.000ns fall@2.000ns period=4.000ns})
  Path Group:             core_clk
  Path Type:              Setup (Max at Slow Process Corner)
  Requirement:            4.000ns  (core_clk rise@4.000ns - core_clk rise@0.000ns)
  Data Path Delay:        10.052ns  (logic 3.231ns (32.143%)  route 6.821ns (67.857%))
  Logic Levels:           46  (CARRY8=15 LUT1=1 LUT2=2 LUT3=3 LUT4=8 LUT5=8 LUT6=9)
  Clock Path Skew:        -0.009ns (DCD - SCD + CPR)
    Destination Clock Delay (DCD):    0.021ns = ( 4.021 - 4.000 ) 
    Source Clock Delay      (SCD):    0.030ns
    Clock Pessimism Removal (CPR):    0.000ns
  Clock Uncertainty:      0.035ns  ((TSJ^2 + TIJ^2)^1/2 + DJ) / 2 + PE
    Total System Jitter     (TSJ):    0.071ns
    Total Input Jitter      (TIJ):    0.000ns
    Discrete Jitter          (DJ):    0.000ns
    Phase Error              (PE):    0.000ns

    Location             Delay type                Incr(ns)  Path(ns)    Netlist Resource(s)
  -------------------------------------------------------------------    -------------------
                         (clock core_clk rise edge)
                                                      0.000     0.000 r  
                                                      0.000     0.000 r  clk (IN)
                         net (fo=11984, unset)        0.030     0.030    clk
                         FDRE                                         r  partial_q2_reg[1][6][24]/C
  -------------------------------------------------------------------    -------------------
                         FDRE (Prop_FDRE_C_Q)         0.077     0.107 r  partial_q2_reg[1][6][24]/Q
                         net (fo=15, unplaced)        0.134     0.241    partial_q2_reg_n_0_[1][6][24]
                         LUT4 (Prop_LUT4_I0_O)        0.100     0.341 r  sum_q3[1][6][31]_i_154/O
                         net (fo=1, unplaced)         0.185     0.526    sum_q3[1][6][31]_i_154_n_0
                         LUT4 (Prop_LUT4_I3_O)        0.038     0.564 f  sum_q3[1][6][31]_i_112/O
                         net (fo=6, unplaced)         0.207     0.771    sum_q3[1][6][31]_i_112_n_0
                         LUT2 (Prop_LUT2_I0_O)        0.038     0.809 f  sum_q3[1][6][31]_i_111/O
                         net (fo=5, unplaced)         0.203     1.012    sum_q3[1][6][31]_i_111_n_0
                         LUT4 (Prop_LUT4_I1_O)        0.066     1.078 f  sum_q3[1][6][31]_i_25/O
                         net (fo=1, unplaced)         0.163     1.241    sum_q3[1][6][31]_i_25_n_0
                         CARRY8 (Prop_CARRY8_DI[3]_CO[3])
                                                      0.130     1.371 f  sum_q3_reg[1][6][31]_i_13/CO[3]
                         net (fo=1, unplaced)         0.137     1.508    p_3358_in
                         LUT3 (Prop_LUT3_I1_O)        0.053     1.561 r  sum_q3[1][6][31]_i_5/O
                         net (fo=132, unplaced)       0.277     1.838    sum_q3[1][6][31]_i_5_n_0
                         LUT6 (Prop_LUT6_I2_O)        0.038     1.876 f  sum_q3[1][6][31]_i_178/O
                         net (fo=3, unplaced)         0.191     2.067    sum_q3[1][6][31]_i_178_n_0
                         LUT6 (Prop_LUT6_I0_O)        0.038     2.105 f  sum_q3[1][6][31]_i_166/O
                         net (fo=3, unplaced)         0.191     2.296    sum_q3[1][6][31]_i_166_n_0
                         LUT6 (Prop_LUT6_I2_O)        0.038     2.334 r  sum_q3[1][6][31]_i_230/O
                         net (fo=31, unplaced)        0.244     2.578    sum_q3[1][6][31]_i_230_n_0
                         LUT6 (Prop_LUT6_I5_O)        0.038     2.616 f  sum_q3[1][6][31]_i_216/O
                         net (fo=27, unplaced)        0.241     2.857    sum_q3[1][6][31]_i_216_n_0
                         LUT1 (Prop_LUT1_I0_O)        0.038     2.895 r  sum_q3[1][6][31]_i_220/O
                         net (fo=25, unplaced)        0.239     3.134    sum_q3[1][6][31]_i_220_n_0
                         CARRY8 (Prop_CARRY8_DI[2]_CO[7])
                                                      0.117     3.251 r  sum_q3_reg[1][6][31]_i_633/CO[7]
                         net (fo=1, unplaced)         0.005     3.256    sum_q3_reg[1][6][31]_i_633_n_0
                         CARRY8 (Prop_CARRY8_CI_CO[6])
                                                      0.092     3.348 r  sum_q3_reg[1][6][31]_i_444/CO[6]
                         net (fo=1, unplaced)         0.138     3.486    sum_q3_reg[1][6][31]_i_444_n_1
                         LUT6 (Prop_LUT6_I5_O)        0.038     3.524 r  sum_q3[1][6][31]_i_300/O
                         net (fo=1, unplaced)         0.137     3.661    sum_q3[1][6][31]_i_300_n_0
                         LUT5 (Prop_LUT5_I3_O)        0.053     3.714 r  sum_q3[1][6][31]_i_267/O
                         net (fo=1, unplaced)         0.185     3.899    sum_q3[1][6][31]_i_267_n_0
                         LUT5 (Prop_LUT5_I4_O)        0.038     3.937 r  sum_q3[1][6][31]_i_204/O
                         net (fo=1, unplaced)         0.185     4.122    sum_q3[1][6][31]_i_204_n_0
                         LUT6 (Prop_LUT6_I2_O)        0.038     4.160 r  sum_q3[1][6][31]_i_140/O
                         net (fo=1, unplaced)         0.185     4.345    sum_q3[1][6][31]_i_140_n_0
                         LUT5 (Prop_LUT5_I2_O)        0.038     4.383 r  sum_q3[1][6][31]_i_60/O
                         net (fo=1, unplaced)         0.020     4.403    sum_q3[1][6][31]_i_60_n_0
                         CARRY8 (Prop_CARRY8_S[0]_CO[7])
                                                      0.199     4.602 r  sum_q3_reg[1][6][31]_i_16/CO[7]
                         net (fo=1, unplaced)         0.005     4.607    sum_q3_reg[1][6][31]_i_16_n_0
                         CARRY8 (Prop_CARRY8_CI_CO[7])
                                                      0.022     4.629 r  sum_q3_reg[1][6][31]_i_17/CO[7]
                         net (fo=1, unplaced)         0.005     4.634    sum_q3_reg[1][6][31]_i_17_n_0
                         CARRY8 (Prop_CARRY8_CI_O[4])
                                                      0.086     4.720 r  sum_q3_reg[1][6][31]_i_19/O[4]
                         net (fo=6, unplaced)         0.205     4.925    sel0__0__1[19]
                         LUT4 (Prop_LUT4_I1_O)        0.090     5.015 f  sum_q3[1][6][31]_i_20/O
                         net (fo=2, unplaced)         0.185     5.200    sum_q3[1][6][31]_i_20_n_0
                         LUT5 (Prop_LUT5_I4_O)        0.038     5.238 f  sum_q3[1][6][31]_i_11/O
                         net (fo=4, unplaced)         0.197     5.435    sum_q3[1][6][31]_i_11_n_0
                         LUT5 (Prop_LUT5_I4_O)        0.038     5.473 r  sum_q3[1][6][30]_i_121/O
                         net (fo=3, unplaced)         0.146     5.619    sum_q3[1][6][30]_i_121_n_0
                         LUT6 (Prop_LUT6_I0_O)        0.090     5.709 r  sum_q3[1][6][30]_i_94/O
                         net (fo=5, unplaced)         0.203     5.912    sum_q3[1][6][30]_i_94_n_0
                         LUT5 (Prop_LUT5_I0_O)        0.038     5.950 r  sum_q3[1][6][30]_i_120/O
                         net (fo=2, unplaced)         0.185     6.135    sum_q3[1][6][30]_i_120_n_0
                         LUT3 (Prop_LUT3_I1_O)        0.068     6.203 r  sum_q3[1][6][30]_i_86/O
                         net (fo=1, unplaced)         0.242     6.445    sum_q3[1][6][30]_i_86_n_0
                         CARRY8 (Prop_CARRY8_DI[2]_CO[3])
                                                      0.134     6.579 r  sum_q3_reg[1][6][30]_i_55/CO[3]
                         net (fo=16, unplaced)        0.135     6.714    sum_q3_reg[1][6][30]_i_55_n_4
                         LUT4 (Prop_LUT4_I1_O)        0.038     6.752 f  sum_q3[1][6][30]_i_56/O
                         net (fo=35, unplaced)        0.202     6.954    sum_q3[1][6][30]_i_56_n_0
                         LUT4 (Prop_LUT4_I0_O)        0.090     7.044 r  sum_q3[1][6][7]_i_32/O
                         net (fo=1, unplaced)         0.141     7.185    sum_q3[1][6][7]_i_32_n_0
                         LUT6 (Prop_LUT6_I0_O)        0.100     7.285 r  sum_q3[1][6][7]_i_24/O
                         net (fo=1, unplaced)         0.185     7.470    sum_q3[1][6][7]_i_24_n_0
                         LUT6 (Prop_LUT6_I5_O)        0.038     7.508 r  sum_q3[1][6][7]_i_13/O
                         net (fo=1, unplaced)         0.020     7.528    sum_q3[1][6][7]_i_13_n_0
                         CARRY8 (Prop_CARRY8_S[0]_CO[7])
                                                      0.199     7.727 f  sum_q3_reg[1][6][7]_i_4/CO[7]
                         net (fo=1, unplaced)         0.005     7.732    sum_q3_reg[1][6][7]_i_4_n_0
                         CARRY8 (Prop_CARRY8_CI_CO[7])
                                                      0.022     7.754 f  sum_q3_reg[1][6][22]_i_8/CO[7]
                         net (fo=1, unplaced)         0.005     7.759    sum_q3_reg[1][6][22]_i_8_n_0
                         CARRY8 (Prop_CARRY8_CI_CO[7])
                                                      0.022     7.781 f  sum_q3_reg[1][6][22]_i_6/CO[7]
                         net (fo=1, unplaced)         0.005     7.786    sum_q3_reg[1][6][22]_i_6_n_0
                         CARRY8 (Prop_CARRY8_CI_CO[0])
                                                      0.052     7.838 f  sum_q3_reg[1][6][22]_i_7/CO[0]
                         net (fo=28, unplaced)        0.242     8.080    sum_q3_reg[1][6][22]_i_7_n_7
                         LUT4 (Prop_LUT4_I2_O)        0.038     8.118 r  sum_q3[1][6][30]_i_24/O
                         net (fo=2, unplaced)         0.185     8.303    sum_q3[1][6][30]_i_24_n_0
                         LUT5 (Prop_LUT5_I0_O)        0.037     8.340 r  sum_q3[1][6][30]_i_31/O
                         net (fo=1, unplaced)         0.023     8.363    sum_q3[1][6][30]_i_31_n_0
                         CARRY8 (Prop_CARRY8_S[1]_CO[7])
                                                      0.197     8.560 r  sum_q3_reg[1][6][30]_i_9/CO[7]
                         net (fo=1, unplaced)         0.005     8.565    sum_q3_reg[1][6][30]_i_9_n_0
                         CARRY8 (Prop_CARRY8_CI_CO[7])
                                                      0.022     8.587 r  sum_q3_reg[1][6][23]_i_13/CO[7]
                         net (fo=1, unplaced)         0.005     8.592    sum_q3_reg[1][6][23]_i_13_n_0
                         CARRY8 (Prop_CARRY8_CI_O[2])
                                                      0.067     8.659 f  sum_q3_reg[1][6][30]_i_84/O[2]
                         net (fo=3, unplaced)         0.142     8.801    sum_q3_reg[1][6][30]_i_84_n_13
                         LUT2 (Prop_LUT2_I0_O)        0.100     8.901 f  sum_q3[1][6][30]_i_40/O
                         net (fo=1, unplaced)         0.242     9.143    sum_q3[1][6][30]_i_40_n_0
                         CARRY8 (Prop_CARRY8_DI[0]_CO[6])
                                                      0.186     9.329 f  sum_q3_reg[1][6][30]_i_10/CO[6]
                         net (fo=9, unplaced)         0.169     9.498    sum_q3_reg[1][6][30]_i_10_n_1
                         LUT3 (Prop_LUT3_I0_O)        0.038     9.536 f  sum_q3[1][6][22]_i_3/O
                         net (fo=23, unplaced)        0.237     9.773    sum_q3[1][6][22]_i_3_n_0
                         LUT5 (Prop_LUT5_I3_O)        0.038     9.811 r  sum_q3[1][6][11]_i_2/O
                         net (fo=1, unplaced)         0.185     9.996    sum_q3[1][6][11]_i_2_n_0
                         LUT4 (Prop_LUT4_I1_O)        0.038    10.034 r  sum_q3[1][6][11]_i_1/O
                         net (fo=1, unplaced)         0.048    10.082    sum_q3[1][6][11]_i_1_n_0
                         FDRE                                         r  sum_q3_reg[1][6][11]/D
  -------------------------------------------------------------------    -------------------

                         (clock core_clk rise edge)
                                                      4.000     4.000 r  
                                                      0.000     4.000 r  clk (IN)
                         net (fo=11984, unset)        0.021     4.021    clk
                         FDRE                                         r  sum_q3_reg[1][6][11]/C
                         clock pessimism              0.000     4.021    
                         clock uncertainty           -0.035     3.986    
                         FDRE (Setup_FDRE_C_D)        0.025     4.011    sum_q3_reg[1][6][11]
  -------------------------------------------------------------------
                         required time                          4.011    
                         arrival time                         -10.082    
  -------------------------------------------------------------------
                         slack                                 -6.071    

Slack (VIOLATED) :        -6.071ns  (required time - arrival time)
  Source:                 partial_q2_reg[1][6][24]/C
                            (rising edge-triggered cell FDRE clocked by core_clk  {rise@0.000ns fall@2.000ns period=4.000ns})
  Destination:            sum_q3_reg[1][6][12]/D
                            (rising edge-triggered cell FDRE clocked by core_clk  {rise@0.000ns fall@2.000ns period=4.000ns})
  Path Group:             core_clk
  Path Type:              Setup (Max at Slow Process Corner)
  Requirement:            4.000ns  (core_clk rise@4.000ns - core_clk rise@0.000ns)
  Data Path Delay:        10.052ns  (logic 3.231ns (32.143%)  route 6.821ns (67.857%))
  Logic Levels:           46  (CARRY8=15 LUT1=1 LUT2=2 LUT3=3 LUT4=8 LUT5=8 LUT6=9)
  Clock Path Skew:        -0.009ns (DCD - SCD + CPR)
    Destination Clock Delay (DCD):    0.021ns = ( 4.021 - 4.000 ) 
    Source Clock Delay      (SCD):    0.030ns
    Clock Pessimism Removal (CPR):    0.000ns
  Clock Uncertainty:      0.035ns  ((TSJ^2 + TIJ^2)^1/2 + DJ) / 2 + PE
    Total System Jitter     (TSJ):    0.071ns
    Total Input Jitter      (TIJ):    0.000ns
    Discrete Jitter          (DJ):    0.000ns
    Phase Error              (PE):    0.000ns

    Location             Delay type                Incr(ns)  Path(ns)    Netlist Resource(s)
  -------------------------------------------------------------------    -------------------
                         (clock core_clk rise edge)
                                                      0.000     0.000 r  
                                                      0.000     0.000 r  clk (IN)
                         net (fo=11984, unset)        0.030     0.030    clk
                         FDRE                                         r  partial_q2_reg[1][6][24]/C
  -------------------------------------------------------------------    -------------------
                         FDRE (Prop_FDRE_C_Q)         0.077     0.107 r  partial_q2_reg[1][6][24]/Q
                         net (fo=15, unplaced)        0.134     0.241    partial_q2_reg_n_0_[1][6][24]
                         LUT4 (Prop_LUT4_I0_O)        0.100     0.341 r  sum_q3[1][6][31]_i_154/O
                         net (fo=1, unplaced)         0.185     0.526    sum_q3[1][6][31]_i_154_n_0
                         LUT4 (Prop_LUT4_I3_O)        0.038     0.564 f  sum_q3[1][6][31]_i_112/O
                         net (fo=6, unplaced)         0.207     0.771    sum_q3[1][6][31]_i_112_n_0
                         LUT2 (Prop_LUT2_I0_O)        0.038     0.809 f  sum_q3[1][6][31]_i_111/O
                         net (fo=5, unplaced)         0.203     1.012    sum_q3[1][6][31]_i_111_n_0
                         LUT4 (Prop_LUT4_I1_O)        0.066     1.078 f  sum_q3[1][6][31]_i_25/O
                         net (fo=1, unplaced)         0.163     1.241    sum_q3[1][6][31]_i_25_n_0
                         CARRY8 (Prop_CARRY8_DI[3]_CO[3])
                                                      0.130     1.371 f  sum_q3_reg[1][6][31]_i_13/CO[3]
                         net (fo=1, unplaced)         0.137     1.508    p_3358_in
                         LUT3 (Prop_LUT3_I1_O)        0.053     1.561 r  sum_q3[1][6][31]_i_5/O
                         net (fo=132, unplaced)       0.277     1.838    sum_q3[1][6][31]_i_5_n_0
                         LUT6 (Prop_LUT6_I2_O)        0.038     1.876 f  sum_q3[1][6][31]_i_178/O
                         net (fo=3, unplaced)         0.191     2.067    sum_q3[1][6][31]_i_178_n_0
                         LUT6 (Prop_LUT6_I0_O)        0.038     2.105 f  sum_q3[1][6][31]_i_166/O
                         net (fo=3, unplaced)         0.191     2.296    sum_q3[1][6][31]_i_166_n_0
                         LUT6 (Prop_LUT6_I2_O)        0.038     2.334 r  sum_q3[1][6][31]_i_230/O
                         net (fo=31, unplaced)        0.244     2.578    sum_q3[1][6][31]_i_230_n_0
                         LUT6 (Prop_LUT6_I5_O)        0.038     2.616 f  sum_q3[1][6][31]_i_216/O
                         net (fo=27, unplaced)        0.241     2.857    sum_q3[1][6][31]_i_216_n_0
                         LUT1 (Prop_LUT1_I0_O)        0.038     2.895 r  sum_q3[1][6][31]_i_220/O
                         net (fo=25, unplaced)        0.239     3.134    sum_q3[1][6][31]_i_220_n_0
                         CARRY8 (Prop_CARRY8_DI[2]_CO[7])
                                                      0.117     3.251 r  sum_q3_reg[1][6][31]_i_633/CO[7]
                         net (fo=1, unplaced)         0.005     3.256    sum_q3_reg[1][6][31]_i_633_n_0
                         CARRY8 (Prop_CARRY8_CI_CO[6])
                                                      0.092     3.348 r  sum_q3_reg[1][6][31]_i_444/CO[6]
                         net (fo=1, unplaced)         0.138     3.486    sum_q3_reg[1][6][31]_i_444_n_1
                         LUT6 (Prop_LUT6_I5_O)        0.038     3.524 r  sum_q3[1][6][31]_i_300/O
                         net (fo=1, unplaced)         0.137     3.661    sum_q3[1][6][31]_i_300_n_0
                         LUT5 (Prop_LUT5_I3_O)        0.053     3.714 r  sum_q3[1][6][31]_i_267/O
                         net (fo=1, unplaced)         0.185     3.899    sum_q3[1][6][31]_i_267_n_0
                         LUT5 (Prop_LUT5_I4_O)        0.038     3.937 r  sum_q3[1][6][31]_i_204/O
                         net (fo=1, unplaced)         0.185     4.122    sum_q3[1][6][31]_i_204_n_0
                         LUT6 (Prop_LUT6_I2_O)        0.038     4.160 r  sum_q3[1][6][31]_i_140/O
                         net (fo=1, unplaced)         0.185     4.345    sum_q3[1][6][31]_i_140_n_0
                         LUT5 (Prop_LUT5_I2_O)        0.038     4.383 r  sum_q3[1][6][31]_i_60/O
                         net (fo=1, unplaced)         0.020     4.403    sum_q3[1][6][31]_i_60_n_0
                         CARRY8 (Prop_CARRY8_S[0]_CO[7])
                                                      0.199     4.602 r  sum_q3_reg[1][6][31]_i_16/CO[7]
                         net (fo=1, unplaced)         0.005     4.607    sum_q3_reg[1][6][31]_i_16_n_0
                         CARRY8 (Prop_CARRY8_CI_CO[7])
                                                      0.022     4.629 r  sum_q3_reg[1][6][31]_i_17/CO[7]
                         net (fo=1, unplaced)         0.005     4.634    sum_q3_reg[1][6][31]_i_17_n_0
                         CARRY8 (Prop_CARRY8_CI_O[4])
                                                      0.086     4.720 r  sum_q3_reg[1][6][31]_i_19/O[4]
                         net (fo=6, unplaced)         0.205     4.925    sel0__0__1[19]
                         LUT4 (Prop_LUT4_I1_O)        0.090     5.015 f  sum_q3[1][6][31]_i_20/O
                         net (fo=2, unplaced)         0.185     5.200    sum_q3[1][6][31]_i_20_n_0
                         LUT5 (Prop_LUT5_I4_O)        0.038     5.238 f  sum_q3[1][6][31]_i_11/O
                         net (fo=4, unplaced)         0.197     5.435    sum_q3[1][6][31]_i_11_n_0
                         LUT5 (Prop_LUT5_I4_O)        0.038     5.473 r  sum_q3[1][6][30]_i_121/O
                         net (fo=3, unplaced)         0.146     5.619    sum_q3[1][6][30]_i_121_n_0
                         LUT6 (Prop_LUT6_I0_O)        0.090     5.709 r  sum_q3[1][6][30]_i_94/O
                         net (fo=5, unplaced)         0.203     5.912    sum_q3[1][6][30]_i_94_n_0
                         LUT5 (Prop_LUT5_I0_O)        0.038     5.950 r  sum_q3[1][6][30]_i_120/O
                         net (fo=2, unplaced)         0.185     6.135    sum_q3[1][6][30]_i_120_n_0
                         LUT3 (Prop_LUT3_I1_O)        0.068     6.203 r  sum_q3[1][6][30]_i_86/O
                         net (fo=1, unplaced)         0.242     6.445    sum_q3[1][6][30]_i_86_n_0
                         CARRY8 (Prop_CARRY8_DI[2]_CO[3])
                                                      0.134     6.579 r  sum_q3_reg[1][6][30]_i_55/CO[3]
                         net (fo=16, unplaced)        0.135     6.714    sum_q3_reg[1][6][30]_i_55_n_4
                         LUT4 (Prop_LUT4_I1_O)        0.038     6.752 f  sum_q3[1][6][30]_i_56/O
                         net (fo=35, unplaced)        0.202     6.954    sum_q3[1][6][30]_i_56_n_0
                         LUT4 (Prop_LUT4_I0_O)        0.090     7.044 r  sum_q3[1][6][7]_i_32/O
                         net (fo=1, unplaced)         0.141     7.185    sum_q3[1][6][7]_i_32_n_0
                         LUT6 (Prop_LUT6_I0_O)        0.100     7.285 r  sum_q3[1][6][7]_i_24/O
                         net (fo=1, unplaced)         0.185     7.470    sum_q3[1][6][7]_i_24_n_0
                         LUT6 (Prop_LUT6_I5_O)        0.038     7.508 r  sum_q3[1][6][7]_i_13/O
                         net (fo=1, unplaced)         0.020     7.528    sum_q3[1][6][7]_i_13_n_0
                         CARRY8 (Prop_CARRY8_S[0]_CO[7])
                                                      0.199     7.727 f  sum_q3_reg[1][6][7]_i_4/CO[7]
                         net (fo=1, unplaced)         0.005     7.732    sum_q3_reg[1][6][7]_i_4_n_0
                         CARRY8 (Prop_CARRY8_CI_CO[7])
                                                      0.022     7.754 f  sum_q3_reg[1][6][22]_i_8/CO[7]
                         net (fo=1, unplaced)         0.005     7.759    sum_q3_reg[1][6][22]_i_8_n_0
                         CARRY8 (Prop_CARRY8_CI_CO[7])
                                                      0.022     7.781 f  sum_q3_reg[1][6][22]_i_6/CO[7]
                         net (fo=1, unplaced)         0.005     7.786    sum_q3_reg[1][6][22]_i_6_n_0
                         CARRY8 (Prop_CARRY8_CI_CO[0])
                                                      0.052     7.838 f  sum_q3_reg[1][6][22]_i_7/CO[0]
                         net (fo=28, unplaced)        0.242     8.080    sum_q3_reg[1][6][22]_i_7_n_7
                         LUT4 (Prop_LUT4_I2_O)        0.038     8.118 r  sum_q3[1][6][30]_i_24/O
                         net (fo=2, unplaced)         0.185     8.303    sum_q3[1][6][30]_i_24_n_0
                         LUT5 (Prop_LUT5_I0_O)        0.037     8.340 r  sum_q3[1][6][30]_i_31/O
                         net (fo=1, unplaced)         0.023     8.363    sum_q3[1][6][30]_i_31_n_0
                         CARRY8 (Prop_CARRY8_S[1]_CO[7])
                                                      0.197     8.560 r  sum_q3_reg[1][6][30]_i_9/CO[7]
                         net (fo=1, unplaced)         0.005     8.565    sum_q3_reg[1][6][30]_i_9_n_0
                         CARRY8 (Prop_CARRY8_CI_CO[7])
                                                      0.022     8.587 r  sum_q3_reg[1][6][23]_i_13/CO[7]
                         net (fo=1, unplaced)         0.005     8.592    sum_q3_reg[1][6][23]_i_13_n_0
                         CARRY8 (Prop_CARRY8_CI_O[2])
                                                      0.067     8.659 f  sum_q3_reg[1][6][30]_i_84/O[2]
                         net (fo=3, unplaced)         0.142     8.801    sum_q3_reg[1][6][30]_i_84_n_13
                         LUT2 (Prop_LUT2_I0_O)        0.100     8.901 f  sum_q3[1][6][30]_i_40/O
                         net (fo=1, unplaced)         0.242     9.143    sum_q3[1][6][30]_i_40_n_0
                         CARRY8 (Prop_CARRY8_DI[0]_CO[6])
                                                      0.186     9.329 f  sum_q3_reg[1][6][30]_i_10/CO[6]
                         net (fo=9, unplaced)         0.169     9.498    sum_q3_reg[1][6][30]_i_10_n_1
                         LUT3 (Prop_LUT3_I0_O)        0.038     9.536 f  sum_q3[1][6][22]_i_3/O
                         net (fo=23, unplaced)        0.237     9.773    sum_q3[1][6][22]_i_3_n_0
                         LUT5 (Prop_LUT5_I3_O)        0.038     9.811 r  sum_q3[1][6][12]_i_2/O
                         net (fo=1, unplaced)         0.185     9.996    sum_q3[1][6][12]_i_2_n_0
                         LUT4 (Prop_LUT4_I1_O)        0.038    10.034 r  sum_q3[1][6][12]_i_1/O
                         net (fo=1, unplaced)         0.048    10.082    sum_q3[1][6][12]_i_1_n_0
                         FDRE                                         r  sum_q3_reg[1][6][12]/D
  -------------------------------------------------------------------    -------------------

                         (clock core_clk rise edge)
                                                      4.000     4.000 r  
                                                      0.000     4.000 r  clk (IN)
                         net (fo=11984, unset)        0.021     4.021    clk
                         FDRE                                         r  sum_q3_reg[1][6][12]/C
                         clock pessimism              0.000     4.021    
                         clock uncertainty           -0.035     3.986    
                         FDRE (Setup_FDRE_C_D)        0.025     4.011    sum_q3_reg[1][6][12]
  -------------------------------------------------------------------
                         required time                          4.011    
                         arrival time                         -10.082    
  -------------------------------------------------------------------
                         slack                                 -6.071    

Slack (VIOLATED) :        -6.071ns  (required time - arrival time)
  Source:                 partial_q2_reg[1][6][24]/C
                            (rising edge-triggered cell FDRE clocked by core_clk  {rise@0.000ns fall@2.000ns period=4.000ns})
  Destination:            sum_q3_reg[1][6][13]/D
                            (rising edge-triggered cell FDRE clocked by core_clk  {rise@0.000ns fall@2.000ns period=4.000ns})
  Path Group:             core_clk
  Path Type:              Setup (Max at Slow Process Corner)
  Requirement:            4.000ns  (core_clk rise@4.000ns - core_clk rise@0.000ns)
  Data Path Delay:        10.052ns  (logic 3.231ns (32.143%)  route 6.821ns (67.857%))
  Logic Levels:           46  (CARRY8=15 LUT1=1 LUT2=2 LUT3=3 LUT4=8 LUT5=8 LUT6=9)
  Clock Path Skew:        -0.009ns (DCD - SCD + CPR)
    Destination Clock Delay (DCD):    0.021ns = ( 4.021 - 4.000 ) 
    Source Clock Delay      (SCD):    0.030ns
    Clock Pessimism Removal (CPR):    0.000ns
  Clock Uncertainty:      0.035ns  ((TSJ^2 + TIJ^2)^1/2 + DJ) / 2 + PE
    Total System Jitter     (TSJ):    0.071ns
    Total Input Jitter      (TIJ):    0.000ns
    Discrete Jitter          (DJ):    0.000ns
    Phase Error              (PE):    0.000ns

    Location             Delay type                Incr(ns)  Path(ns)    Netlist Resource(s)
  -------------------------------------------------------------------    -------------------
                         (clock core_clk rise edge)
                                                      0.000     0.000 r  
                                                      0.000     0.000 r  clk (IN)
                         net (fo=11984, unset)        0.030     0.030    clk
                         FDRE                                         r  partial_q2_reg[1][6][24]/C
  -------------------------------------------------------------------    -------------------
                         FDRE (Prop_FDRE_C_Q)         0.077     0.107 r  partial_q2_reg[1][6][24]/Q
                         net (fo=15, unplaced)        0.134     0.241    partial_q2_reg_n_0_[1][6][24]
                         LUT4 (Prop_LUT4_I0_O)        0.100     0.341 r  sum_q3[1][6][31]_i_154/O
                         net (fo=1, unplaced)         0.185     0.526    sum_q3[1][6][31]_i_154_n_0
                         LUT4 (Prop_LUT4_I3_O)        0.038     0.564 f  sum_q3[1][6][31]_i_112/O
                         net (fo=6, unplaced)         0.207     0.771    sum_q3[1][6][31]_i_112_n_0
                         LUT2 (Prop_LUT2_I0_O)        0.038     0.809 f  sum_q3[1][6][31]_i_111/O
                         net (fo=5, unplaced)         0.203     1.012    sum_q3[1][6][31]_i_111_n_0
                         LUT4 (Prop_LUT4_I1_O)        0.066     1.078 f  sum_q3[1][6][31]_i_25/O
                         net (fo=1, unplaced)         0.163     1.241    sum_q3[1][6][31]_i_25_n_0
                         CARRY8 (Prop_CARRY8_DI[3]_CO[3])
                                                      0.130     1.371 f  sum_q3_reg[1][6][31]_i_13/CO[3]
                         net (fo=1, unplaced)         0.137     1.508    p_3358_in
                         LUT3 (Prop_LUT3_I1_O)        0.053     1.561 r  sum_q3[1][6][31]_i_5/O
                         net (fo=132, unplaced)       0.277     1.838    sum_q3[1][6][31]_i_5_n_0
                         LUT6 (Prop_LUT6_I2_O)        0.038     1.876 f  sum_q3[1][6][31]_i_178/O
                         net (fo=3, unplaced)         0.191     2.067    sum_q3[1][6][31]_i_178_n_0
                         LUT6 (Prop_LUT6_I0_O)        0.038     2.105 f  sum_q3[1][6][31]_i_166/O
                         net (fo=3, unplaced)         0.191     2.296    sum_q3[1][6][31]_i_166_n_0
                         LUT6 (Prop_LUT6_I2_O)        0.038     2.334 r  sum_q3[1][6][31]_i_230/O
                         net (fo=31, unplaced)        0.244     2.578    sum_q3[1][6][31]_i_230_n_0
                         LUT6 (Prop_LUT6_I5_O)        0.038     2.616 f  sum_q3[1][6][31]_i_216/O
                         net (fo=27, unplaced)        0.241     2.857    sum_q3[1][6][31]_i_216_n_0
                         LUT1 (Prop_LUT1_I0_O)        0.038     2.895 r  sum_q3[1][6][31]_i_220/O
                         net (fo=25, unplaced)        0.239     3.134    sum_q3[1][6][31]_i_220_n_0
                         CARRY8 (Prop_CARRY8_DI[2]_CO[7])
                                                      0.117     3.251 r  sum_q3_reg[1][6][31]_i_633/CO[7]
                         net (fo=1, unplaced)         0.005     3.256    sum_q3_reg[1][6][31]_i_633_n_0
                         CARRY8 (Prop_CARRY8_CI_CO[6])
                                                      0.092     3.348 r  sum_q3_reg[1][6][31]_i_444/CO[6]
                         net (fo=1, unplaced)         0.138     3.486    sum_q3_reg[1][6][31]_i_444_n_1
                         LUT6 (Prop_LUT6_I5_O)        0.038     3.524 r  sum_q3[1][6][31]_i_300/O
                         net (fo=1, unplaced)         0.137     3.661    sum_q3[1][6][31]_i_300_n_0
                         LUT5 (Prop_LUT5_I3_O)        0.053     3.714 r  sum_q3[1][6][31]_i_267/O
                         net (fo=1, unplaced)         0.185     3.899    sum_q3[1][6][31]_i_267_n_0
                         LUT5 (Prop_LUT5_I4_O)        0.038     3.937 r  sum_q3[1][6][31]_i_204/O
                         net (fo=1, unplaced)         0.185     4.122    sum_q3[1][6][31]_i_204_n_0
                         LUT6 (Prop_LUT6_I2_O)        0.038     4.160 r  sum_q3[1][6][31]_i_140/O
                         net (fo=1, unplaced)         0.185     4.345    sum_q3[1][6][31]_i_140_n_0
                         LUT5 (Prop_LUT5_I2_O)        0.038     4.383 r  sum_q3[1][6][31]_i_60/O
                         net (fo=1, unplaced)         0.020     4.403    sum_q3[1][6][31]_i_60_n_0
                         CARRY8 (Prop_CARRY8_S[0]_CO[7])
                                                      0.199     4.602 r  sum_q3_reg[1][6][31]_i_16/CO[7]
                         net (fo=1, unplaced)         0.005     4.607    sum_q3_reg[1][6][31]_i_16_n_0
                         CARRY8 (Prop_CARRY8_CI_CO[7])
                                                      0.022     4.629 r  sum_q3_reg[1][6][31]_i_17/CO[7]
                         net (fo=1, unplaced)         0.005     4.634    sum_q3_reg[1][6][31]_i_17_n_0
                         CARRY8 (Prop_CARRY8_CI_O[4])
                                                      0.086     4.720 r  sum_q3_reg[1][6][31]_i_19/O[4]
                         net (fo=6, unplaced)         0.205     4.925    sel0__0__1[19]
                         LUT4 (Prop_LUT4_I1_O)        0.090     5.015 f  sum_q3[1][6][31]_i_20/O
                         net (fo=2, unplaced)         0.185     5.200    sum_q3[1][6][31]_i_20_n_0
                         LUT5 (Prop_LUT5_I4_O)        0.038     5.238 f  sum_q3[1][6][31]_i_11/O
                         net (fo=4, unplaced)         0.197     5.435    sum_q3[1][6][31]_i_11_n_0
                         LUT5 (Prop_LUT5_I4_O)        0.038     5.473 r  sum_q3[1][6][30]_i_121/O
                         net (fo=3, unplaced)         0.146     5.619    sum_q3[1][6][30]_i_121_n_0
                         LUT6 (Prop_LUT6_I0_O)        0.090     5.709 r  sum_q3[1][6][30]_i_94/O
                         net (fo=5, unplaced)         0.203     5.912    sum_q3[1][6][30]_i_94_n_0
                         LUT5 (Prop_LUT5_I0_O)        0.038     5.950 r  sum_q3[1][6][30]_i_120/O
                         net (fo=2, unplaced)         0.185     6.135    sum_q3[1][6][30]_i_120_n_0
                         LUT3 (Prop_LUT3_I1_O)        0.068     6.203 r  sum_q3[1][6][30]_i_86/O
                         net (fo=1, unplaced)         0.242     6.445    sum_q3[1][6][30]_i_86_n_0
                         CARRY8 (Prop_CARRY8_DI[2]_CO[3])
                                                      0.134     6.579 r  sum_q3_reg[1][6][30]_i_55/CO[3]
                         net (fo=16, unplaced)        0.135     6.714    sum_q3_reg[1][6][30]_i_55_n_4
                         LUT4 (Prop_LUT4_I1_O)        0.038     6.752 f  sum_q3[1][6][30]_i_56/O
                         net (fo=35, unplaced)        0.202     6.954    sum_q3[1][6][30]_i_56_n_0
                         LUT4 (Prop_LUT4_I0_O)        0.090     7.044 r  sum_q3[1][6][7]_i_32/O
                         net (fo=1, unplaced)         0.141     7.185    sum_q3[1][6][7]_i_32_n_0
                         LUT6 (Prop_LUT6_I0_O)        0.100     7.285 r  sum_q3[1][6][7]_i_24/O
                         net (fo=1, unplaced)         0.185     7.470    sum_q3[1][6][7]_i_24_n_0
                         LUT6 (Prop_LUT6_I5_O)        0.038     7.508 r  sum_q3[1][6][7]_i_13/O
                         net (fo=1, unplaced)         0.020     7.528    sum_q3[1][6][7]_i_13_n_0
                         CARRY8 (Prop_CARRY8_S[0]_CO[7])
                                                      0.199     7.727 f  sum_q3_reg[1][6][7]_i_4/CO[7]
                         net (fo=1, unplaced)         0.005     7.732    sum_q3_reg[1][6][7]_i_4_n_0
                         CARRY8 (Prop_CARRY8_CI_CO[7])
                                                      0.022     7.754 f  sum_q3_reg[1][6][22]_i_8/CO[7]
                         net (fo=1, unplaced)         0.005     7.759    sum_q3_reg[1][6][22]_i_8_n_0
                         CARRY8 (Prop_CARRY8_CI_CO[7])
                                                      0.022     7.781 f  sum_q3_reg[1][6][22]_i_6/CO[7]
                         net (fo=1, unplaced)         0.005     7.786    sum_q3_reg[1][6][22]_i_6_n_0
                         CARRY8 (Prop_CARRY8_CI_CO[0])
                                                      0.052     7.838 f  sum_q3_reg[1][6][22]_i_7/CO[0]
                         net (fo=28, unplaced)        0.242     8.080    sum_q3_reg[1][6][22]_i_7_n_7
                         LUT4 (Prop_LUT4_I2_O)        0.038     8.118 r  sum_q3[1][6][30]_i_24/O
                         net (fo=2, unplaced)         0.185     8.303    sum_q3[1][6][30]_i_24_n_0
                         LUT5 (Prop_LUT5_I0_O)        0.037     8.340 r  sum_q3[1][6][30]_i_31/O
                         net (fo=1, unplaced)         0.023     8.363    sum_q3[1][6][30]_i_31_n_0
                         CARRY8 (Prop_CARRY8_S[1]_CO[7])
                                                      0.197     8.560 r  sum_q3_reg[1][6][30]_i_9/CO[7]
                         net (fo=1, unplaced)         0.005     8.565    sum_q3_reg[1][6][30]_i_9_n_0
                         CARRY8 (Prop_CARRY8_CI_CO[7])
                                                      0.022     8.587 r  sum_q3_reg[1][6][23]_i_13/CO[7]
                         net (fo=1, unplaced)         0.005     8.592    sum_q3_reg[1][6][23]_i_13_n_0
                         CARRY8 (Prop_CARRY8_CI_O[2])
                                                      0.067     8.659 f  sum_q3_reg[1][6][30]_i_84/O[2]
                         net (fo=3, unplaced)         0.142     8.801    sum_q3_reg[1][6][30]_i_84_n_13
                         LUT2 (Prop_LUT2_I0_O)        0.100     8.901 f  sum_q3[1][6][30]_i_40/O
                         net (fo=1, unplaced)         0.242     9.143    sum_q3[1][6][30]_i_40_n_0
                         CARRY8 (Prop_CARRY8_DI[0]_CO[6])
                                                      0.186     9.329 f  sum_q3_reg[1][6][30]_i_10/CO[6]
                         net (fo=9, unplaced)         0.169     9.498    sum_q3_reg[1][6][30]_i_10_n_1
                         LUT3 (Prop_LUT3_I0_O)        0.038     9.536 f  sum_q3[1][6][22]_i_3/O
                         net (fo=23, unplaced)        0.237     9.773    sum_q3[1][6][22]_i_3_n_0
                         LUT5 (Prop_LUT5_I3_O)        0.038     9.811 r  sum_q3[1][6][13]_i_2/O
                         net (fo=1, unplaced)         0.185     9.996    sum_q3[1][6][13]_i_2_n_0
                         LUT4 (Prop_LUT4_I1_O)        0.038    10.034 r  sum_q3[1][6][13]_i_1/O
                         net (fo=1, unplaced)         0.048    10.082    sum_q3[1][6][13]_i_1_n_0
                         FDRE                                         r  sum_q3_reg[1][6][13]/D
  -------------------------------------------------------------------    -------------------

                         (clock core_clk rise edge)
                                                      4.000     4.000 r  
                                                      0.000     4.000 r  clk (IN)
                         net (fo=11984, unset)        0.021     4.021    clk
                         FDRE                                         r  sum_q3_reg[1][6][13]/C
                         clock pessimism              0.000     4.021    
                         clock uncertainty           -0.035     3.986    
                         FDRE (Setup_FDRE_C_D)        0.025     4.011    sum_q3_reg[1][6][13]
  -------------------------------------------------------------------
                         required time                          4.011    
                         arrival time                         -10.082    
  -------------------------------------------------------------------
                         slack                                 -6.071    

Slack (VIOLATED) :        -6.071ns  (required time - arrival time)
  Source:                 partial_q2_reg[1][6][24]/C
                            (rising edge-triggered cell FDRE clocked by core_clk  {rise@0.000ns fall@2.000ns period=4.000ns})
  Destination:            sum_q3_reg[1][6][14]/D
                            (rising edge-triggered cell FDRE clocked by core_clk  {rise@0.000ns fall@2.000ns period=4.000ns})
  Path Group:             core_clk
  Path Type:              Setup (Max at Slow Process Corner)
  Requirement:            4.000ns  (core_clk rise@4.000ns - core_clk rise@0.000ns)
  Data Path Delay:        10.052ns  (logic 3.231ns (32.143%)  route 6.821ns (67.857%))
  Logic Levels:           46  (CARRY8=15 LUT1=1 LUT2=2 LUT3=3 LUT4=8 LUT5=8 LUT6=9)
  Clock Path Skew:        -0.009ns (DCD - SCD + CPR)
    Destination Clock Delay (DCD):    0.021ns = ( 4.021 - 4.000 ) 
    Source Clock Delay      (SCD):    0.030ns
    Clock Pessimism Removal (CPR):    0.000ns
  Clock Uncertainty:      0.035ns  ((TSJ^2 + TIJ^2)^1/2 + DJ) / 2 + PE
    Total System Jitter     (TSJ):    0.071ns
    Total Input Jitter      (TIJ):    0.000ns
    Discrete Jitter          (DJ):    0.000ns
    Phase Error              (PE):    0.000ns

    Location             Delay type                Incr(ns)  Path(ns)    Netlist Resource(s)
  -------------------------------------------------------------------    -------------------
                         (clock core_clk rise edge)
                                                      0.000     0.000 r  
                                                      0.000     0.000 r  clk (IN)
                         net (fo=11984, unset)        0.030     0.030    clk
                         FDRE                                         r  partial_q2_reg[1][6][24]/C
  -------------------------------------------------------------------    -------------------
                         FDRE (Prop_FDRE_C_Q)         0.077     0.107 r  partial_q2_reg[1][6][24]/Q
                         net (fo=15, unplaced)        0.134     0.241    partial_q2_reg_n_0_[1][6][24]
                         LUT4 (Prop_LUT4_I0_O)        0.100     0.341 r  sum_q3[1][6][31]_i_154/O
                         net (fo=1, unplaced)         0.185     0.526    sum_q3[1][6][31]_i_154_n_0
                         LUT4 (Prop_LUT4_I3_O)        0.038     0.564 f  sum_q3[1][6][31]_i_112/O
                         net (fo=6, unplaced)         0.207     0.771    sum_q3[1][6][31]_i_112_n_0
                         LUT2 (Prop_LUT2_I0_O)        0.038     0.809 f  sum_q3[1][6][31]_i_111/O
                         net (fo=5, unplaced)         0.203     1.012    sum_q3[1][6][31]_i_111_n_0
                         LUT4 (Prop_LUT4_I1_O)        0.066     1.078 f  sum_q3[1][6][31]_i_25/O
                         net (fo=1, unplaced)         0.163     1.241    sum_q3[1][6][31]_i_25_n_0
                         CARRY8 (Prop_CARRY8_DI[3]_CO[3])
                                                      0.130     1.371 f  sum_q3_reg[1][6][31]_i_13/CO[3]
                         net (fo=1, unplaced)         0.137     1.508    p_3358_in
                         LUT3 (Prop_LUT3_I1_O)        0.053     1.561 r  sum_q3[1][6][31]_i_5/O
                         net (fo=132, unplaced)       0.277     1.838    sum_q3[1][6][31]_i_5_n_0
                         LUT6 (Prop_LUT6_I2_O)        0.038     1.876 f  sum_q3[1][6][31]_i_178/O
                         net (fo=3, unplaced)         0.191     2.067    sum_q3[1][6][31]_i_178_n_0
                         LUT6 (Prop_LUT6_I0_O)        0.038     2.105 f  sum_q3[1][6][31]_i_166/O
                         net (fo=3, unplaced)         0.191     2.296    sum_q3[1][6][31]_i_166_n_0
                         LUT6 (Prop_LUT6_I2_O)        0.038     2.334 r  sum_q3[1][6][31]_i_230/O
                         net (fo=31, unplaced)        0.244     2.578    sum_q3[1][6][31]_i_230_n_0
                         LUT6 (Prop_LUT6_I5_O)        0.038     2.616 f  sum_q3[1][6][31]_i_216/O
                         net (fo=27, unplaced)        0.241     2.857    sum_q3[1][6][31]_i_216_n_0
                         LUT1 (Prop_LUT1_I0_O)        0.038     2.895 r  sum_q3[1][6][31]_i_220/O
                         net (fo=25, unplaced)        0.239     3.134    sum_q3[1][6][31]_i_220_n_0
                         CARRY8 (Prop_CARRY8_DI[2]_CO[7])
                                                      0.117     3.251 r  sum_q3_reg[1][6][31]_i_633/CO[7]
                         net (fo=1, unplaced)         0.005     3.256    sum_q3_reg[1][6][31]_i_633_n_0
                         CARRY8 (Prop_CARRY8_CI_CO[6])
                                                      0.092     3.348 r  sum_q3_reg[1][6][31]_i_444/CO[6]
                         net (fo=1, unplaced)         0.138     3.486    sum_q3_reg[1][6][31]_i_444_n_1
                         LUT6 (Prop_LUT6_I5_O)        0.038     3.524 r  sum_q3[1][6][31]_i_300/O
                         net (fo=1, unplaced)         0.137     3.661    sum_q3[1][6][31]_i_300_n_0
                         LUT5 (Prop_LUT5_I3_O)        0.053     3.714 r  sum_q3[1][6][31]_i_267/O
                         net (fo=1, unplaced)         0.185     3.899    sum_q3[1][6][31]_i_267_n_0
                         LUT5 (Prop_LUT5_I4_O)        0.038     3.937 r  sum_q3[1][6][31]_i_204/O
                         net (fo=1, unplaced)         0.185     4.122    sum_q3[1][6][31]_i_204_n_0
                         LUT6 (Prop_LUT6_I2_O)        0.038     4.160 r  sum_q3[1][6][31]_i_140/O
                         net (fo=1, unplaced)         0.185     4.345    sum_q3[1][6][31]_i_140_n_0
                         LUT5 (Prop_LUT5_I2_O)        0.038     4.383 r  sum_q3[1][6][31]_i_60/O
                         net (fo=1, unplaced)         0.020     4.403    sum_q3[1][6][31]_i_60_n_0
                         CARRY8 (Prop_CARRY8_S[0]_CO[7])
                                                      0.199     4.602 r  sum_q3_reg[1][6][31]_i_16/CO[7]
                         net (fo=1, unplaced)         0.005     4.607    sum_q3_reg[1][6][31]_i_16_n_0
                         CARRY8 (Prop_CARRY8_CI_CO[7])
                                                      0.022     4.629 r  sum_q3_reg[1][6][31]_i_17/CO[7]
                         net (fo=1, unplaced)         0.005     4.634    sum_q3_reg[1][6][31]_i_17_n_0
                         CARRY8 (Prop_CARRY8_CI_O[4])
                                                      0.086     4.720 r  sum_q3_reg[1][6][31]_i_19/O[4]
                         net (fo=6, unplaced)         0.205     4.925    sel0__0__1[19]
                         LUT4 (Prop_LUT4_I1_O)        0.090     5.015 f  sum_q3[1][6][31]_i_20/O
                         net (fo=2, unplaced)         0.185     5.200    sum_q3[1][6][31]_i_20_n_0
                         LUT5 (Prop_LUT5_I4_O)        0.038     5.238 f  sum_q3[1][6][31]_i_11/O
                         net (fo=4, unplaced)         0.197     5.435    sum_q3[1][6][31]_i_11_n_0
                         LUT5 (Prop_LUT5_I4_O)        0.038     5.473 r  sum_q3[1][6][30]_i_121/O
                         net (fo=3, unplaced)         0.146     5.619    sum_q3[1][6][30]_i_121_n_0
                         LUT6 (Prop_LUT6_I0_O)        0.090     5.709 r  sum_q3[1][6][30]_i_94/O
                         net (fo=5, unplaced)         0.203     5.912    sum_q3[1][6][30]_i_94_n_0
                         LUT5 (Prop_LUT5_I0_O)        0.038     5.950 r  sum_q3[1][6][30]_i_120/O
                         net (fo=2, unplaced)         0.185     6.135    sum_q3[1][6][30]_i_120_n_0
                         LUT3 (Prop_LUT3_I1_O)        0.068     6.203 r  sum_q3[1][6][30]_i_86/O
                         net (fo=1, unplaced)         0.242     6.445    sum_q3[1][6][30]_i_86_n_0
                         CARRY8 (Prop_CARRY8_DI[2]_CO[3])
                                                      0.134     6.579 r  sum_q3_reg[1][6][30]_i_55/CO[3]
                         net (fo=16, unplaced)        0.135     6.714    sum_q3_reg[1][6][30]_i_55_n_4
                         LUT4 (Prop_LUT4_I1_O)        0.038     6.752 f  sum_q3[1][6][30]_i_56/O
                         net (fo=35, unplaced)        0.202     6.954    sum_q3[1][6][30]_i_56_n_0
                         LUT4 (Prop_LUT4_I0_O)        0.090     7.044 r  sum_q3[1][6][7]_i_32/O
                         net (fo=1, unplaced)         0.141     7.185    sum_q3[1][6][7]_i_32_n_0
                         LUT6 (Prop_LUT6_I0_O)        0.100     7.285 r  sum_q3[1][6][7]_i_24/O
                         net (fo=1, unplaced)         0.185     7.470    sum_q3[1][6][7]_i_24_n_0
                         LUT6 (Prop_LUT6_I5_O)        0.038     7.508 r  sum_q3[1][6][7]_i_13/O
                         net (fo=1, unplaced)         0.020     7.528    sum_q3[1][6][7]_i_13_n_0
                         CARRY8 (Prop_CARRY8_S[0]_CO[7])
                                                      0.199     7.727 f  sum_q3_reg[1][6][7]_i_4/CO[7]
                         net (fo=1, unplaced)         0.005     7.732    sum_q3_reg[1][6][7]_i_4_n_0
                         CARRY8 (Prop_CARRY8_CI_CO[7])
                                                      0.022     7.754 f  sum_q3_reg[1][6][22]_i_8/CO[7]
                         net (fo=1, unplaced)         0.005     7.759    sum_q3_reg[1][6][22]_i_8_n_0
                         CARRY8 (Prop_CARRY8_CI_CO[7])
                                                      0.022     7.781 f  sum_q3_reg[1][6][22]_i_6/CO[7]
                         net (fo=1, unplaced)         0.005     7.786    sum_q3_reg[1][6][22]_i_6_n_0
                         CARRY8 (Prop_CARRY8_CI_CO[0])
                                                      0.052     7.838 f  sum_q3_reg[1][6][22]_i_7/CO[0]
                         net (fo=28, unplaced)        0.242     8.080    sum_q3_reg[1][6][22]_i_7_n_7
                         LUT4 (Prop_LUT4_I2_O)        0.038     8.118 r  sum_q3[1][6][30]_i_24/O
                         net (fo=2, unplaced)         0.185     8.303    sum_q3[1][6][30]_i_24_n_0
                         LUT5 (Prop_LUT5_I0_O)        0.037     8.340 r  sum_q3[1][6][30]_i_31/O
                         net (fo=1, unplaced)         0.023     8.363    sum_q3[1][6][30]_i_31_n_0
                         CARRY8 (Prop_CARRY8_S[1]_CO[7])
                                                      0.197     8.560 r  sum_q3_reg[1][6][30]_i_9/CO[7]
                         net (fo=1, unplaced)         0.005     8.565    sum_q3_reg[1][6][30]_i_9_n_0
                         CARRY8 (Prop_CARRY8_CI_CO[7])
                                                      0.022     8.587 r  sum_q3_reg[1][6][23]_i_13/CO[7]
                         net (fo=1, unplaced)         0.005     8.592    sum_q3_reg[1][6][23]_i_13_n_0
                         CARRY8 (Prop_CARRY8_CI_O[2])
                                                      0.067     8.659 f  sum_q3_reg[1][6][30]_i_84/O[2]
                         net (fo=3, unplaced)         0.142     8.801    sum_q3_reg[1][6][30]_i_84_n_13
                         LUT2 (Prop_LUT2_I0_O)        0.100     8.901 f  sum_q3[1][6][30]_i_40/O
                         net (fo=1, unplaced)         0.242     9.143    sum_q3[1][6][30]_i_40_n_0
                         CARRY8 (Prop_CARRY8_DI[0]_CO[6])
                                                      0.186     9.329 f  sum_q3_reg[1][6][30]_i_10/CO[6]
                         net (fo=9, unplaced)         0.169     9.498    sum_q3_reg[1][6][30]_i_10_n_1
                         LUT3 (Prop_LUT3_I0_O)        0.038     9.536 f  sum_q3[1][6][22]_i_3/O
                         net (fo=23, unplaced)        0.237     9.773    sum_q3[1][6][22]_i_3_n_0
                         LUT5 (Prop_LUT5_I3_O)        0.038     9.811 r  sum_q3[1][6][14]_i_2/O
                         net (fo=1, unplaced)         0.185     9.996    sum_q3[1][6][14]_i_2_n_0
                         LUT4 (Prop_LUT4_I1_O)        0.038    10.034 r  sum_q3[1][6][14]_i_1/O
                         net (fo=1, unplaced)         0.048    10.082    sum_q3[1][6][14]_i_1_n_0
                         FDRE                                         r  sum_q3_reg[1][6][14]/D
  -------------------------------------------------------------------    -------------------

                         (clock core_clk rise edge)
                                                      4.000     4.000 r  
                                                      0.000     4.000 r  clk (IN)
                         net (fo=11984, unset)        0.021     4.021    clk
                         FDRE                                         r  sum_q3_reg[1][6][14]/C
                         clock pessimism              0.000     4.021    
                         clock uncertainty           -0.035     3.986    
                         FDRE (Setup_FDRE_C_D)        0.025     4.011    sum_q3_reg[1][6][14]
  -------------------------------------------------------------------
                         required time                          4.011    
                         arrival time                         -10.082    
  -------------------------------------------------------------------
                         slack                                 -6.071    

Slack (VIOLATED) :        -6.071ns  (required time - arrival time)
  Source:                 partial_q2_reg[1][6][24]/C
                            (rising edge-triggered cell FDRE clocked by core_clk  {rise@0.000ns fall@2.000ns period=4.000ns})
  Destination:            sum_q3_reg[1][6][15]/D
                            (rising edge-triggered cell FDRE clocked by core_clk  {rise@0.000ns fall@2.000ns period=4.000ns})
  Path Group:             core_clk
  Path Type:              Setup (Max at Slow Process Corner)
  Requirement:            4.000ns  (core_clk rise@4.000ns - core_clk rise@0.000ns)
  Data Path Delay:        10.052ns  (logic 3.231ns (32.143%)  route 6.821ns (67.857%))
  Logic Levels:           46  (CARRY8=15 LUT1=1 LUT2=2 LUT3=3 LUT4=8 LUT5=8 LUT6=9)
  Clock Path Skew:        -0.009ns (DCD - SCD + CPR)
    Destination Clock Delay (DCD):    0.021ns = ( 4.021 - 4.000 ) 
    Source Clock Delay      (SCD):    0.030ns
    Clock Pessimism Removal (CPR):    0.000ns
  Clock Uncertainty:      0.035ns  ((TSJ^2 + TIJ^2)^1/2 + DJ) / 2 + PE
    Total System Jitter     (TSJ):    0.071ns
    Total Input Jitter      (TIJ):    0.000ns
    Discrete Jitter          (DJ):    0.000ns
    Phase Error              (PE):    0.000ns

    Location             Delay type                Incr(ns)  Path(ns)    Netlist Resource(s)
  -------------------------------------------------------------------    -------------------
                         (clock core_clk rise edge)
                                                      0.000     0.000 r  
                                                      0.000     0.000 r  clk (IN)
                         net (fo=11984, unset)        0.030     0.030    clk
                         FDRE                                         r  partial_q2_reg[1][6][24]/C
  -------------------------------------------------------------------    -------------------
                         FDRE (Prop_FDRE_C_Q)         0.077     0.107 r  partial_q2_reg[1][6][24]/Q
                         net (fo=15, unplaced)        0.134     0.241    partial_q2_reg_n_0_[1][6][24]
                         LUT4 (Prop_LUT4_I0_O)        0.100     0.341 r  sum_q3[1][6][31]_i_154/O
                         net (fo=1, unplaced)         0.185     0.526    sum_q3[1][6][31]_i_154_n_0
                         LUT4 (Prop_LUT4_I3_O)        0.038     0.564 f  sum_q3[1][6][31]_i_112/O
                         net (fo=6, unplaced)         0.207     0.771    sum_q3[1][6][31]_i_112_n_0
                         LUT2 (Prop_LUT2_I0_O)        0.038     0.809 f  sum_q3[1][6][31]_i_111/O
                         net (fo=5, unplaced)         0.203     1.012    sum_q3[1][6][31]_i_111_n_0
                         LUT4 (Prop_LUT4_I1_O)        0.066     1.078 f  sum_q3[1][6][31]_i_25/O
                         net (fo=1, unplaced)         0.163     1.241    sum_q3[1][6][31]_i_25_n_0
                         CARRY8 (Prop_CARRY8_DI[3]_CO[3])
                                                      0.130     1.371 f  sum_q3_reg[1][6][31]_i_13/CO[3]
                         net (fo=1, unplaced)         0.137     1.508    p_3358_in
                         LUT3 (Prop_LUT3_I1_O)        0.053     1.561 r  sum_q3[1][6][31]_i_5/O
                         net (fo=132, unplaced)       0.277     1.838    sum_q3[1][6][31]_i_5_n_0
                         LUT6 (Prop_LUT6_I2_O)        0.038     1.876 f  sum_q3[1][6][31]_i_178/O
                         net (fo=3, unplaced)         0.191     2.067    sum_q3[1][6][31]_i_178_n_0
                         LUT6 (Prop_LUT6_I0_O)        0.038     2.105 f  sum_q3[1][6][31]_i_166/O
                         net (fo=3, unplaced)         0.191     2.296    sum_q3[1][6][31]_i_166_n_0
                         LUT6 (Prop_LUT6_I2_O)        0.038     2.334 r  sum_q3[1][6][31]_i_230/O
                         net (fo=31, unplaced)        0.244     2.578    sum_q3[1][6][31]_i_230_n_0
                         LUT6 (Prop_LUT6_I5_O)        0.038     2.616 f  sum_q3[1][6][31]_i_216/O
                         net (fo=27, unplaced)        0.241     2.857    sum_q3[1][6][31]_i_216_n_0
                         LUT1 (Prop_LUT1_I0_O)        0.038     2.895 r  sum_q3[1][6][31]_i_220/O
                         net (fo=25, unplaced)        0.239     3.134    sum_q3[1][6][31]_i_220_n_0
                         CARRY8 (Prop_CARRY8_DI[2]_CO[7])
                                                      0.117     3.251 r  sum_q3_reg[1][6][31]_i_633/CO[7]
                         net (fo=1, unplaced)         0.005     3.256    sum_q3_reg[1][6][31]_i_633_n_0
                         CARRY8 (Prop_CARRY8_CI_CO[6])
                                                      0.092     3.348 r  sum_q3_reg[1][6][31]_i_444/CO[6]
                         net (fo=1, unplaced)         0.138     3.486    sum_q3_reg[1][6][31]_i_444_n_1
                         LUT6 (Prop_LUT6_I5_O)        0.038     3.524 r  sum_q3[1][6][31]_i_300/O
                         net (fo=1, unplaced)         0.137     3.661    sum_q3[1][6][31]_i_300_n_0
                         LUT5 (Prop_LUT5_I3_O)        0.053     3.714 r  sum_q3[1][6][31]_i_267/O
                         net (fo=1, unplaced)         0.185     3.899    sum_q3[1][6][31]_i_267_n_0
                         LUT5 (Prop_LUT5_I4_O)        0.038     3.937 r  sum_q3[1][6][31]_i_204/O
                         net (fo=1, unplaced)         0.185     4.122    sum_q3[1][6][31]_i_204_n_0
                         LUT6 (Prop_LUT6_I2_O)        0.038     4.160 r  sum_q3[1][6][31]_i_140/O
                         net (fo=1, unplaced)         0.185     4.345    sum_q3[1][6][31]_i_140_n_0
                         LUT5 (Prop_LUT5_I2_O)        0.038     4.383 r  sum_q3[1][6][31]_i_60/O
                         net (fo=1, unplaced)         0.020     4.403    sum_q3[1][6][31]_i_60_n_0
                         CARRY8 (Prop_CARRY8_S[0]_CO[7])
                                                      0.199     4.602 r  sum_q3_reg[1][6][31]_i_16/CO[7]
                         net (fo=1, unplaced)         0.005     4.607    sum_q3_reg[1][6][31]_i_16_n_0
                         CARRY8 (Prop_CARRY8_CI_CO[7])
                                                      0.022     4.629 r  sum_q3_reg[1][6][31]_i_17/CO[7]
                         net (fo=1, unplaced)         0.005     4.634    sum_q3_reg[1][6][31]_i_17_n_0
                         CARRY8 (Prop_CARRY8_CI_O[4])
                                                      0.086     4.720 r  sum_q3_reg[1][6][31]_i_19/O[4]
                         net (fo=6, unplaced)         0.205     4.925    sel0__0__1[19]
                         LUT4 (Prop_LUT4_I1_O)        0.090     5.015 f  sum_q3[1][6][31]_i_20/O
                         net (fo=2, unplaced)         0.185     5.200    sum_q3[1][6][31]_i_20_n_0
                         LUT5 (Prop_LUT5_I4_O)        0.038     5.238 f  sum_q3[1][6][31]_i_11/O
                         net (fo=4, unplaced)         0.197     5.435    sum_q3[1][6][31]_i_11_n_0
                         LUT5 (Prop_LUT5_I4_O)        0.038     5.473 r  sum_q3[1][6][30]_i_121/O
                         net (fo=3, unplaced)         0.146     5.619    sum_q3[1][6][30]_i_121_n_0
                         LUT6 (Prop_LUT6_I0_O)        0.090     5.709 r  sum_q3[1][6][30]_i_94/O
                         net (fo=5, unplaced)         0.203     5.912    sum_q3[1][6][30]_i_94_n_0
                         LUT5 (Prop_LUT5_I0_O)        0.038     5.950 r  sum_q3[1][6][30]_i_120/O
                         net (fo=2, unplaced)         0.185     6.135    sum_q3[1][6][30]_i_120_n_0
                         LUT3 (Prop_LUT3_I1_O)        0.068     6.203 r  sum_q3[1][6][30]_i_86/O
                         net (fo=1, unplaced)         0.242     6.445    sum_q3[1][6][30]_i_86_n_0
                         CARRY8 (Prop_CARRY8_DI[2]_CO[3])
                                                      0.134     6.579 r  sum_q3_reg[1][6][30]_i_55/CO[3]
                         net (fo=16, unplaced)        0.135     6.714    sum_q3_reg[1][6][30]_i_55_n_4
                         LUT4 (Prop_LUT4_I1_O)        0.038     6.752 f  sum_q3[1][6][30]_i_56/O
                         net (fo=35, unplaced)        0.202     6.954    sum_q3[1][6][30]_i_56_n_0
                         LUT4 (Prop_LUT4_I0_O)        0.090     7.044 r  sum_q3[1][6][7]_i_32/O
                         net (fo=1, unplaced)         0.141     7.185    sum_q3[1][6][7]_i_32_n_0
                         LUT6 (Prop_LUT6_I0_O)        0.100     7.285 r  sum_q3[1][6][7]_i_24/O
                         net (fo=1, unplaced)         0.185     7.470    sum_q3[1][6][7]_i_24_n_0
                         LUT6 (Prop_LUT6_I5_O)        0.038     7.508 r  sum_q3[1][6][7]_i_13/O
                         net (fo=1, unplaced)         0.020     7.528    sum_q3[1][6][7]_i_13_n_0
                         CARRY8 (Prop_CARRY8_S[0]_CO[7])
                                                      0.199     7.727 f  sum_q3_reg[1][6][7]_i_4/CO[7]
                         net (fo=1, unplaced)         0.005     7.732    sum_q3_reg[1][6][7]_i_4_n_0
                         CARRY8 (Prop_CARRY8_CI_CO[7])
                                                      0.022     7.754 f  sum_q3_reg[1][6][22]_i_8/CO[7]
                         net (fo=1, unplaced)         0.005     7.759    sum_q3_reg[1][6][22]_i_8_n_0
                         CARRY8 (Prop_CARRY8_CI_CO[7])
                                                      0.022     7.781 f  sum_q3_reg[1][6][22]_i_6/CO[7]
                         net (fo=1, unplaced)         0.005     7.786    sum_q3_reg[1][6][22]_i_6_n_0
                         CARRY8 (Prop_CARRY8_CI_CO[0])
                                                      0.052     7.838 f  sum_q3_reg[1][6][22]_i_7/CO[0]
                         net (fo=28, unplaced)        0.242     8.080    sum_q3_reg[1][6][22]_i_7_n_7
                         LUT4 (Prop_LUT4_I2_O)        0.038     8.118 r  sum_q3[1][6][30]_i_24/O
                         net (fo=2, unplaced)         0.185     8.303    sum_q3[1][6][30]_i_24_n_0
                         LUT5 (Prop_LUT5_I0_O)        0.037     8.340 r  sum_q3[1][6][30]_i_31/O
                         net (fo=1, unplaced)         0.023     8.363    sum_q3[1][6][30]_i_31_n_0
                         CARRY8 (Prop_CARRY8_S[1]_CO[7])
                                                      0.197     8.560 r  sum_q3_reg[1][6][30]_i_9/CO[7]
                         net (fo=1, unplaced)         0.005     8.565    sum_q3_reg[1][6][30]_i_9_n_0
                         CARRY8 (Prop_CARRY8_CI_CO[7])
                                                      0.022     8.587 r  sum_q3_reg[1][6][23]_i_13/CO[7]
                         net (fo=1, unplaced)         0.005     8.592    sum_q3_reg[1][6][23]_i_13_n_0
                         CARRY8 (Prop_CARRY8_CI_O[2])
                                                      0.067     8.659 f  sum_q3_reg[1][6][30]_i_84/O[2]
                         net (fo=3, unplaced)         0.142     8.801    sum_q3_reg[1][6][30]_i_84_n_13
                         LUT2 (Prop_LUT2_I0_O)        0.100     8.901 f  sum_q3[1][6][30]_i_40/O
                         net (fo=1, unplaced)         0.242     9.143    sum_q3[1][6][30]_i_40_n_0
                         CARRY8 (Prop_CARRY8_DI[0]_CO[6])
                                                      0.186     9.329 f  sum_q3_reg[1][6][30]_i_10/CO[6]
                         net (fo=9, unplaced)         0.169     9.498    sum_q3_reg[1][6][30]_i_10_n_1
                         LUT3 (Prop_LUT3_I0_O)        0.038     9.536 f  sum_q3[1][6][22]_i_3/O
                         net (fo=23, unplaced)        0.237     9.773    sum_q3[1][6][22]_i_3_n_0
                         LUT5 (Prop_LUT5_I3_O)        0.038     9.811 r  sum_q3[1][6][15]_i_2/O
                         net (fo=1, unplaced)         0.185     9.996    sum_q3[1][6][15]_i_2_n_0
                         LUT4 (Prop_LUT4_I1_O)        0.038    10.034 r  sum_q3[1][6][15]_i_1/O
                         net (fo=1, unplaced)         0.048    10.082    sum_q3[1][6][15]_i_1_n_0
                         FDRE                                         r  sum_q3_reg[1][6][15]/D
  -------------------------------------------------------------------    -------------------

                         (clock core_clk rise edge)
                                                      4.000     4.000 r  
                                                      0.000     4.000 r  clk (IN)
                         net (fo=11984, unset)        0.021     4.021    clk
                         FDRE                                         r  sum_q3_reg[1][6][15]/C
                         clock pessimism              0.000     4.021    
                         clock uncertainty           -0.035     3.986    
                         FDRE (Setup_FDRE_C_D)        0.025     4.011    sum_q3_reg[1][6][15]
  -------------------------------------------------------------------
                         required time                          4.011    
                         arrival time                         -10.082    
  -------------------------------------------------------------------
                         slack                                 -6.071    

Slack (VIOLATED) :        -6.071ns  (required time - arrival time)
  Source:                 partial_q2_reg[1][6][24]/C
                            (rising edge-triggered cell FDRE clocked by core_clk  {rise@0.000ns fall@2.000ns period=4.000ns})
  Destination:            sum_q3_reg[1][6][16]/D
                            (rising edge-triggered cell FDRE clocked by core_clk  {rise@0.000ns fall@2.000ns period=4.000ns})
  Path Group:             core_clk
  Path Type:              Setup (Max at Slow Process Corner)
  Requirement:            4.000ns  (core_clk rise@4.000ns - core_clk rise@0.000ns)
  Data Path Delay:        10.052ns  (logic 3.231ns (32.143%)  route 6.821ns (67.857%))
  Logic Levels:           46  (CARRY8=15 LUT1=1 LUT2=2 LUT3=3 LUT4=8 LUT5=8 LUT6=9)
  Clock Path Skew:        -0.009ns (DCD - SCD + CPR)
    Destination Clock Delay (DCD):    0.021ns = ( 4.021 - 4.000 ) 
    Source Clock Delay      (SCD):    0.030ns
    Clock Pessimism Removal (CPR):    0.000ns
  Clock Uncertainty:      0.035ns  ((TSJ^2 + TIJ^2)^1/2 + DJ) / 2 + PE
    Total System Jitter     (TSJ):    0.071ns
    Total Input Jitter      (TIJ):    0.000ns
    Discrete Jitter          (DJ):    0.000ns
    Phase Error              (PE):    0.000ns

    Location             Delay type                Incr(ns)  Path(ns)    Netlist Resource(s)
  -------------------------------------------------------------------    -------------------
                         (clock core_clk rise edge)
                                                      0.000     0.000 r  
                                                      0.000     0.000 r  clk (IN)
                         net (fo=11984, unset)        0.030     0.030    clk
                         FDRE                                         r  partial_q2_reg[1][6][24]/C
  -------------------------------------------------------------------    -------------------
                         FDRE (Prop_FDRE_C_Q)         0.077     0.107 r  partial_q2_reg[1][6][24]/Q
                         net (fo=15, unplaced)        0.134     0.241    partial_q2_reg_n_0_[1][6][24]
                         LUT4 (Prop_LUT4_I0_O)        0.100     0.341 r  sum_q3[1][6][31]_i_154/O
                         net (fo=1, unplaced)         0.185     0.526    sum_q3[1][6][31]_i_154_n_0
                         LUT4 (Prop_LUT4_I3_O)        0.038     0.564 f  sum_q3[1][6][31]_i_112/O
                         net (fo=6, unplaced)         0.207     0.771    sum_q3[1][6][31]_i_112_n_0
                         LUT2 (Prop_LUT2_I0_O)        0.038     0.809 f  sum_q3[1][6][31]_i_111/O
                         net (fo=5, unplaced)         0.203     1.012    sum_q3[1][6][31]_i_111_n_0
                         LUT4 (Prop_LUT4_I1_O)        0.066     1.078 f  sum_q3[1][6][31]_i_25/O
                         net (fo=1, unplaced)         0.163     1.241    sum_q3[1][6][31]_i_25_n_0
                         CARRY8 (Prop_CARRY8_DI[3]_CO[3])
                                                      0.130     1.371 f  sum_q3_reg[1][6][31]_i_13/CO[3]
                         net (fo=1, unplaced)         0.137     1.508    p_3358_in
                         LUT3 (Prop_LUT3_I1_O)        0.053     1.561 r  sum_q3[1][6][31]_i_5/O
                         net (fo=132, unplaced)       0.277     1.838    sum_q3[1][6][31]_i_5_n_0
                         LUT6 (Prop_LUT6_I2_O)        0.038     1.876 f  sum_q3[1][6][31]_i_178/O
                         net (fo=3, unplaced)         0.191     2.067    sum_q3[1][6][31]_i_178_n_0
                         LUT6 (Prop_LUT6_I0_O)        0.038     2.105 f  sum_q3[1][6][31]_i_166/O
                         net (fo=3, unplaced)         0.191     2.296    sum_q3[1][6][31]_i_166_n_0
                         LUT6 (Prop_LUT6_I2_O)        0.038     2.334 r  sum_q3[1][6][31]_i_230/O
                         net (fo=31, unplaced)        0.244     2.578    sum_q3[1][6][31]_i_230_n_0
                         LUT6 (Prop_LUT6_I5_O)        0.038     2.616 f  sum_q3[1][6][31]_i_216/O
                         net (fo=27, unplaced)        0.241     2.857    sum_q3[1][6][31]_i_216_n_0
                         LUT1 (Prop_LUT1_I0_O)        0.038     2.895 r  sum_q3[1][6][31]_i_220/O
                         net (fo=25, unplaced)        0.239     3.134    sum_q3[1][6][31]_i_220_n_0
                         CARRY8 (Prop_CARRY8_DI[2]_CO[7])
                                                      0.117     3.251 r  sum_q3_reg[1][6][31]_i_633/CO[7]
                         net (fo=1, unplaced)         0.005     3.256    sum_q3_reg[1][6][31]_i_633_n_0
                         CARRY8 (Prop_CARRY8_CI_CO[6])
                                                      0.092     3.348 r  sum_q3_reg[1][6][31]_i_444/CO[6]
                         net (fo=1, unplaced)         0.138     3.486    sum_q3_reg[1][6][31]_i_444_n_1
                         LUT6 (Prop_LUT6_I5_O)        0.038     3.524 r  sum_q3[1][6][31]_i_300/O
                         net (fo=1, unplaced)         0.137     3.661    sum_q3[1][6][31]_i_300_n_0
                         LUT5 (Prop_LUT5_I3_O)        0.053     3.714 r  sum_q3[1][6][31]_i_267/O
                         net (fo=1, unplaced)         0.185     3.899    sum_q3[1][6][31]_i_267_n_0
                         LUT5 (Prop_LUT5_I4_O)        0.038     3.937 r  sum_q3[1][6][31]_i_204/O
                         net (fo=1, unplaced)         0.185     4.122    sum_q3[1][6][31]_i_204_n_0
                         LUT6 (Prop_LUT6_I2_O)        0.038     4.160 r  sum_q3[1][6][31]_i_140/O
                         net (fo=1, unplaced)         0.185     4.345    sum_q3[1][6][31]_i_140_n_0
                         LUT5 (Prop_LUT5_I2_O)        0.038     4.383 r  sum_q3[1][6][31]_i_60/O
                         net (fo=1, unplaced)         0.020     4.403    sum_q3[1][6][31]_i_60_n_0
                         CARRY8 (Prop_CARRY8_S[0]_CO[7])
                                                      0.199     4.602 r  sum_q3_reg[1][6][31]_i_16/CO[7]
                         net (fo=1, unplaced)         0.005     4.607    sum_q3_reg[1][6][31]_i_16_n_0
                         CARRY8 (Prop_CARRY8_CI_CO[7])
                                                      0.022     4.629 r  sum_q3_reg[1][6][31]_i_17/CO[7]
                         net (fo=1, unplaced)         0.005     4.634    sum_q3_reg[1][6][31]_i_17_n_0
                         CARRY8 (Prop_CARRY8_CI_O[4])
                                                      0.086     4.720 r  sum_q3_reg[1][6][31]_i_19/O[4]
                         net (fo=6, unplaced)         0.205     4.925    sel0__0__1[19]
                         LUT4 (Prop_LUT4_I1_O)        0.090     5.015 f  sum_q3[1][6][31]_i_20/O
                         net (fo=2, unplaced)         0.185     5.200    sum_q3[1][6][31]_i_20_n_0
                         LUT5 (Prop_LUT5_I4_O)        0.038     5.238 f  sum_q3[1][6][31]_i_11/O
                         net (fo=4, unplaced)         0.197     5.435    sum_q3[1][6][31]_i_11_n_0
                         LUT5 (Prop_LUT5_I4_O)        0.038     5.473 r  sum_q3[1][6][30]_i_121/O
                         net (fo=3, unplaced)         0.146     5.619    sum_q3[1][6][30]_i_121_n_0
                         LUT6 (Prop_LUT6_I0_O)        0.090     5.709 r  sum_q3[1][6][30]_i_94/O
                         net (fo=5, unplaced)         0.203     5.912    sum_q3[1][6][30]_i_94_n_0
                         LUT5 (Prop_LUT5_I0_O)        0.038     5.950 r  sum_q3[1][6][30]_i_120/O
                         net (fo=2, unplaced)         0.185     6.135    sum_q3[1][6][30]_i_120_n_0
                         LUT3 (Prop_LUT3_I1_O)        0.068     6.203 r  sum_q3[1][6][30]_i_86/O
                         net (fo=1, unplaced)         0.242     6.445    sum_q3[1][6][30]_i_86_n_0
                         CARRY8 (Prop_CARRY8_DI[2]_CO[3])
                                                      0.134     6.579 r  sum_q3_reg[1][6][30]_i_55/CO[3]
                         net (fo=16, unplaced)        0.135     6.714    sum_q3_reg[1][6][30]_i_55_n_4
                         LUT4 (Prop_LUT4_I1_O)        0.038     6.752 f  sum_q3[1][6][30]_i_56/O
                         net (fo=35, unplaced)        0.202     6.954    sum_q3[1][6][30]_i_56_n_0
                         LUT4 (Prop_LUT4_I0_O)        0.090     7.044 r  sum_q3[1][6][7]_i_32/O
                         net (fo=1, unplaced)         0.141     7.185    sum_q3[1][6][7]_i_32_n_0
                         LUT6 (Prop_LUT6_I0_O)        0.100     7.285 r  sum_q3[1][6][7]_i_24/O
                         net (fo=1, unplaced)         0.185     7.470    sum_q3[1][6][7]_i_24_n_0
                         LUT6 (Prop_LUT6_I5_O)        0.038     7.508 r  sum_q3[1][6][7]_i_13/O
                         net (fo=1, unplaced)         0.020     7.528    sum_q3[1][6][7]_i_13_n_0
                         CARRY8 (Prop_CARRY8_S[0]_CO[7])
                                                      0.199     7.727 f  sum_q3_reg[1][6][7]_i_4/CO[7]
                         net (fo=1, unplaced)         0.005     7.732    sum_q3_reg[1][6][7]_i_4_n_0
                         CARRY8 (Prop_CARRY8_CI_CO[7])
                                                      0.022     7.754 f  sum_q3_reg[1][6][22]_i_8/CO[7]
                         net (fo=1, unplaced)         0.005     7.759    sum_q3_reg[1][6][22]_i_8_n_0
                         CARRY8 (Prop_CARRY8_CI_CO[7])
                                                      0.022     7.781 f  sum_q3_reg[1][6][22]_i_6/CO[7]
                         net (fo=1, unplaced)         0.005     7.786    sum_q3_reg[1][6][22]_i_6_n_0
                         CARRY8 (Prop_CARRY8_CI_CO[0])
                                                      0.052     7.838 f  sum_q3_reg[1][6][22]_i_7/CO[0]
                         net (fo=28, unplaced)        0.242     8.080    sum_q3_reg[1][6][22]_i_7_n_7
                         LUT4 (Prop_LUT4_I2_O)        0.038     8.118 r  sum_q3[1][6][30]_i_24/O
                         net (fo=2, unplaced)         0.185     8.303    sum_q3[1][6][30]_i_24_n_0
                         LUT5 (Prop_LUT5_I0_O)        0.037     8.340 r  sum_q3[1][6][30]_i_31/O
                         net (fo=1, unplaced)         0.023     8.363    sum_q3[1][6][30]_i_31_n_0
                         CARRY8 (Prop_CARRY8_S[1]_CO[7])
                                                      0.197     8.560 r  sum_q3_reg[1][6][30]_i_9/CO[7]
                         net (fo=1, unplaced)         0.005     8.565    sum_q3_reg[1][6][30]_i_9_n_0
                         CARRY8 (Prop_CARRY8_CI_CO[7])
                                                      0.022     8.587 r  sum_q3_reg[1][6][23]_i_13/CO[7]
                         net (fo=1, unplaced)         0.005     8.592    sum_q3_reg[1][6][23]_i_13_n_0
                         CARRY8 (Prop_CARRY8_CI_O[2])
                                                      0.067     8.659 f  sum_q3_reg[1][6][30]_i_84/O[2]
                         net (fo=3, unplaced)         0.142     8.801    sum_q3_reg[1][6][30]_i_84_n_13
                         LUT2 (Prop_LUT2_I0_O)        0.100     8.901 f  sum_q3[1][6][30]_i_40/O
                         net (fo=1, unplaced)         0.242     9.143    sum_q3[1][6][30]_i_40_n_0
                         CARRY8 (Prop_CARRY8_DI[0]_CO[6])
                                                      0.186     9.329 f  sum_q3_reg[1][6][30]_i_10/CO[6]
                         net (fo=9, unplaced)         0.169     9.498    sum_q3_reg[1][6][30]_i_10_n_1
                         LUT3 (Prop_LUT3_I0_O)        0.038     9.536 f  sum_q3[1][6][22]_i_3/O
                         net (fo=23, unplaced)        0.237     9.773    sum_q3[1][6][22]_i_3_n_0
                         LUT5 (Prop_LUT5_I3_O)        0.038     9.811 r  sum_q3[1][6][16]_i_2/O
                         net (fo=1, unplaced)         0.185     9.996    sum_q3[1][6][16]_i_2_n_0
                         LUT4 (Prop_LUT4_I1_O)        0.038    10.034 r  sum_q3[1][6][16]_i_1/O
                         net (fo=1, unplaced)         0.048    10.082    sum_q3[1][6][16]_i_1_n_0
                         FDRE                                         r  sum_q3_reg[1][6][16]/D
  -------------------------------------------------------------------    -------------------

                         (clock core_clk rise edge)
                                                      4.000     4.000 r  
                                                      0.000     4.000 r  clk (IN)
                         net (fo=11984, unset)        0.021     4.021    clk
                         FDRE                                         r  sum_q3_reg[1][6][16]/C
                         clock pessimism              0.000     4.021    
                         clock uncertainty           -0.035     3.986    
                         FDRE (Setup_FDRE_C_D)        0.025     4.011    sum_q3_reg[1][6][16]
  -------------------------------------------------------------------
                         required time                          4.011    
                         arrival time                         -10.082    
  -------------------------------------------------------------------
                         slack                                 -6.071    

Slack (VIOLATED) :        -6.071ns  (required time - arrival time)
  Source:                 partial_q2_reg[1][6][24]/C
                            (rising edge-triggered cell FDRE clocked by core_clk  {rise@0.000ns fall@2.000ns period=4.000ns})
  Destination:            sum_q3_reg[1][6][17]/D
                            (rising edge-triggered cell FDRE clocked by core_clk  {rise@0.000ns fall@2.000ns period=4.000ns})
  Path Group:             core_clk
  Path Type:              Setup (Max at Slow Process Corner)
  Requirement:            4.000ns  (core_clk rise@4.000ns - core_clk rise@0.000ns)
  Data Path Delay:        10.052ns  (logic 3.231ns (32.143%)  route 6.821ns (67.857%))
  Logic Levels:           46  (CARRY8=15 LUT1=1 LUT2=2 LUT3=3 LUT4=8 LUT5=8 LUT6=9)
  Clock Path Skew:        -0.009ns (DCD - SCD + CPR)
    Destination Clock Delay (DCD):    0.021ns = ( 4.021 - 4.000 ) 
    Source Clock Delay      (SCD):    0.030ns
    Clock Pessimism Removal (CPR):    0.000ns
  Clock Uncertainty:      0.035ns  ((TSJ^2 + TIJ^2)^1/2 + DJ) / 2 + PE
    Total System Jitter     (TSJ):    0.071ns
    Total Input Jitter      (TIJ):    0.000ns
    Discrete Jitter          (DJ):    0.000ns
    Phase Error              (PE):    0.000ns

    Location             Delay type                Incr(ns)  Path(ns)    Netlist Resource(s)
  -------------------------------------------------------------------    -------------------
                         (clock core_clk rise edge)
                                                      0.000     0.000 r  
                                                      0.000     0.000 r  clk (IN)
                         net (fo=11984, unset)        0.030     0.030    clk
                         FDRE                                         r  partial_q2_reg[1][6][24]/C
  -------------------------------------------------------------------    -------------------
                         FDRE (Prop_FDRE_C_Q)         0.077     0.107 r  partial_q2_reg[1][6][24]/Q
                         net (fo=15, unplaced)        0.134     0.241    partial_q2_reg_n_0_[1][6][24]
                         LUT4 (Prop_LUT4_I0_O)        0.100     0.341 r  sum_q3[1][6][31]_i_154/O
                         net (fo=1, unplaced)         0.185     0.526    sum_q3[1][6][31]_i_154_n_0
                         LUT4 (Prop_LUT4_I3_O)        0.038     0.564 f  sum_q3[1][6][31]_i_112/O
                         net (fo=6, unplaced)         0.207     0.771    sum_q3[1][6][31]_i_112_n_0
                         LUT2 (Prop_LUT2_I0_O)        0.038     0.809 f  sum_q3[1][6][31]_i_111/O
                         net (fo=5, unplaced)         0.203     1.012    sum_q3[1][6][31]_i_111_n_0
                         LUT4 (Prop_LUT4_I1_O)        0.066     1.078 f  sum_q3[1][6][31]_i_25/O
                         net (fo=1, unplaced)         0.163     1.241    sum_q3[1][6][31]_i_25_n_0
                         CARRY8 (Prop_CARRY8_DI[3]_CO[3])
                                                      0.130     1.371 f  sum_q3_reg[1][6][31]_i_13/CO[3]
                         net (fo=1, unplaced)         0.137     1.508    p_3358_in
                         LUT3 (Prop_LUT3_I1_O)        0.053     1.561 r  sum_q3[1][6][31]_i_5/O
                         net (fo=132, unplaced)       0.277     1.838    sum_q3[1][6][31]_i_5_n_0
                         LUT6 (Prop_LUT6_I2_O)        0.038     1.876 f  sum_q3[1][6][31]_i_178/O
                         net (fo=3, unplaced)         0.191     2.067    sum_q3[1][6][31]_i_178_n_0
                         LUT6 (Prop_LUT6_I0_O)        0.038     2.105 f  sum_q3[1][6][31]_i_166/O
                         net (fo=3, unplaced)         0.191     2.296    sum_q3[1][6][31]_i_166_n_0
                         LUT6 (Prop_LUT6_I2_O)        0.038     2.334 r  sum_q3[1][6][31]_i_230/O
                         net (fo=31, unplaced)        0.244     2.578    sum_q3[1][6][31]_i_230_n_0
                         LUT6 (Prop_LUT6_I5_O)        0.038     2.616 f  sum_q3[1][6][31]_i_216/O
                         net (fo=27, unplaced)        0.241     2.857    sum_q3[1][6][31]_i_216_n_0
                         LUT1 (Prop_LUT1_I0_O)        0.038     2.895 r  sum_q3[1][6][31]_i_220/O
                         net (fo=25, unplaced)        0.239     3.134    sum_q3[1][6][31]_i_220_n_0
                         CARRY8 (Prop_CARRY8_DI[2]_CO[7])
                                                      0.117     3.251 r  sum_q3_reg[1][6][31]_i_633/CO[7]
                         net (fo=1, unplaced)         0.005     3.256    sum_q3_reg[1][6][31]_i_633_n_0
                         CARRY8 (Prop_CARRY8_CI_CO[6])
                                                      0.092     3.348 r  sum_q3_reg[1][6][31]_i_444/CO[6]
                         net (fo=1, unplaced)         0.138     3.486    sum_q3_reg[1][6][31]_i_444_n_1
                         LUT6 (Prop_LUT6_I5_O)        0.038     3.524 r  sum_q3[1][6][31]_i_300/O
                         net (fo=1, unplaced)         0.137     3.661    sum_q3[1][6][31]_i_300_n_0
                         LUT5 (Prop_LUT5_I3_O)        0.053     3.714 r  sum_q3[1][6][31]_i_267/O
                         net (fo=1, unplaced)         0.185     3.899    sum_q3[1][6][31]_i_267_n_0
                         LUT5 (Prop_LUT5_I4_O)        0.038     3.937 r  sum_q3[1][6][31]_i_204/O
                         net (fo=1, unplaced)         0.185     4.122    sum_q3[1][6][31]_i_204_n_0
                         LUT6 (Prop_LUT6_I2_O)        0.038     4.160 r  sum_q3[1][6][31]_i_140/O
                         net (fo=1, unplaced)         0.185     4.345    sum_q3[1][6][31]_i_140_n_0
                         LUT5 (Prop_LUT5_I2_O)        0.038     4.383 r  sum_q3[1][6][31]_i_60/O
                         net (fo=1, unplaced)         0.020     4.403    sum_q3[1][6][31]_i_60_n_0
                         CARRY8 (Prop_CARRY8_S[0]_CO[7])
                                                      0.199     4.602 r  sum_q3_reg[1][6][31]_i_16/CO[7]
                         net (fo=1, unplaced)         0.005     4.607    sum_q3_reg[1][6][31]_i_16_n_0
                         CARRY8 (Prop_CARRY8_CI_CO[7])
                                                      0.022     4.629 r  sum_q3_reg[1][6][31]_i_17/CO[7]
                         net (fo=1, unplaced)         0.005     4.634    sum_q3_reg[1][6][31]_i_17_n_0
                         CARRY8 (Prop_CARRY8_CI_O[4])
                                                      0.086     4.720 r  sum_q3_reg[1][6][31]_i_19/O[4]
                         net (fo=6, unplaced)         0.205     4.925    sel0__0__1[19]
                         LUT4 (Prop_LUT4_I1_O)        0.090     5.015 f  sum_q3[1][6][31]_i_20/O
                         net (fo=2, unplaced)         0.185     5.200    sum_q3[1][6][31]_i_20_n_0
                         LUT5 (Prop_LUT5_I4_O)        0.038     5.238 f  sum_q3[1][6][31]_i_11/O
                         net (fo=4, unplaced)         0.197     5.435    sum_q3[1][6][31]_i_11_n_0
                         LUT5 (Prop_LUT5_I4_O)        0.038     5.473 r  sum_q3[1][6][30]_i_121/O
                         net (fo=3, unplaced)         0.146     5.619    sum_q3[1][6][30]_i_121_n_0
                         LUT6 (Prop_LUT6_I0_O)        0.090     5.709 r  sum_q3[1][6][30]_i_94/O
                         net (fo=5, unplaced)         0.203     5.912    sum_q3[1][6][30]_i_94_n_0
                         LUT5 (Prop_LUT5_I0_O)        0.038     5.950 r  sum_q3[1][6][30]_i_120/O
                         net (fo=2, unplaced)         0.185     6.135    sum_q3[1][6][30]_i_120_n_0
                         LUT3 (Prop_LUT3_I1_O)        0.068     6.203 r  sum_q3[1][6][30]_i_86/O
                         net (fo=1, unplaced)         0.242     6.445    sum_q3[1][6][30]_i_86_n_0
                         CARRY8 (Prop_CARRY8_DI[2]_CO[3])
                                                      0.134     6.579 r  sum_q3_reg[1][6][30]_i_55/CO[3]
                         net (fo=16, unplaced)        0.135     6.714    sum_q3_reg[1][6][30]_i_55_n_4
                         LUT4 (Prop_LUT4_I1_O)        0.038     6.752 f  sum_q3[1][6][30]_i_56/O
                         net (fo=35, unplaced)        0.202     6.954    sum_q3[1][6][30]_i_56_n_0
                         LUT4 (Prop_LUT4_I0_O)        0.090     7.044 r  sum_q3[1][6][7]_i_32/O
                         net (fo=1, unplaced)         0.141     7.185    sum_q3[1][6][7]_i_32_n_0
                         LUT6 (Prop_LUT6_I0_O)        0.100     7.285 r  sum_q3[1][6][7]_i_24/O
                         net (fo=1, unplaced)         0.185     7.470    sum_q3[1][6][7]_i_24_n_0
                         LUT6 (Prop_LUT6_I5_O)        0.038     7.508 r  sum_q3[1][6][7]_i_13/O
                         net (fo=1, unplaced)         0.020     7.528    sum_q3[1][6][7]_i_13_n_0
                         CARRY8 (Prop_CARRY8_S[0]_CO[7])
                                                      0.199     7.727 f  sum_q3_reg[1][6][7]_i_4/CO[7]
                         net (fo=1, unplaced)         0.005     7.732    sum_q3_reg[1][6][7]_i_4_n_0
                         CARRY8 (Prop_CARRY8_CI_CO[7])
                                                      0.022     7.754 f  sum_q3_reg[1][6][22]_i_8/CO[7]
                         net (fo=1, unplaced)         0.005     7.759    sum_q3_reg[1][6][22]_i_8_n_0
                         CARRY8 (Prop_CARRY8_CI_CO[7])
                                                      0.022     7.781 f  sum_q3_reg[1][6][22]_i_6/CO[7]
                         net (fo=1, unplaced)         0.005     7.786    sum_q3_reg[1][6][22]_i_6_n_0
                         CARRY8 (Prop_CARRY8_CI_CO[0])
                                                      0.052     7.838 f  sum_q3_reg[1][6][22]_i_7/CO[0]
                         net (fo=28, unplaced)        0.242     8.080    sum_q3_reg[1][6][22]_i_7_n_7
                         LUT4 (Prop_LUT4_I2_O)        0.038     8.118 r  sum_q3[1][6][30]_i_24/O
                         net (fo=2, unplaced)         0.185     8.303    sum_q3[1][6][30]_i_24_n_0
                         LUT5 (Prop_LUT5_I0_O)        0.037     8.340 r  sum_q3[1][6][30]_i_31/O
                         net (fo=1, unplaced)         0.023     8.363    sum_q3[1][6][30]_i_31_n_0
                         CARRY8 (Prop_CARRY8_S[1]_CO[7])
                                                      0.197     8.560 r  sum_q3_reg[1][6][30]_i_9/CO[7]
                         net (fo=1, unplaced)         0.005     8.565    sum_q3_reg[1][6][30]_i_9_n_0
                         CARRY8 (Prop_CARRY8_CI_CO[7])
                                                      0.022     8.587 r  sum_q3_reg[1][6][23]_i_13/CO[7]
                         net (fo=1, unplaced)         0.005     8.592    sum_q3_reg[1][6][23]_i_13_n_0
                         CARRY8 (Prop_CARRY8_CI_O[2])
                                                      0.067     8.659 f  sum_q3_reg[1][6][30]_i_84/O[2]
                         net (fo=3, unplaced)         0.142     8.801    sum_q3_reg[1][6][30]_i_84_n_13
                         LUT2 (Prop_LUT2_I0_O)        0.100     8.901 f  sum_q3[1][6][30]_i_40/O
                         net (fo=1, unplaced)         0.242     9.143    sum_q3[1][6][30]_i_40_n_0
                         CARRY8 (Prop_CARRY8_DI[0]_CO[6])
                                                      0.186     9.329 f  sum_q3_reg[1][6][30]_i_10/CO[6]
                         net (fo=9, unplaced)         0.169     9.498    sum_q3_reg[1][6][30]_i_10_n_1
                         LUT3 (Prop_LUT3_I0_O)        0.038     9.536 f  sum_q3[1][6][22]_i_3/O
                         net (fo=23, unplaced)        0.237     9.773    sum_q3[1][6][22]_i_3_n_0
                         LUT5 (Prop_LUT5_I3_O)        0.038     9.811 r  sum_q3[1][6][17]_i_2/O
                         net (fo=1, unplaced)         0.185     9.996    sum_q3[1][6][17]_i_2_n_0
                         LUT4 (Prop_LUT4_I1_O)        0.038    10.034 r  sum_q3[1][6][17]_i_1/O
                         net (fo=1, unplaced)         0.048    10.082    sum_q3[1][6][17]_i_1_n_0
                         FDRE                                         r  sum_q3_reg[1][6][17]/D
  -------------------------------------------------------------------    -------------------

                         (clock core_clk rise edge)
                                                      4.000     4.000 r  
                                                      0.000     4.000 r  clk (IN)
                         net (fo=11984, unset)        0.021     4.021    clk
                         FDRE                                         r  sum_q3_reg[1][6][17]/C
                         clock pessimism              0.000     4.021    
                         clock uncertainty           -0.035     3.986    
                         FDRE (Setup_FDRE_C_D)        0.025     4.011    sum_q3_reg[1][6][17]
  -------------------------------------------------------------------
                         required time                          4.011    
                         arrival time                         -10.082    
  -------------------------------------------------------------------
                         slack                                 -6.071    

Slack (VIOLATED) :        -6.071ns  (required time - arrival time)
  Source:                 partial_q2_reg[1][6][24]/C
                            (rising edge-triggered cell FDRE clocked by core_clk  {rise@0.000ns fall@2.000ns period=4.000ns})
  Destination:            sum_q3_reg[1][6][18]/D
                            (rising edge-triggered cell FDRE clocked by core_clk  {rise@0.000ns fall@2.000ns period=4.000ns})
  Path Group:             core_clk
  Path Type:              Setup (Max at Slow Process Corner)
  Requirement:            4.000ns  (core_clk rise@4.000ns - core_clk rise@0.000ns)
  Data Path Delay:        10.052ns  (logic 3.231ns (32.143%)  route 6.821ns (67.857%))
  Logic Levels:           46  (CARRY8=15 LUT1=1 LUT2=2 LUT3=3 LUT4=8 LUT5=8 LUT6=9)
  Clock Path Skew:        -0.009ns (DCD - SCD + CPR)
    Destination Clock Delay (DCD):    0.021ns = ( 4.021 - 4.000 ) 
    Source Clock Delay      (SCD):    0.030ns
    Clock Pessimism Removal (CPR):    0.000ns
  Clock Uncertainty:      0.035ns  ((TSJ^2 + TIJ^2)^1/2 + DJ) / 2 + PE
    Total System Jitter     (TSJ):    0.071ns
    Total Input Jitter      (TIJ):    0.000ns
    Discrete Jitter          (DJ):    0.000ns
    Phase Error              (PE):    0.000ns

    Location             Delay type                Incr(ns)  Path(ns)    Netlist Resource(s)
  -------------------------------------------------------------------    -------------------
                         (clock core_clk rise edge)
                                                      0.000     0.000 r  
                                                      0.000     0.000 r  clk (IN)
                         net (fo=11984, unset)        0.030     0.030    clk
                         FDRE                                         r  partial_q2_reg[1][6][24]/C
  -------------------------------------------------------------------    -------------------
                         FDRE (Prop_FDRE_C_Q)         0.077     0.107 r  partial_q2_reg[1][6][24]/Q
                         net (fo=15, unplaced)        0.134     0.241    partial_q2_reg_n_0_[1][6][24]
                         LUT4 (Prop_LUT4_I0_O)        0.100     0.341 r  sum_q3[1][6][31]_i_154/O
                         net (fo=1, unplaced)         0.185     0.526    sum_q3[1][6][31]_i_154_n_0
                         LUT4 (Prop_LUT4_I3_O)        0.038     0.564 f  sum_q3[1][6][31]_i_112/O
                         net (fo=6, unplaced)         0.207     0.771    sum_q3[1][6][31]_i_112_n_0
                         LUT2 (Prop_LUT2_I0_O)        0.038     0.809 f  sum_q3[1][6][31]_i_111/O
                         net (fo=5, unplaced)         0.203     1.012    sum_q3[1][6][31]_i_111_n_0
                         LUT4 (Prop_LUT4_I1_O)        0.066     1.078 f  sum_q3[1][6][31]_i_25/O
                         net (fo=1, unplaced)         0.163     1.241    sum_q3[1][6][31]_i_25_n_0
                         CARRY8 (Prop_CARRY8_DI[3]_CO[3])
                                                      0.130     1.371 f  sum_q3_reg[1][6][31]_i_13/CO[3]
                         net (fo=1, unplaced)         0.137     1.508    p_3358_in
                         LUT3 (Prop_LUT3_I1_O)        0.053     1.561 r  sum_q3[1][6][31]_i_5/O
                         net (fo=132, unplaced)       0.277     1.838    sum_q3[1][6][31]_i_5_n_0
                         LUT6 (Prop_LUT6_I2_O)        0.038     1.876 f  sum_q3[1][6][31]_i_178/O
                         net (fo=3, unplaced)         0.191     2.067    sum_q3[1][6][31]_i_178_n_0
                         LUT6 (Prop_LUT6_I0_O)        0.038     2.105 f  sum_q3[1][6][31]_i_166/O
                         net (fo=3, unplaced)         0.191     2.296    sum_q3[1][6][31]_i_166_n_0
                         LUT6 (Prop_LUT6_I2_O)        0.038     2.334 r  sum_q3[1][6][31]_i_230/O
                         net (fo=31, unplaced)        0.244     2.578    sum_q3[1][6][31]_i_230_n_0
                         LUT6 (Prop_LUT6_I5_O)        0.038     2.616 f  sum_q3[1][6][31]_i_216/O
                         net (fo=27, unplaced)        0.241     2.857    sum_q3[1][6][31]_i_216_n_0
                         LUT1 (Prop_LUT1_I0_O)        0.038     2.895 r  sum_q3[1][6][31]_i_220/O
                         net (fo=25, unplaced)        0.239     3.134    sum_q3[1][6][31]_i_220_n_0
                         CARRY8 (Prop_CARRY8_DI[2]_CO[7])
                                                      0.117     3.251 r  sum_q3_reg[1][6][31]_i_633/CO[7]
                         net (fo=1, unplaced)         0.005     3.256    sum_q3_reg[1][6][31]_i_633_n_0
                         CARRY8 (Prop_CARRY8_CI_CO[6])
                                                      0.092     3.348 r  sum_q3_reg[1][6][31]_i_444/CO[6]
                         net (fo=1, unplaced)         0.138     3.486    sum_q3_reg[1][6][31]_i_444_n_1
                         LUT6 (Prop_LUT6_I5_O)        0.038     3.524 r  sum_q3[1][6][31]_i_300/O
                         net (fo=1, unplaced)         0.137     3.661    sum_q3[1][6][31]_i_300_n_0
                         LUT5 (Prop_LUT5_I3_O)        0.053     3.714 r  sum_q3[1][6][31]_i_267/O
                         net (fo=1, unplaced)         0.185     3.899    sum_q3[1][6][31]_i_267_n_0
                         LUT5 (Prop_LUT5_I4_O)        0.038     3.937 r  sum_q3[1][6][31]_i_204/O
                         net (fo=1, unplaced)         0.185     4.122    sum_q3[1][6][31]_i_204_n_0
                         LUT6 (Prop_LUT6_I2_O)        0.038     4.160 r  sum_q3[1][6][31]_i_140/O
                         net (fo=1, unplaced)         0.185     4.345    sum_q3[1][6][31]_i_140_n_0
                         LUT5 (Prop_LUT5_I2_O)        0.038     4.383 r  sum_q3[1][6][31]_i_60/O
                         net (fo=1, unplaced)         0.020     4.403    sum_q3[1][6][31]_i_60_n_0
                         CARRY8 (Prop_CARRY8_S[0]_CO[7])
                                                      0.199     4.602 r  sum_q3_reg[1][6][31]_i_16/CO[7]
                         net (fo=1, unplaced)         0.005     4.607    sum_q3_reg[1][6][31]_i_16_n_0
                         CARRY8 (Prop_CARRY8_CI_CO[7])
                                                      0.022     4.629 r  sum_q3_reg[1][6][31]_i_17/CO[7]
                         net (fo=1, unplaced)         0.005     4.634    sum_q3_reg[1][6][31]_i_17_n_0
                         CARRY8 (Prop_CARRY8_CI_O[4])
                                                      0.086     4.720 r  sum_q3_reg[1][6][31]_i_19/O[4]
                         net (fo=6, unplaced)         0.205     4.925    sel0__0__1[19]
                         LUT4 (Prop_LUT4_I1_O)        0.090     5.015 f  sum_q3[1][6][31]_i_20/O
                         net (fo=2, unplaced)         0.185     5.200    sum_q3[1][6][31]_i_20_n_0
                         LUT5 (Prop_LUT5_I4_O)        0.038     5.238 f  sum_q3[1][6][31]_i_11/O
                         net (fo=4, unplaced)         0.197     5.435    sum_q3[1][6][31]_i_11_n_0
                         LUT5 (Prop_LUT5_I4_O)        0.038     5.473 r  sum_q3[1][6][30]_i_121/O
                         net (fo=3, unplaced)         0.146     5.619    sum_q3[1][6][30]_i_121_n_0
                         LUT6 (Prop_LUT6_I0_O)        0.090     5.709 r  sum_q3[1][6][30]_i_94/O
                         net (fo=5, unplaced)         0.203     5.912    sum_q3[1][6][30]_i_94_n_0
                         LUT5 (Prop_LUT5_I0_O)        0.038     5.950 r  sum_q3[1][6][30]_i_120/O
                         net (fo=2, unplaced)         0.185     6.135    sum_q3[1][6][30]_i_120_n_0
                         LUT3 (Prop_LUT3_I1_O)        0.068     6.203 r  sum_q3[1][6][30]_i_86/O
                         net (fo=1, unplaced)         0.242     6.445    sum_q3[1][6][30]_i_86_n_0
                         CARRY8 (Prop_CARRY8_DI[2]_CO[3])
                                                      0.134     6.579 r  sum_q3_reg[1][6][30]_i_55/CO[3]
                         net (fo=16, unplaced)        0.135     6.714    sum_q3_reg[1][6][30]_i_55_n_4
                         LUT4 (Prop_LUT4_I1_O)        0.038     6.752 f  sum_q3[1][6][30]_i_56/O
                         net (fo=35, unplaced)        0.202     6.954    sum_q3[1][6][30]_i_56_n_0
                         LUT4 (Prop_LUT4_I0_O)        0.090     7.044 r  sum_q3[1][6][7]_i_32/O
                         net (fo=1, unplaced)         0.141     7.185    sum_q3[1][6][7]_i_32_n_0
                         LUT6 (Prop_LUT6_I0_O)        0.100     7.285 r  sum_q3[1][6][7]_i_24/O
                         net (fo=1, unplaced)         0.185     7.470    sum_q3[1][6][7]_i_24_n_0
                         LUT6 (Prop_LUT6_I5_O)        0.038     7.508 r  sum_q3[1][6][7]_i_13/O
                         net (fo=1, unplaced)         0.020     7.528    sum_q3[1][6][7]_i_13_n_0
                         CARRY8 (Prop_CARRY8_S[0]_CO[7])
                                                      0.199     7.727 f  sum_q3_reg[1][6][7]_i_4/CO[7]
                         net (fo=1, unplaced)         0.005     7.732    sum_q3_reg[1][6][7]_i_4_n_0
                         CARRY8 (Prop_CARRY8_CI_CO[7])
                                                      0.022     7.754 f  sum_q3_reg[1][6][22]_i_8/CO[7]
                         net (fo=1, unplaced)         0.005     7.759    sum_q3_reg[1][6][22]_i_8_n_0
                         CARRY8 (Prop_CARRY8_CI_CO[7])
                                                      0.022     7.781 f  sum_q3_reg[1][6][22]_i_6/CO[7]
                         net (fo=1, unplaced)         0.005     7.786    sum_q3_reg[1][6][22]_i_6_n_0
                         CARRY8 (Prop_CARRY8_CI_CO[0])
                                                      0.052     7.838 f  sum_q3_reg[1][6][22]_i_7/CO[0]
                         net (fo=28, unplaced)        0.242     8.080    sum_q3_reg[1][6][22]_i_7_n_7
                         LUT4 (Prop_LUT4_I2_O)        0.038     8.118 r  sum_q3[1][6][30]_i_24/O
                         net (fo=2, unplaced)         0.185     8.303    sum_q3[1][6][30]_i_24_n_0
                         LUT5 (Prop_LUT5_I0_O)        0.037     8.340 r  sum_q3[1][6][30]_i_31/O
                         net (fo=1, unplaced)         0.023     8.363    sum_q3[1][6][30]_i_31_n_0
                         CARRY8 (Prop_CARRY8_S[1]_CO[7])
                                                      0.197     8.560 r  sum_q3_reg[1][6][30]_i_9/CO[7]
                         net (fo=1, unplaced)         0.005     8.565    sum_q3_reg[1][6][30]_i_9_n_0
                         CARRY8 (Prop_CARRY8_CI_CO[7])
                                                      0.022     8.587 r  sum_q3_reg[1][6][23]_i_13/CO[7]
                         net (fo=1, unplaced)         0.005     8.592    sum_q3_reg[1][6][23]_i_13_n_0
                         CARRY8 (Prop_CARRY8_CI_O[2])
                                                      0.067     8.659 f  sum_q3_reg[1][6][30]_i_84/O[2]
                         net (fo=3, unplaced)         0.142     8.801    sum_q3_reg[1][6][30]_i_84_n_13
                         LUT2 (Prop_LUT2_I0_O)        0.100     8.901 f  sum_q3[1][6][30]_i_40/O
                         net (fo=1, unplaced)         0.242     9.143    sum_q3[1][6][30]_i_40_n_0
                         CARRY8 (Prop_CARRY8_DI[0]_CO[6])
                                                      0.186     9.329 f  sum_q3_reg[1][6][30]_i_10/CO[6]
                         net (fo=9, unplaced)         0.169     9.498    sum_q3_reg[1][6][30]_i_10_n_1
                         LUT3 (Prop_LUT3_I0_O)        0.038     9.536 f  sum_q3[1][6][22]_i_3/O
                         net (fo=23, unplaced)        0.237     9.773    sum_q3[1][6][22]_i_3_n_0
                         LUT5 (Prop_LUT5_I3_O)        0.038     9.811 r  sum_q3[1][6][18]_i_2/O
                         net (fo=1, unplaced)         0.185     9.996    sum_q3[1][6][18]_i_2_n_0
                         LUT4 (Prop_LUT4_I1_O)        0.038    10.034 r  sum_q3[1][6][18]_i_1/O
                         net (fo=1, unplaced)         0.048    10.082    sum_q3[1][6][18]_i_1_n_0
                         FDRE                                         r  sum_q3_reg[1][6][18]/D
  -------------------------------------------------------------------    -------------------

                         (clock core_clk rise edge)
                                                      4.000     4.000 r  
                                                      0.000     4.000 r  clk (IN)
                         net (fo=11984, unset)        0.021     4.021    clk
                         FDRE                                         r  sum_q3_reg[1][6][18]/C
                         clock pessimism              0.000     4.021    
                         clock uncertainty           -0.035     3.986    
                         FDRE (Setup_FDRE_C_D)        0.025     4.011    sum_q3_reg[1][6][18]
  -------------------------------------------------------------------
                         required time                          4.011    
                         arrival time                         -10.082    
  -------------------------------------------------------------------
                         slack                                 -6.071    





Pulse Width Checks
--------------------------------------------------------------------------------------
Clock Name:         core_clk
Waveform(ns):       { 0.000 2.000 }
Period(ns):         4.000
Sources:            { clk }

Check Type        Corner  Lib Pin             Reference Pin  Required(ns)  Actual(ns)  Slack(ns)  Location  Pin
Min Period        n/a     RAMB36E2/CLKARDCLK  n/a            1.569         4.000       2.431                acc_store/banks[2].parity[0].ram/mem_reg_0/CLKARDCLK
Min Period        n/a     RAMB36E2/CLKBWRCLK  n/a            1.569         4.000       2.431                acc_store/banks[2].parity[0].ram/mem_reg_0/CLKBWRCLK
Min Period        n/a     RAMB36E2/CLKARDCLK  n/a            1.569         4.000       2.431                acc_store/banks[2].parity[0].ram/mem_reg_1/CLKARDCLK
Min Period        n/a     RAMB36E2/CLKBWRCLK  n/a            1.569         4.000       2.431                acc_store/banks[2].parity[0].ram/mem_reg_1/CLKBWRCLK
Min Period        n/a     RAMB36E2/CLKARDCLK  n/a            1.569         4.000       2.431                acc_store/banks[2].parity[0].ram/mem_reg_2/CLKARDCLK
Min Period        n/a     RAMB36E2/CLKBWRCLK  n/a            1.569         4.000       2.431                acc_store/banks[2].parity[0].ram/mem_reg_2/CLKBWRCLK
Min Period        n/a     RAMB36E2/CLKARDCLK  n/a            1.569         4.000       2.431                acc_store/banks[2].parity[0].ram/mem_reg_3/CLKARDCLK
Min Period        n/a     RAMB36E2/CLKBWRCLK  n/a            1.569         4.000       2.431                acc_store/banks[2].parity[0].ram/mem_reg_3/CLKBWRCLK
Min Period        n/a     RAMB36E2/CLKARDCLK  n/a            1.569         4.000       2.431                acc_store/banks[2].parity[0].ram/mem_reg_4/CLKARDCLK
Min Period        n/a     RAMB36E2/CLKBWRCLK  n/a            1.569         4.000       2.431                acc_store/banks[2].parity[0].ram/mem_reg_4/CLKBWRCLK
Low Pulse Width   Slow    RAMB36E2/CLKARDCLK  n/a            0.542         2.000       1.458                acc_store/banks[2].parity[0].ram/mem_reg_0/CLKARDCLK
Low Pulse Width   Fast    RAMB36E2/CLKARDCLK  n/a            0.542         2.000       1.458                acc_store/banks[2].parity[0].ram/mem_reg_0/CLKARDCLK
Low Pulse Width   Slow    RAMB36E2/CLKBWRCLK  n/a            0.542         2.000       1.458                acc_store/banks[2].parity[0].ram/mem_reg_0/CLKBWRCLK
Low Pulse Width   Fast    RAMB36E2/CLKBWRCLK  n/a            0.542         2.000       1.458                acc_store/banks[2].parity[0].ram/mem_reg_0/CLKBWRCLK
Low Pulse Width   Slow    RAMB36E2/CLKARDCLK  n/a            0.542         2.000       1.458                acc_store/banks[2].parity[0].ram/mem_reg_1/CLKARDCLK
Low Pulse Width   Fast    RAMB36E2/CLKARDCLK  n/a            0.542         2.000       1.458                acc_store/banks[2].parity[0].ram/mem_reg_1/CLKARDCLK
Low Pulse Width   Slow    RAMB36E2/CLKBWRCLK  n/a            0.542         2.000       1.458                acc_store/banks[2].parity[0].ram/mem_reg_1/CLKBWRCLK
Low Pulse Width   Fast    RAMB36E2/CLKBWRCLK  n/a            0.542         2.000       1.458                acc_store/banks[2].parity[0].ram/mem_reg_1/CLKBWRCLK
Low Pulse Width   Slow    RAMB36E2/CLKARDCLK  n/a            0.542         2.000       1.458                acc_store/banks[2].parity[0].ram/mem_reg_2/CLKARDCLK
Low Pulse Width   Fast    RAMB36E2/CLKARDCLK  n/a            0.542         2.000       1.458                acc_store/banks[2].parity[0].ram/mem_reg_2/CLKARDCLK
High Pulse Width  Slow    RAMB36E2/CLKARDCLK  n/a            0.542         2.000       1.458                acc_store/banks[2].parity[0].ram/mem_reg_0/CLKARDCLK
High Pulse Width  Fast    RAMB36E2/CLKARDCLK  n/a            0.542         2.000       1.458                acc_store/banks[2].parity[0].ram/mem_reg_0/CLKARDCLK
High Pulse Width  Slow    RAMB36E2/CLKBWRCLK  n/a            0.542         2.000       1.458                acc_store/banks[2].parity[0].ram/mem_reg_0/CLKBWRCLK
High Pulse Width  Fast    RAMB36E2/CLKBWRCLK  n/a            0.542         2.000       1.458                acc_store/banks[2].parity[0].ram/mem_reg_0/CLKBWRCLK
High Pulse Width  Slow    RAMB36E2/CLKARDCLK  n/a            0.542         2.000       1.458                acc_store/banks[2].parity[0].ram/mem_reg_1/CLKARDCLK
High Pulse Width  Fast    RAMB36E2/CLKARDCLK  n/a            0.542         2.000       1.458                acc_store/banks[2].parity[0].ram/mem_reg_1/CLKARDCLK
High Pulse Width  Slow    RAMB36E2/CLKBWRCLK  n/a            0.542         2.000       1.458                acc_store/banks[2].parity[0].ram/mem_reg_1/CLKBWRCLK
High Pulse Width  Fast    RAMB36E2/CLKBWRCLK  n/a            0.542         2.000       1.458                acc_store/banks[2].parity[0].ram/mem_reg_1/CLKBWRCLK
High Pulse Width  Slow    RAMB36E2/CLKARDCLK  n/a            0.542         2.000       1.458                acc_store/banks[2].parity[0].ram/mem_reg_2/CLKARDCLK
High Pulse Width  Fast    RAMB36E2/CLKARDCLK  n/a            0.542         2.000       1.458                acc_store/banks[2].parity[0].ram/mem_reg_2/CLKARDCLK



