Copyright 1986-2022 Xilinx, Inc. All Rights Reserved.
----------------------------------------------------------------------------------------------------------------------------------------------------------------
| Tool Version      : Vivado v.2022.2 (win64) Build 3671981 Fri Oct 14 05:00:03 MDT 2022
| Date              : Tue Sep 29 19:52:37 2026
| Host              : FLY running 64-bit major release  (build 9200)
| Command           : report_timing_summary -delay_type max -max_paths 10 -file C:/Users/fly04/Desktop/VLA/PCore_2.0/v3/reports/ooc_dea8_fp32_add_v2/timing.rpt
| Design            : dea8_fp32_add_v2
| Device            : xcu50-fsvh2104
| Speed File        : -2  PRODUCTION 1.30 05-01-2022
| Temperature Grade : E
----------------------------------------------------------------------------------------------------------------------------------------------------------------

Timing Summary Report

------------------------------------------------------------------------------------------------
| Timer Settings
| --------------
------------------------------------------------------------------------------------------------

  Enable Multi Corner Analysis               :  Yes
  Enable Pessimism Removal                   :  Yes
  Pessimism Removal Resolution               :  Nearest Common Node
  Enable Input Delay Default Clock           :  No
  Enable Preset / Clear Arcs                 :  No
  Disable Flight Delays                      :  No
  Ignore I/O Paths                           :  No
  Timing Early Launch at Borrowing Latches   :  No
  Borrow Time for Max Delay Exceptions       :  Yes
  Merge Timing Exceptions                    :  Yes

  Corner  Analyze    Analyze    
  Name    Max Paths  Min Paths  
  ------  ---------  ---------  
  Slow    Yes        Yes        
  Fast    Yes        Yes        


------------------------------------------------------------------------------------------------
| Report Methodology
| ------------------
------------------------------------------------------------------------------------------------

No report available as report_methodology has not been run prior. Run report_methodology on the current design for the summary of methodology violations.



check_timing report

Table of Contents
-----------------
1. checking no_clock (0)
2. checking constant_clock (0)
3. checking pulse_width_clock (0)
4. checking unconstrained_internal_endpoints (0)
5. checking no_input_delay (64)
6. checking no_output_delay (32)
7. checking multiple_clock (0)
8. checking generated_clocks (0)
9. checking loops (0)
10. checking partial_input_delay (0)
11. checking partial_output_delay (0)
12. checking latch_loops (0)

1. checking no_clock (0)
------------------------
 There are 0 register/latch pins with no clock.


2. checking constant_clock (0)
------------------------------
 There are 0 register/latch pins with constant_clock.


3. checking pulse_width_clock (0)
---------------------------------
 There are 0 register/latch pins which need pulse_width check


4. checking unconstrained_internal_endpoints (0)
------------------------------------------------
 There are 0 pins that are not constrained for maximum delay.

 There are 0 pins that are not constrained for maximum delay due to constant clock.


5. checking no_input_delay (64)
-------------------------------
 There are 64 input ports with no input delay specified. (HIGH)

 There are 0 input ports with no input delay but user has a false path constraint.


6. checking no_output_delay (32)
--------------------------------
 There are 32 ports with no output delay specified. (HIGH)

 There are 0 ports with no output delay but user has a false path constraint

 There are 0 ports with no output delay but with a timing clock defined on it or propagating through it


7. checking multiple_clock (0)
------------------------------
 There are 0 register/latch pins with multiple clocks.


8. checking generated_clocks (0)
--------------------------------
 There are 0 generated clocks that are not connected to a clock source.


9. checking loops (0)
---------------------
 There are 0 combinational loops in the design.


10. checking partial_input_delay (0)
------------------------------------
 There are 0 input ports with partial input delay specified.


11. checking partial_output_delay (0)
-------------------------------------
 There are 0 ports with partial output delay specified.


12. checking latch_loops (0)
----------------------------
 There are 0 combinational latch loops in the design through latch input



------------------------------------------------------------------------------------------------
| Design Timing Summary
| ---------------------
------------------------------------------------------------------------------------------------

    WNS(ns)      TNS(ns)  TNS Failing Endpoints  TNS Total Endpoints     WPWS(ns)     TPWS(ns)  TPWS Failing Endpoints  TPWS Total Endpoints  
    -------      -------  ---------------------  -------------------     --------     --------  ----------------------  --------------------  
     -4.374     -197.114                     54                   62        1.725        0.000                       0                    96  


Timing constraints are not met.


------------------------------------------------------------------------------------------------
| Clock Summary
| -------------
------------------------------------------------------------------------------------------------

Clock     Waveform(ns)         Period(ns)      Frequency(MHz)
-----     ------------         ----------      --------------
core_clk  {0.000 2.000}        4.000           250.000         


------------------------------------------------------------------------------------------------
| Intra Clock Table
| -----------------
------------------------------------------------------------------------------------------------

Clock             WNS(ns)      TNS(ns)  TNS Failing Endpoints  TNS Total Endpoints     WPWS(ns)     TPWS(ns)  TPWS Failing Endpoints  TPWS Total Endpoints  
-----             -------      -------  ---------------------  -------------------     --------     --------  ----------------------  --------------------  
core_clk           -4.374     -197.114                     54                   62        1.725        0.000                       0                    96  


------------------------------------------------------------------------------------------------
| Inter Clock Table
| -----------------
------------------------------------------------------------------------------------------------

From Clock    To Clock          WNS(ns)      TNS(ns)  TNS Failing Endpoints  TNS Total Endpoints  
----------    --------          -------      -------  ---------------------  -------------------  


------------------------------------------------------------------------------------------------
| Other Path Groups Table
| -----------------------
------------------------------------------------------------------------------------------------

Path Group    From Clock    To Clock          WNS(ns)      TNS(ns)  TNS Failing Endpoints  TNS Total Endpoints  
----------    ----------    --------          -------      -------  ---------------------  -------------------  


------------------------------------------------------------------------------------------------
| Timing Details
| --------------
------------------------------------------------------------------------------------------------


---------------------------------------------------------------------------------------------------
From Clock:  core_clk
  To Clock:  core_clk

Setup :           54  Failing Endpoints,  Worst Slack       -4.374ns,  Total Violation     -197.114ns
Hold  :           NA  Failing Endpoints,  Worst Slack           NA  ,  Total Violation           NA
PW    :            0  Failing Endpoints,  Worst Slack        1.725ns,  Total Violation        0.000ns
---------------------------------------------------------------------------------------------------


Max Delay Paths
--------------------------------------------------------------------------------------
Slack (VIOLATED) :        -4.374ns  (required time - arrival time)
  Source:                 a_q_reg[25]/C
                            (rising edge-triggered cell FDRE clocked by core_clk  {rise@0.000ns fall@2.000ns period=4.000ns})
  Destination:            result_reg[0]/R
                            (rising edge-triggered cell FDRE clocked by core_clk  {rise@0.000ns fall@2.000ns period=4.000ns})
  Path Group:             core_clk
  Path Type:              Setup (Max at Slow Process Corner)
  Requirement:            4.000ns  (core_clk rise@4.000ns - core_clk rise@0.000ns)
  Data Path Delay:        8.256ns  (logic 2.691ns (32.594%)  route 5.565ns (67.406%))
  Logic Levels:           34  (CARRY8=9 LUT3=2 LUT4=4 LUT5=4 LUT6=15)
  Clock Path Skew:        -0.009ns (DCD - SCD + CPR)
    Destination Clock Delay (DCD):    0.021ns = ( 4.021 - 4.000 ) 
    Source Clock Delay      (SCD):    0.030ns
    Clock Pessimism Removal (CPR):    0.000ns
  Clock Uncertainty:      0.035ns  ((TSJ^2 + TIJ^2)^1/2 + DJ) / 2 + PE
    Total System Jitter     (TSJ):    0.071ns
    Total Input Jitter      (TIJ):    0.000ns
    Discrete Jitter          (DJ):    0.000ns
    Phase Error              (PE):    0.000ns

    Location             Delay type                Incr(ns)  Path(ns)    Netlist Resource(s)
  -------------------------------------------------------------------    -------------------
                         (clock core_clk rise edge)
                                                      0.000     0.000 r  
                                                      0.000     0.000 r  clk (IN)
                         net (fo=95, unset)           0.030     0.030    clk
                         FDRE                                         r  a_q_reg[25]/C
  -------------------------------------------------------------------    -------------------
                         FDRE (Prop_FDRE_C_Q)         0.077     0.107 r  a_q_reg[25]/Q
                         net (fo=26, unplaced)        0.147     0.254    a_q_reg_n_0_[25]
                         LUT4 (Prop_LUT4_I0_O)        0.100     0.354 r  result[31]_i_18/O
                         net (fo=3, unplaced)         0.191     0.545    result[31]_i_18_n_0
                         LUT5 (Prop_LUT5_I1_O)        0.038     0.583 r  result[31]_i_7/O
                         net (fo=17, unplaced)        0.230     0.813    result[31]_i_7_n_0
                         LUT4 (Prop_LUT4_I3_O)        0.070     0.883 f  result[31]_i_22/O
                         net (fo=1, unplaced)         0.242     1.125    result[31]_i_22_n_0
                         CARRY8 (Prop_CARRY8_DI[0]_CO[3])
                                                      0.182     1.307 f  result_reg[31]_i_8/CO[3]
                         net (fo=13, unplaced)        0.176     1.483    fp32_prepare[big_x]_return33_in
                         LUT6 (Prop_LUT6_I2_O)        0.053     1.536 r  result[31]_i_2/O
                         net (fo=104, unplaced)       0.271     1.807    result[31]_i_2_n_0
                         LUT6 (Prop_LUT6_I5_O)        0.038     1.845 r  result[31]_i_150/O
                         net (fo=3, unplaced)         0.191     2.036    result[31]_i_150_n_0
                         LUT3 (Prop_LUT3_I2_O)        0.038     2.074 f  result[31]_i_82/O
                         net (fo=24, unplaced)        0.238     2.312    result[31]_i_82_n_0
                         LUT6 (Prop_LUT6_I4_O)        0.038     2.350 f  result[31]_i_144/O
                         net (fo=1, unplaced)         0.185     2.535    result[31]_i_144_n_0
                         LUT6 (Prop_LUT6_I2_O)        0.038     2.573 f  result[31]_i_80/O
                         net (fo=17, unplaced)        0.230     2.803    result[31]_i_80_n_0
                         LUT6 (Prop_LUT6_I2_O)        0.038     2.841 r  result[31]_i_90/O
                         net (fo=1, unplaced)         0.185     3.026    result[31]_i_90_n_0
                         LUT4 (Prop_LUT4_I1_O)        0.037     3.063 r  result[31]_i_44/O
                         net (fo=1, unplaced)         0.032     3.095    result[31]_i_44_n_0
                         CARRY8 (Prop_CARRY8_S[3]_CO[7])
                                                      0.170     3.265 r  result_reg[31]_i_11/CO[7]
                         net (fo=1, unplaced)         0.005     3.270    result_reg[31]_i_11_n_0
                         CARRY8 (Prop_CARRY8_CI_O[5])
                                                      0.116     3.386 r  result_reg[31]_i_48/O[5]
                         net (fo=5, unplaced)         0.175     3.561    x__0[13]
                         LUT6 (Prop_LUT6_I0_O)        0.150     3.711 f  result[31]_i_13/O
                         net (fo=7, unplaced)         0.123     3.834    result[31]_i_13_n_0
                         LUT5 (Prop_LUT5_I1_O)        0.125     3.959 r  result[30]_i_76/O
                         net (fo=5, unplaced)         0.203     4.162    result[30]_i_76_n_0
                         LUT6 (Prop_LUT6_I5_O)        0.038     4.200 f  result[30]_i_51/O
                         net (fo=9, unplaced)         0.172     4.372    result[30]_i_51_n_0
                         LUT6 (Prop_LUT6_I0_O)        0.100     4.472 r  result[30]_i_39/O
                         net (fo=5, unplaced)         0.203     4.675    result[30]_i_39_n_0
                         LUT6 (Prop_LUT6_I5_O)        0.038     4.713 f  result[30]_i_26/O
                         net (fo=8, unplaced)         0.213     4.926    result[30]_i_26_n_0
                         LUT6 (Prop_LUT6_I5_O)        0.038     4.964 r  result[30]_i_55/O
                         net (fo=1, unplaced)         0.233     5.197    result[30]_i_55_n_0
                         CARRY8 (Prop_CARRY8_DI[0]_CO[3])
                                                      0.182     5.379 r  result_reg[30]_i_27/CO[3]
                         net (fo=16, unplaced)        0.135     5.514    result_reg[30]_i_27_n_4
                         LUT6 (Prop_LUT6_I5_O)        0.038     5.552 r  result[30]_i_23/O
                         net (fo=35, unplaced)        0.202     5.754    result[30]_i_23_n_0
                         LUT5 (Prop_LUT5_I2_O)        0.090     5.844 f  result[7]_i_21/O
                         net (fo=2, unplaced)         0.185     6.029    result[7]_i_21_n_0
                         LUT6 (Prop_LUT6_I5_O)        0.038     6.067 r  result[7]_i_22/O
                         net (fo=1, unplaced)         0.185     6.252    result[7]_i_22_n_0
                         LUT6 (Prop_LUT6_I5_O)        0.038     6.290 r  result[7]_i_11/O
                         net (fo=1, unplaced)         0.020     6.310    result[7]_i_11_n_0
                         CARRY8 (Prop_CARRY8_S[0]_CO[7])
                                                      0.199     6.509 r  result_reg[7]_i_2/CO[7]
                         net (fo=1, unplaced)         0.005     6.514    result_reg[7]_i_2_n_0
                         CARRY8 (Prop_CARRY8_CI_CO[7])
                                                      0.022     6.536 r  result_reg[15]_i_2/CO[7]
                         net (fo=1, unplaced)         0.005     6.541    result_reg[15]_i_2_n_0
                         CARRY8 (Prop_CARRY8_CI_CO[7])
                                                      0.022     6.563 r  result_reg[22]_i_3/CO[7]
                         net (fo=1, unplaced)         0.005     6.568    result_reg[22]_i_3_n_0
                         CARRY8 (Prop_CARRY8_CI_CO[0])
                                                      0.052     6.620 r  result_reg[22]_i_4/CO[0]
                         net (fo=26, unplaced)        0.240     6.860    p_0_in2_in
                         LUT5 (Prop_LUT5_I4_O)        0.038     6.898 r  result[30]_i_12/O
                         net (fo=2, unplaced)         0.185     7.083    result[30]_i_12_n_0
                         LUT6 (Prop_LUT6_I2_O)        0.037     7.120 r  result[30]_i_20/O
                         net (fo=1, unplaced)         0.023     7.143    result[30]_i_20_n_0
                         CARRY8 (Prop_CARRY8_S[1]_O[5])
                                                      0.237     7.380 r  result_reg[30]_i_4/O[5]
                         net (fo=3, unplaced)         0.100     7.480    result_reg[30]_i_4_n_10
                         LUT4 (Prop_LUT4_I0_O)        0.100     7.580 r  result[28]_i_3/O
                         net (fo=1, unplaced)         0.185     7.765    result[28]_i_3_n_0
                         LUT6 (Prop_LUT6_I1_O)        0.038     7.803 r  result[28]_i_2/O
                         net (fo=6, unplaced)         0.207     8.010    result[28]_i_2_n_0
                         LUT3 (Prop_LUT3_I0_O)        0.038     8.048 r  result[21]_i_1/O
                         net (fo=23, unplaced)        0.238     8.286    result[21]_i_1_n_0
                         FDRE                                         r  result_reg[0]/R
  -------------------------------------------------------------------    -------------------

                         (clock core_clk rise edge)
                                                      4.000     4.000 r  
                                                      0.000     4.000 r  clk (IN)
                         net (fo=95, unset)           0.021     4.021    clk
                         FDRE                                         r  result_reg[0]/C
                         clock pessimism              0.000     4.021    
                         clock uncertainty           -0.035     3.986    
                         FDRE (Setup_FDRE_C_R)       -0.074     3.912    result_reg[0]
  -------------------------------------------------------------------
                         required time                          3.912    
                         arrival time                          -8.286    
  -------------------------------------------------------------------
                         slack                                 -4.374    

Slack (VIOLATED) :        -4.374ns  (required time - arrival time)
  Source:                 a_q_reg[25]/C
                            (rising edge-triggered cell FDRE clocked by core_clk  {rise@0.000ns fall@2.000ns period=4.000ns})
  Destination:            result_reg[10]/R
                            (rising edge-triggered cell FDRE clocked by core_clk  {rise@0.000ns fall@2.000ns period=4.000ns})
  Path Group:             core_clk
  Path Type:              Setup (Max at Slow Process Corner)
  Requirement:            4.000ns  (core_clk rise@4.000ns - core_clk rise@0.000ns)
  Data Path Delay:        8.256ns  (logic 2.691ns (32.594%)  route 5.565ns (67.406%))
  Logic Levels:           34  (CARRY8=9 LUT3=2 LUT4=4 LUT5=4 LUT6=15)
  Clock Path Skew:        -0.009ns (DCD - SCD + CPR)
    Destination Clock Delay (DCD):    0.021ns = ( 4.021 - 4.000 ) 
    Source Clock Delay      (SCD):    0.030ns
    Clock Pessimism Removal (CPR):    0.000ns
  Clock Uncertainty:      0.035ns  ((TSJ^2 + TIJ^2)^1/2 + DJ) / 2 + PE
    Total System Jitter     (TSJ):    0.071ns
    Total Input Jitter      (TIJ):    0.000ns
    Discrete Jitter          (DJ):    0.000ns
    Phase Error              (PE):    0.000ns

    Location             Delay type                Incr(ns)  Path(ns)    Netlist Resource(s)
  -------------------------------------------------------------------    -------------------
                         (clock core_clk rise edge)
                                                      0.000     0.000 r  
                                                      0.000     0.000 r  clk (IN)
                         net (fo=95, unset)           0.030     0.030    clk
                         FDRE                                         r  a_q_reg[25]/C
  -------------------------------------------------------------------    -------------------
                         FDRE (Prop_FDRE_C_Q)         0.077     0.107 r  a_q_reg[25]/Q
                         net (fo=26, unplaced)        0.147     0.254    a_q_reg_n_0_[25]
                         LUT4 (Prop_LUT4_I0_O)        0.100     0.354 r  result[31]_i_18/O
                         net (fo=3, unplaced)         0.191     0.545    result[31]_i_18_n_0
                         LUT5 (Prop_LUT5_I1_O)        0.038     0.583 r  result[31]_i_7/O
                         net (fo=17, unplaced)        0.230     0.813    result[31]_i_7_n_0
                         LUT4 (Prop_LUT4_I3_O)        0.070     0.883 f  result[31]_i_22/O
                         net (fo=1, unplaced)         0.242     1.125    result[31]_i_22_n_0
                         CARRY8 (Prop_CARRY8_DI[0]_CO[3])
                                                      0.182     1.307 f  result_reg[31]_i_8/CO[3]
                         net (fo=13, unplaced)        0.176     1.483    fp32_prepare[big_x]_return33_in
                         LUT6 (Prop_LUT6_I2_O)        0.053     1.536 r  result[31]_i_2/O
                         net (fo=104, unplaced)       0.271     1.807    result[31]_i_2_n_0
                         LUT6 (Prop_LUT6_I5_O)        0.038     1.845 r  result[31]_i_150/O
                         net (fo=3, unplaced)         0.191     2.036    result[31]_i_150_n_0
                         LUT3 (Prop_LUT3_I2_O)        0.038     2.074 f  result[31]_i_82/O
                         net (fo=24, unplaced)        0.238     2.312    result[31]_i_82_n_0
                         LUT6 (Prop_LUT6_I4_O)        0.038     2.350 f  result[31]_i_144/O
                         net (fo=1, unplaced)         0.185     2.535    result[31]_i_144_n_0
                         LUT6 (Prop_LUT6_I2_O)        0.038     2.573 f  result[31]_i_80/O
                         net (fo=17, unplaced)        0.230     2.803    result[31]_i_80_n_0
                         LUT6 (Prop_LUT6_I2_O)        0.038     2.841 r  result[31]_i_90/O
                         net (fo=1, unplaced)         0.185     3.026    result[31]_i_90_n_0
                         LUT4 (Prop_LUT4_I1_O)        0.037     3.063 r  result[31]_i_44/O
                         net (fo=1, unplaced)         0.032     3.095    result[31]_i_44_n_0
                         CARRY8 (Prop_CARRY8_S[3]_CO[7])
                                                      0.170     3.265 r  result_reg[31]_i_11/CO[7]
                         net (fo=1, unplaced)         0.005     3.270    result_reg[31]_i_11_n_0
                         CARRY8 (Prop_CARRY8_CI_O[5])
                                                      0.116     3.386 r  result_reg[31]_i_48/O[5]
                         net (fo=5, unplaced)         0.175     3.561    x__0[13]
                         LUT6 (Prop_LUT6_I0_O)        0.150     3.711 f  result[31]_i_13/O
                         net (fo=7, unplaced)         0.123     3.834    result[31]_i_13_n_0
                         LUT5 (Prop_LUT5_I1_O)        0.125     3.959 r  result[30]_i_76/O
                         net (fo=5, unplaced)         0.203     4.162    result[30]_i_76_n_0
                         LUT6 (Prop_LUT6_I5_O)        0.038     4.200 f  result[30]_i_51/O
                         net (fo=9, unplaced)         0.172     4.372    result[30]_i_51_n_0
                         LUT6 (Prop_LUT6_I0_O)        0.100     4.472 r  result[30]_i_39/O
                         net (fo=5, unplaced)         0.203     4.675    result[30]_i_39_n_0
                         LUT6 (Prop_LUT6_I5_O)        0.038     4.713 f  result[30]_i_26/O
                         net (fo=8, unplaced)         0.213     4.926    result[30]_i_26_n_0
                         LUT6 (Prop_LUT6_I5_O)        0.038     4.964 r  result[30]_i_55/O
                         net (fo=1, unplaced)         0.233     5.197    result[30]_i_55_n_0
                         CARRY8 (Prop_CARRY8_DI[0]_CO[3])
                                                      0.182     5.379 r  result_reg[30]_i_27/CO[3]
                         net (fo=16, unplaced)        0.135     5.514    result_reg[30]_i_27_n_4
                         LUT6 (Prop_LUT6_I5_O)        0.038     5.552 r  result[30]_i_23/O
                         net (fo=35, unplaced)        0.202     5.754    result[30]_i_23_n_0
                         LUT5 (Prop_LUT5_I2_O)        0.090     5.844 f  result[7]_i_21/O
                         net (fo=2, unplaced)         0.185     6.029    result[7]_i_21_n_0
                         LUT6 (Prop_LUT6_I5_O)        0.038     6.067 r  result[7]_i_22/O
                         net (fo=1, unplaced)         0.185     6.252    result[7]_i_22_n_0
                         LUT6 (Prop_LUT6_I5_O)        0.038     6.290 r  result[7]_i_11/O
                         net (fo=1, unplaced)         0.020     6.310    result[7]_i_11_n_0
                         CARRY8 (Prop_CARRY8_S[0]_CO[7])
                                                      0.199     6.509 r  result_reg[7]_i_2/CO[7]
                         net (fo=1, unplaced)         0.005     6.514    result_reg[7]_i_2_n_0
                         CARRY8 (Prop_CARRY8_CI_CO[7])
                                                      0.022     6.536 r  result_reg[15]_i_2/CO[7]
                         net (fo=1, unplaced)         0.005     6.541    result_reg[15]_i_2_n_0
                         CARRY8 (Prop_CARRY8_CI_CO[7])
                                                      0.022     6.563 r  result_reg[22]_i_3/CO[7]
                         net (fo=1, unplaced)         0.005     6.568    result_reg[22]_i_3_n_0
                         CARRY8 (Prop_CARRY8_CI_CO[0])
                                                      0.052     6.620 r  result_reg[22]_i_4/CO[0]
                         net (fo=26, unplaced)        0.240     6.860    p_0_in2_in
                         LUT5 (Prop_LUT5_I4_O)        0.038     6.898 r  result[30]_i_12/O
                         net (fo=2, unplaced)         0.185     7.083    result[30]_i_12_n_0
                         LUT6 (Prop_LUT6_I2_O)        0.037     7.120 r  result[30]_i_20/O
                         net (fo=1, unplaced)         0.023     7.143    result[30]_i_20_n_0
                         CARRY8 (Prop_CARRY8_S[1]_O[5])
                                                      0.237     7.380 r  result_reg[30]_i_4/O[5]
                         net (fo=3, unplaced)         0.100     7.480    result_reg[30]_i_4_n_10
                         LUT4 (Prop_LUT4_I0_O)        0.100     7.580 r  result[28]_i_3/O
                         net (fo=1, unplaced)         0.185     7.765    result[28]_i_3_n_0
                         LUT6 (Prop_LUT6_I1_O)        0.038     7.803 r  result[28]_i_2/O
                         net (fo=6, unplaced)         0.207     8.010    result[28]_i_2_n_0
                         LUT3 (Prop_LUT3_I0_O)        0.038     8.048 r  result[21]_i_1/O
                         net (fo=23, unplaced)        0.238     8.286    result[21]_i_1_n_0
                         FDRE                                         r  result_reg[10]/R
  -------------------------------------------------------------------    -------------------

                         (clock core_clk rise edge)
                                                      4.000     4.000 r  
                                                      0.000     4.000 r  clk (IN)
                         net (fo=95, unset)           0.021     4.021    clk
                         FDRE                                         r  result_reg[10]/C
                         clock pessimism              0.000     4.021    
                         clock uncertainty           -0.035     3.986    
                         FDRE (Setup_FDRE_C_R)       -0.074     3.912    result_reg[10]
  -------------------------------------------------------------------
                         required time                          3.912    
                         arrival time                          -8.286    
  -------------------------------------------------------------------
                         slack                                 -4.374    

Slack (VIOLATED) :        -4.374ns  (required time - arrival time)
  Source:                 a_q_reg[25]/C
                            (rising edge-triggered cell FDRE clocked by core_clk  {rise@0.000ns fall@2.000ns period=4.000ns})
  Destination:            result_reg[11]/R
                            (rising edge-triggered cell FDRE clocked by core_clk  {rise@0.000ns fall@2.000ns period=4.000ns})
  Path Group:             core_clk
  Path Type:              Setup (Max at Slow Process Corner)
  Requirement:            4.000ns  (core_clk rise@4.000ns - core_clk rise@0.000ns)
  Data Path Delay:        8.256ns  (logic 2.691ns (32.594%)  route 5.565ns (67.406%))
  Logic Levels:           34  (CARRY8=9 LUT3=2 LUT4=4 LUT5=4 LUT6=15)
  Clock Path Skew:        -0.009ns (DCD - SCD + CPR)
    Destination Clock Delay (DCD):    0.021ns = ( 4.021 - 4.000 ) 
    Source Clock Delay      (SCD):    0.030ns
    Clock Pessimism Removal (CPR):    0.000ns
  Clock Uncertainty:      0.035ns  ((TSJ^2 + TIJ^2)^1/2 + DJ) / 2 + PE
    Total System Jitter     (TSJ):    0.071ns
    Total Input Jitter      (TIJ):    0.000ns
    Discrete Jitter          (DJ):    0.000ns
    Phase Error              (PE):    0.000ns

    Location             Delay type                Incr(ns)  Path(ns)    Netlist Resource(s)
  -------------------------------------------------------------------    -------------------
                         (clock core_clk rise edge)
                                                      0.000     0.000 r  
                                                      0.000     0.000 r  clk (IN)
                         net (fo=95, unset)           0.030     0.030    clk
                         FDRE                                         r  a_q_reg[25]/C
  -------------------------------------------------------------------    -------------------
                         FDRE (Prop_FDRE_C_Q)         0.077     0.107 r  a_q_reg[25]/Q
                         net (fo=26, unplaced)        0.147     0.254    a_q_reg_n_0_[25]
                         LUT4 (Prop_LUT4_I0_O)        0.100     0.354 r  result[31]_i_18/O
                         net (fo=3, unplaced)         0.191     0.545    result[31]_i_18_n_0
                         LUT5 (Prop_LUT5_I1_O)        0.038     0.583 r  result[31]_i_7/O
                         net (fo=17, unplaced)        0.230     0.813    result[31]_i_7_n_0
                         LUT4 (Prop_LUT4_I3_O)        0.070     0.883 f  result[31]_i_22/O
                         net (fo=1, unplaced)         0.242     1.125    result[31]_i_22_n_0
                         CARRY8 (Prop_CARRY8_DI[0]_CO[3])
                                                      0.182     1.307 f  result_reg[31]_i_8/CO[3]
                         net (fo=13, unplaced)        0.176     1.483    fp32_prepare[big_x]_return33_in
                         LUT6 (Prop_LUT6_I2_O)        0.053     1.536 r  result[31]_i_2/O
                         net (fo=104, unplaced)       0.271     1.807    result[31]_i_2_n_0
                         LUT6 (Prop_LUT6_I5_O)        0.038     1.845 r  result[31]_i_150/O
                         net (fo=3, unplaced)         0.191     2.036    result[31]_i_150_n_0
                         LUT3 (Prop_LUT3_I2_O)        0.038     2.074 f  result[31]_i_82/O
                         net (fo=24, unplaced)        0.238     2.312    result[31]_i_82_n_0
                         LUT6 (Prop_LUT6_I4_O)        0.038     2.350 f  result[31]_i_144/O
                         net (fo=1, unplaced)         0.185     2.535    result[31]_i_144_n_0
                         LUT6 (Prop_LUT6_I2_O)        0.038     2.573 f  result[31]_i_80/O
                         net (fo=17, unplaced)        0.230     2.803    result[31]_i_80_n_0
                         LUT6 (Prop_LUT6_I2_O)        0.038     2.841 r  result[31]_i_90/O
                         net (fo=1, unplaced)         0.185     3.026    result[31]_i_90_n_0
                         LUT4 (Prop_LUT4_I1_O)        0.037     3.063 r  result[31]_i_44/O
                         net (fo=1, unplaced)         0.032     3.095    result[31]_i_44_n_0
                         CARRY8 (Prop_CARRY8_S[3]_CO[7])
                                                      0.170     3.265 r  result_reg[31]_i_11/CO[7]
                         net (fo=1, unplaced)         0.005     3.270    result_reg[31]_i_11_n_0
                         CARRY8 (Prop_CARRY8_CI_O[5])
                                                      0.116     3.386 r  result_reg[31]_i_48/O[5]
                         net (fo=5, unplaced)         0.175     3.561    x__0[13]
                         LUT6 (Prop_LUT6_I0_O)        0.150     3.711 f  result[31]_i_13/O
                         net (fo=7, unplaced)         0.123     3.834    result[31]_i_13_n_0
                         LUT5 (Prop_LUT5_I1_O)        0.125     3.959 r  result[30]_i_76/O
                         net (fo=5, unplaced)         0.203     4.162    result[30]_i_76_n_0
                         LUT6 (Prop_LUT6_I5_O)        0.038     4.200 f  result[30]_i_51/O
                         net (fo=9, unplaced)         0.172     4.372    result[30]_i_51_n_0
                         LUT6 (Prop_LUT6_I0_O)        0.100     4.472 r  result[30]_i_39/O
                         net (fo=5, unplaced)         0.203     4.675    result[30]_i_39_n_0
                         LUT6 (Prop_LUT6_I5_O)        0.038     4.713 f  result[30]_i_26/O
                         net (fo=8, unplaced)         0.213     4.926    result[30]_i_26_n_0
                         LUT6 (Prop_LUT6_I5_O)        0.038     4.964 r  result[30]_i_55/O
                         net (fo=1, unplaced)         0.233     5.197    result[30]_i_55_n_0
                         CARRY8 (Prop_CARRY8_DI[0]_CO[3])
                                                      0.182     5.379 r  result_reg[30]_i_27/CO[3]
                         net (fo=16, unplaced)        0.135     5.514    result_reg[30]_i_27_n_4
                         LUT6 (Prop_LUT6_I5_O)        0.038     5.552 r  result[30]_i_23/O
                         net (fo=35, unplaced)        0.202     5.754    result[30]_i_23_n_0
                         LUT5 (Prop_LUT5_I2_O)        0.090     5.844 f  result[7]_i_21/O
                         net (fo=2, unplaced)         0.185     6.029    result[7]_i_21_n_0
                         LUT6 (Prop_LUT6_I5_O)        0.038     6.067 r  result[7]_i_22/O
                         net (fo=1, unplaced)         0.185     6.252    result[7]_i_22_n_0
                         LUT6 (Prop_LUT6_I5_O)        0.038     6.290 r  result[7]_i_11/O
                         net (fo=1, unplaced)         0.020     6.310    result[7]_i_11_n_0
                         CARRY8 (Prop_CARRY8_S[0]_CO[7])
                                                      0.199     6.509 r  result_reg[7]_i_2/CO[7]
                         net (fo=1, unplaced)         0.005     6.514    result_reg[7]_i_2_n_0
                         CARRY8 (Prop_CARRY8_CI_CO[7])
                                                      0.022     6.536 r  result_reg[15]_i_2/CO[7]
                         net (fo=1, unplaced)         0.005     6.541    result_reg[15]_i_2_n_0
                         CARRY8 (Prop_CARRY8_CI_CO[7])
                                                      0.022     6.563 r  result_reg[22]_i_3/CO[7]
                         net (fo=1, unplaced)         0.005     6.568    result_reg[22]_i_3_n_0
                         CARRY8 (Prop_CARRY8_CI_CO[0])
                                                      0.052     6.620 r  result_reg[22]_i_4/CO[0]
                         net (fo=26, unplaced)        0.240     6.860    p_0_in2_in
                         LUT5 (Prop_LUT5_I4_O)        0.038     6.898 r  result[30]_i_12/O
                         net (fo=2, unplaced)         0.185     7.083    result[30]_i_12_n_0
                         LUT6 (Prop_LUT6_I2_O)        0.037     7.120 r  result[30]_i_20/O
                         net (fo=1, unplaced)         0.023     7.143    result[30]_i_20_n_0
                         CARRY8 (Prop_CARRY8_S[1]_O[5])
                                                      0.237     7.380 r  result_reg[30]_i_4/O[5]
                         net (fo=3, unplaced)         0.100     7.480    result_reg[30]_i_4_n_10
                         LUT4 (Prop_LUT4_I0_O)        0.100     7.580 r  result[28]_i_3/O
                         net (fo=1, unplaced)         0.185     7.765    result[28]_i_3_n_0
                         LUT6 (Prop_LUT6_I1_O)        0.038     7.803 r  result[28]_i_2/O
                         net (fo=6, unplaced)         0.207     8.010    result[28]_i_2_n_0
                         LUT3 (Prop_LUT3_I0_O)        0.038     8.048 r  result[21]_i_1/O
                         net (fo=23, unplaced)        0.238     8.286    result[21]_i_1_n_0
                         FDRE                                         r  result_reg[11]/R
  -------------------------------------------------------------------    -------------------

                         (clock core_clk rise edge)
                                                      4.000     4.000 r  
                                                      0.000     4.000 r  clk (IN)
                         net (fo=95, unset)           0.021     4.021    clk
                         FDRE                                         r  result_reg[11]/C
                         clock pessimism              0.000     4.021    
                         clock uncertainty           -0.035     3.986    
                         FDRE (Setup_FDRE_C_R)       -0.074     3.912    result_reg[11]
  -------------------------------------------------------------------
                         required time                          3.912    
                         arrival time                          -8.286    
  -------------------------------------------------------------------
                         slack                                 -4.374    

Slack (VIOLATED) :        -4.374ns  (required time - arrival time)
  Source:                 a_q_reg[25]/C
                            (rising edge-triggered cell FDRE clocked by core_clk  {rise@0.000ns fall@2.000ns period=4.000ns})
  Destination:            result_reg[12]/R
                            (rising edge-triggered cell FDRE clocked by core_clk  {rise@0.000ns fall@2.000ns period=4.000ns})
  Path Group:             core_clk
  Path Type:              Setup (Max at Slow Process Corner)
  Requirement:            4.000ns  (core_clk rise@4.000ns - core_clk rise@0.000ns)
  Data Path Delay:        8.256ns  (logic 2.691ns (32.594%)  route 5.565ns (67.406%))
  Logic Levels:           34  (CARRY8=9 LUT3=2 LUT4=4 LUT5=4 LUT6=15)
  Clock Path Skew:        -0.009ns (DCD - SCD + CPR)
    Destination Clock Delay (DCD):    0.021ns = ( 4.021 - 4.000 ) 
    Source Clock Delay      (SCD):    0.030ns
    Clock Pessimism Removal (CPR):    0.000ns
  Clock Uncertainty:      0.035ns  ((TSJ^2 + TIJ^2)^1/2 + DJ) / 2 + PE
    Total System Jitter     (TSJ):    0.071ns
    Total Input Jitter      (TIJ):    0.000ns
    Discrete Jitter          (DJ):    0.000ns
    Phase Error              (PE):    0.000ns

    Location             Delay type                Incr(ns)  Path(ns)    Netlist Resource(s)
  -------------------------------------------------------------------    -------------------
                         (clock core_clk rise edge)
                                                      0.000     0.000 r  
                                                      0.000     0.000 r  clk (IN)
                         net (fo=95, unset)           0.030     0.030    clk
                         FDRE                                         r  a_q_reg[25]/C
  -------------------------------------------------------------------    -------------------
                         FDRE (Prop_FDRE_C_Q)         0.077     0.107 r  a_q_reg[25]/Q
                         net (fo=26, unplaced)        0.147     0.254    a_q_reg_n_0_[25]
                         LUT4 (Prop_LUT4_I0_O)        0.100     0.354 r  result[31]_i_18/O
                         net (fo=3, unplaced)         0.191     0.545    result[31]_i_18_n_0
                         LUT5 (Prop_LUT5_I1_O)        0.038     0.583 r  result[31]_i_7/O
                         net (fo=17, unplaced)        0.230     0.813    result[31]_i_7_n_0
                         LUT4 (Prop_LUT4_I3_O)        0.070     0.883 f  result[31]_i_22/O
                         net (fo=1, unplaced)         0.242     1.125    result[31]_i_22_n_0
                         CARRY8 (Prop_CARRY8_DI[0]_CO[3])
                                                      0.182     1.307 f  result_reg[31]_i_8/CO[3]
                         net (fo=13, unplaced)        0.176     1.483    fp32_prepare[big_x]_return33_in
                         LUT6 (Prop_LUT6_I2_O)        0.053     1.536 r  result[31]_i_2/O
                         net (fo=104, unplaced)       0.271     1.807    result[31]_i_2_n_0
                         LUT6 (Prop_LUT6_I5_O)        0.038     1.845 r  result[31]_i_150/O
                         net (fo=3, unplaced)         0.191     2.036    result[31]_i_150_n_0
                         LUT3 (Prop_LUT3_I2_O)        0.038     2.074 f  result[31]_i_82/O
                         net (fo=24, unplaced)        0.238     2.312    result[31]_i_82_n_0
                         LUT6 (Prop_LUT6_I4_O)        0.038     2.350 f  result[31]_i_144/O
                         net (fo=1, unplaced)         0.185     2.535    result[31]_i_144_n_0
                         LUT6 (Prop_LUT6_I2_O)        0.038     2.573 f  result[31]_i_80/O
                         net (fo=17, unplaced)        0.230     2.803    result[31]_i_80_n_0
                         LUT6 (Prop_LUT6_I2_O)        0.038     2.841 r  result[31]_i_90/O
                         net (fo=1, unplaced)         0.185     3.026    result[31]_i_90_n_0
                         LUT4 (Prop_LUT4_I1_O)        0.037     3.063 r  result[31]_i_44/O
                         net (fo=1, unplaced)         0.032     3.095    result[31]_i_44_n_0
                         CARRY8 (Prop_CARRY8_S[3]_CO[7])
                                                      0.170     3.265 r  result_reg[31]_i_11/CO[7]
                         net (fo=1, unplaced)         0.005     3.270    result_reg[31]_i_11_n_0
                         CARRY8 (Prop_CARRY8_CI_O[5])
                                                      0.116     3.386 r  result_reg[31]_i_48/O[5]
                         net (fo=5, unplaced)         0.175     3.561    x__0[13]
                         LUT6 (Prop_LUT6_I0_O)        0.150     3.711 f  result[31]_i_13/O
                         net (fo=7, unplaced)         0.123     3.834    result[31]_i_13_n_0
                         LUT5 (Prop_LUT5_I1_O)        0.125     3.959 r  result[30]_i_76/O
                         net (fo=5, unplaced)         0.203     4.162    result[30]_i_76_n_0
                         LUT6 (Prop_LUT6_I5_O)        0.038     4.200 f  result[30]_i_51/O
                         net (fo=9, unplaced)         0.172     4.372    result[30]_i_51_n_0
                         LUT6 (Prop_LUT6_I0_O)        0.100     4.472 r  result[30]_i_39/O
                         net (fo=5, unplaced)         0.203     4.675    result[30]_i_39_n_0
                         LUT6 (Prop_LUT6_I5_O)        0.038     4.713 f  result[30]_i_26/O
                         net (fo=8, unplaced)         0.213     4.926    result[30]_i_26_n_0
                         LUT6 (Prop_LUT6_I5_O)        0.038     4.964 r  result[30]_i_55/O
                         net (fo=1, unplaced)         0.233     5.197    result[30]_i_55_n_0
                         CARRY8 (Prop_CARRY8_DI[0]_CO[3])
                                                      0.182     5.379 r  result_reg[30]_i_27/CO[3]
                         net (fo=16, unplaced)        0.135     5.514    result_reg[30]_i_27_n_4
                         LUT6 (Prop_LUT6_I5_O)        0.038     5.552 r  result[30]_i_23/O
                         net (fo=35, unplaced)        0.202     5.754    result[30]_i_23_n_0
                         LUT5 (Prop_LUT5_I2_O)        0.090     5.844 f  result[7]_i_21/O
                         net (fo=2, unplaced)         0.185     6.029    result[7]_i_21_n_0
                         LUT6 (Prop_LUT6_I5_O)        0.038     6.067 r  result[7]_i_22/O
                         net (fo=1, unplaced)         0.185     6.252    result[7]_i_22_n_0
                         LUT6 (Prop_LUT6_I5_O)        0.038     6.290 r  result[7]_i_11/O
                         net (fo=1, unplaced)         0.020     6.310    result[7]_i_11_n_0
                         CARRY8 (Prop_CARRY8_S[0]_CO[7])
                                                      0.199     6.509 r  result_reg[7]_i_2/CO[7]
                         net (fo=1, unplaced)         0.005     6.514    result_reg[7]_i_2_n_0
                         CARRY8 (Prop_CARRY8_CI_CO[7])
                                                      0.022     6.536 r  result_reg[15]_i_2/CO[7]
                         net (fo=1, unplaced)         0.005     6.541    result_reg[15]_i_2_n_0
                         CARRY8 (Prop_CARRY8_CI_CO[7])
                                                      0.022     6.563 r  result_reg[22]_i_3/CO[7]
                         net (fo=1, unplaced)         0.005     6.568    result_reg[22]_i_3_n_0
                         CARRY8 (Prop_CARRY8_CI_CO[0])
                                                      0.052     6.620 r  result_reg[22]_i_4/CO[0]
                         net (fo=26, unplaced)        0.240     6.860    p_0_in2_in
                         LUT5 (Prop_LUT5_I4_O)        0.038     6.898 r  result[30]_i_12/O
                         net (fo=2, unplaced)         0.185     7.083    result[30]_i_12_n_0
                         LUT6 (Prop_LUT6_I2_O)        0.037     7.120 r  result[30]_i_20/O
                         net (fo=1, unplaced)         0.023     7.143    result[30]_i_20_n_0
                         CARRY8 (Prop_CARRY8_S[1]_O[5])
                                                      0.237     7.380 r  result_reg[30]_i_4/O[5]
                         net (fo=3, unplaced)         0.100     7.480    result_reg[30]_i_4_n_10
                         LUT4 (Prop_LUT4_I0_O)        0.100     7.580 r  result[28]_i_3/O
                         net (fo=1, unplaced)         0.185     7.765    result[28]_i_3_n_0
                         LUT6 (Prop_LUT6_I1_O)        0.038     7.803 r  result[28]_i_2/O
                         net (fo=6, unplaced)         0.207     8.010    result[28]_i_2_n_0
                         LUT3 (Prop_LUT3_I0_O)        0.038     8.048 r  result[21]_i_1/O
                         net (fo=23, unplaced)        0.238     8.286    result[21]_i_1_n_0
                         FDRE                                         r  result_reg[12]/R
  -------------------------------------------------------------------    -------------------

                         (clock core_clk rise edge)
                                                      4.000     4.000 r  
                                                      0.000     4.000 r  clk (IN)
                         net (fo=95, unset)           0.021     4.021    clk
                         FDRE                                         r  result_reg[12]/C
                         clock pessimism              0.000     4.021    
                         clock uncertainty           -0.035     3.986    
                         FDRE (Setup_FDRE_C_R)       -0.074     3.912    result_reg[12]
  -------------------------------------------------------------------
                         required time                          3.912    
                         arrival time                          -8.286    
  -------------------------------------------------------------------
                         slack                                 -4.374    

Slack (VIOLATED) :        -4.374ns  (required time - arrival time)
  Source:                 a_q_reg[25]/C
                            (rising edge-triggered cell FDRE clocked by core_clk  {rise@0.000ns fall@2.000ns period=4.000ns})
  Destination:            result_reg[13]/R
                            (rising edge-triggered cell FDRE clocked by core_clk  {rise@0.000ns fall@2.000ns period=4.000ns})
  Path Group:             core_clk
  Path Type:              Setup (Max at Slow Process Corner)
  Requirement:            4.000ns  (core_clk rise@4.000ns - core_clk rise@0.000ns)
  Data Path Delay:        8.256ns  (logic 2.691ns (32.594%)  route 5.565ns (67.406%))
  Logic Levels:           34  (CARRY8=9 LUT3=2 LUT4=4 LUT5=4 LUT6=15)
  Clock Path Skew:        -0.009ns (DCD - SCD + CPR)
    Destination Clock Delay (DCD):    0.021ns = ( 4.021 - 4.000 ) 
    Source Clock Delay      (SCD):    0.030ns
    Clock Pessimism Removal (CPR):    0.000ns
  Clock Uncertainty:      0.035ns  ((TSJ^2 + TIJ^2)^1/2 + DJ) / 2 + PE
    Total System Jitter     (TSJ):    0.071ns
    Total Input Jitter      (TIJ):    0.000ns
    Discrete Jitter          (DJ):    0.000ns
    Phase Error              (PE):    0.000ns

    Location             Delay type                Incr(ns)  Path(ns)    Netlist Resource(s)
  -------------------------------------------------------------------    -------------------
                         (clock core_clk rise edge)
                                                      0.000     0.000 r  
                                                      0.000     0.000 r  clk (IN)
                         net (fo=95, unset)           0.030     0.030    clk
                         FDRE                                         r  a_q_reg[25]/C
  -------------------------------------------------------------------    -------------------
                         FDRE (Prop_FDRE_C_Q)         0.077     0.107 r  a_q_reg[25]/Q
                         net (fo=26, unplaced)        0.147     0.254    a_q_reg_n_0_[25]
                         LUT4 (Prop_LUT4_I0_O)        0.100     0.354 r  result[31]_i_18/O
                         net (fo=3, unplaced)         0.191     0.545    result[31]_i_18_n_0
                         LUT5 (Prop_LUT5_I1_O)        0.038     0.583 r  result[31]_i_7/O
                         net (fo=17, unplaced)        0.230     0.813    result[31]_i_7_n_0
                         LUT4 (Prop_LUT4_I3_O)        0.070     0.883 f  result[31]_i_22/O
                         net (fo=1, unplaced)         0.242     1.125    result[31]_i_22_n_0
                         CARRY8 (Prop_CARRY8_DI[0]_CO[3])
                                                      0.182     1.307 f  result_reg[31]_i_8/CO[3]
                         net (fo=13, unplaced)        0.176     1.483    fp32_prepare[big_x]_return33_in
                         LUT6 (Prop_LUT6_I2_O)        0.053     1.536 r  result[31]_i_2/O
                         net (fo=104, unplaced)       0.271     1.807    result[31]_i_2_n_0
                         LUT6 (Prop_LUT6_I5_O)        0.038     1.845 r  result[31]_i_150/O
                         net (fo=3, unplaced)         0.191     2.036    result[31]_i_150_n_0
                         LUT3 (Prop_LUT3_I2_O)        0.038     2.074 f  result[31]_i_82/O
                         net (fo=24, unplaced)        0.238     2.312    result[31]_i_82_n_0
                         LUT6 (Prop_LUT6_I4_O)        0.038     2.350 f  result[31]_i_144/O
                         net (fo=1, unplaced)         0.185     2.535    result[31]_i_144_n_0
                         LUT6 (Prop_LUT6_I2_O)        0.038     2.573 f  result[31]_i_80/O
                         net (fo=17, unplaced)        0.230     2.803    result[31]_i_80_n_0
                         LUT6 (Prop_LUT6_I2_O)        0.038     2.841 r  result[31]_i_90/O
                         net (fo=1, unplaced)         0.185     3.026    result[31]_i_90_n_0
                         LUT4 (Prop_LUT4_I1_O)        0.037     3.063 r  result[31]_i_44/O
                         net (fo=1, unplaced)         0.032     3.095    result[31]_i_44_n_0
                         CARRY8 (Prop_CARRY8_S[3]_CO[7])
                                                      0.170     3.265 r  result_reg[31]_i_11/CO[7]
                         net (fo=1, unplaced)         0.005     3.270    result_reg[31]_i_11_n_0
                         CARRY8 (Prop_CARRY8_CI_O[5])
                                                      0.116     3.386 r  result_reg[31]_i_48/O[5]
                         net (fo=5, unplaced)         0.175     3.561    x__0[13]
                         LUT6 (Prop_LUT6_I0_O)        0.150     3.711 f  result[31]_i_13/O
                         net (fo=7, unplaced)         0.123     3.834    result[31]_i_13_n_0
                         LUT5 (Prop_LUT5_I1_O)        0.125     3.959 r  result[30]_i_76/O
                         net (fo=5, unplaced)         0.203     4.162    result[30]_i_76_n_0
                         LUT6 (Prop_LUT6_I5_O)        0.038     4.200 f  result[30]_i_51/O
                         net (fo=9, unplaced)         0.172     4.372    result[30]_i_51_n_0
                         LUT6 (Prop_LUT6_I0_O)        0.100     4.472 r  result[30]_i_39/O
                         net (fo=5, unplaced)         0.203     4.675    result[30]_i_39_n_0
                         LUT6 (Prop_LUT6_I5_O)        0.038     4.713 f  result[30]_i_26/O
                         net (fo=8, unplaced)         0.213     4.926    result[30]_i_26_n_0
                         LUT6 (Prop_LUT6_I5_O)        0.038     4.964 r  result[30]_i_55/O
                         net (fo=1, unplaced)         0.233     5.197    result[30]_i_55_n_0
                         CARRY8 (Prop_CARRY8_DI[0]_CO[3])
                                                      0.182     5.379 r  result_reg[30]_i_27/CO[3]
                         net (fo=16, unplaced)        0.135     5.514    result_reg[30]_i_27_n_4
                         LUT6 (Prop_LUT6_I5_O)        0.038     5.552 r  result[30]_i_23/O
                         net (fo=35, unplaced)        0.202     5.754    result[30]_i_23_n_0
                         LUT5 (Prop_LUT5_I2_O)        0.090     5.844 f  result[7]_i_21/O
                         net (fo=2, unplaced)         0.185     6.029    result[7]_i_21_n_0
                         LUT6 (Prop_LUT6_I5_O)        0.038     6.067 r  result[7]_i_22/O
                         net (fo=1, unplaced)         0.185     6.252    result[7]_i_22_n_0
                         LUT6 (Prop_LUT6_I5_O)        0.038     6.290 r  result[7]_i_11/O
                         net (fo=1, unplaced)         0.020     6.310    result[7]_i_11_n_0
                         CARRY8 (Prop_CARRY8_S[0]_CO[7])
                                                      0.199     6.509 r  result_reg[7]_i_2/CO[7]
                         net (fo=1, unplaced)         0.005     6.514    result_reg[7]_i_2_n_0
                         CARRY8 (Prop_CARRY8_CI_CO[7])
                                                      0.022     6.536 r  result_reg[15]_i_2/CO[7]
                         net (fo=1, unplaced)         0.005     6.541    result_reg[15]_i_2_n_0
                         CARRY8 (Prop_CARRY8_CI_CO[7])
                                                      0.022     6.563 r  result_reg[22]_i_3/CO[7]
                         net (fo=1, unplaced)         0.005     6.568    result_reg[22]_i_3_n_0
                         CARRY8 (Prop_CARRY8_CI_CO[0])
                                                      0.052     6.620 r  result_reg[22]_i_4/CO[0]
                         net (fo=26, unplaced)        0.240     6.860    p_0_in2_in
                         LUT5 (Prop_LUT5_I4_O)        0.038     6.898 r  result[30]_i_12/O
                         net (fo=2, unplaced)         0.185     7.083    result[30]_i_12_n_0
                         LUT6 (Prop_LUT6_I2_O)        0.037     7.120 r  result[30]_i_20/O
                         net (fo=1, unplaced)         0.023     7.143    result[30]_i_20_n_0
                         CARRY8 (Prop_CARRY8_S[1]_O[5])
                                                      0.237     7.380 r  result_reg[30]_i_4/O[5]
                         net (fo=3, unplaced)         0.100     7.480    result_reg[30]_i_4_n_10
                         LUT4 (Prop_LUT4_I0_O)        0.100     7.580 r  result[28]_i_3/O
                         net (fo=1, unplaced)         0.185     7.765    result[28]_i_3_n_0
                         LUT6 (Prop_LUT6_I1_O)        0.038     7.803 r  result[28]_i_2/O
                         net (fo=6, unplaced)         0.207     8.010    result[28]_i_2_n_0
                         LUT3 (Prop_LUT3_I0_O)        0.038     8.048 r  result[21]_i_1/O
                         net (fo=23, unplaced)        0.238     8.286    result[21]_i_1_n_0
                         FDRE                                         r  result_reg[13]/R
  -------------------------------------------------------------------    -------------------

                         (clock core_clk rise edge)
                                                      4.000     4.000 r  
                                                      0.000     4.000 r  clk (IN)
                         net (fo=95, unset)           0.021     4.021    clk
                         FDRE                                         r  result_reg[13]/C
                         clock pessimism              0.000     4.021    
                         clock uncertainty           -0.035     3.986    
                         FDRE (Setup_FDRE_C_R)       -0.074     3.912    result_reg[13]
  -------------------------------------------------------------------
                         required time                          3.912    
                         arrival time                          -8.286    
  -------------------------------------------------------------------
                         slack                                 -4.374    

Slack (VIOLATED) :        -4.374ns  (required time - arrival time)
  Source:                 a_q_reg[25]/C
                            (rising edge-triggered cell FDRE clocked by core_clk  {rise@0.000ns fall@2.000ns period=4.000ns})
  Destination:            result_reg[14]/R
                            (rising edge-triggered cell FDRE clocked by core_clk  {rise@0.000ns fall@2.000ns period=4.000ns})
  Path Group:             core_clk
  Path Type:              Setup (Max at Slow Process Corner)
  Requirement:            4.000ns  (core_clk rise@4.000ns - core_clk rise@0.000ns)
  Data Path Delay:        8.256ns  (logic 2.691ns (32.594%)  route 5.565ns (67.406%))
  Logic Levels:           34  (CARRY8=9 LUT3=2 LUT4=4 LUT5=4 LUT6=15)
  Clock Path Skew:        -0.009ns (DCD - SCD + CPR)
    Destination Clock Delay (DCD):    0.021ns = ( 4.021 - 4.000 ) 
    Source Clock Delay      (SCD):    0.030ns
    Clock Pessimism Removal (CPR):    0.000ns
  Clock Uncertainty:      0.035ns  ((TSJ^2 + TIJ^2)^1/2 + DJ) / 2 + PE
    Total System Jitter     (TSJ):    0.071ns
    Total Input Jitter      (TIJ):    0.000ns
    Discrete Jitter          (DJ):    0.000ns
    Phase Error              (PE):    0.000ns

    Location             Delay type                Incr(ns)  Path(ns)    Netlist Resource(s)
  -------------------------------------------------------------------    -------------------
                         (clock core_clk rise edge)
                                                      0.000     0.000 r  
                                                      0.000     0.000 r  clk (IN)
                         net (fo=95, unset)           0.030     0.030    clk
                         FDRE                                         r  a_q_reg[25]/C
  -------------------------------------------------------------------    -------------------
                         FDRE (Prop_FDRE_C_Q)         0.077     0.107 r  a_q_reg[25]/Q
                         net (fo=26, unplaced)        0.147     0.254    a_q_reg_n_0_[25]
                         LUT4 (Prop_LUT4_I0_O)        0.100     0.354 r  result[31]_i_18/O
                         net (fo=3, unplaced)         0.191     0.545    result[31]_i_18_n_0
                         LUT5 (Prop_LUT5_I1_O)        0.038     0.583 r  result[31]_i_7/O
                         net (fo=17, unplaced)        0.230     0.813    result[31]_i_7_n_0
                         LUT4 (Prop_LUT4_I3_O)        0.070     0.883 f  result[31]_i_22/O
                         net (fo=1, unplaced)         0.242     1.125    result[31]_i_22_n_0
                         CARRY8 (Prop_CARRY8_DI[0]_CO[3])
                                                      0.182     1.307 f  result_reg[31]_i_8/CO[3]
                         net (fo=13, unplaced)        0.176     1.483    fp32_prepare[big_x]_return33_in
                         LUT6 (Prop_LUT6_I2_O)        0.053     1.536 r  result[31]_i_2/O
                         net (fo=104, unplaced)       0.271     1.807    result[31]_i_2_n_0
                         LUT6 (Prop_LUT6_I5_O)        0.038     1.845 r  result[31]_i_150/O
                         net (fo=3, unplaced)         0.191     2.036    result[31]_i_150_n_0
                         LUT3 (Prop_LUT3_I2_O)        0.038     2.074 f  result[31]_i_82/O
                         net (fo=24, unplaced)        0.238     2.312    result[31]_i_82_n_0
                         LUT6 (Prop_LUT6_I4_O)        0.038     2.350 f  result[31]_i_144/O
                         net (fo=1, unplaced)         0.185     2.535    result[31]_i_144_n_0
                         LUT6 (Prop_LUT6_I2_O)        0.038     2.573 f  result[31]_i_80/O
                         net (fo=17, unplaced)        0.230     2.803    result[31]_i_80_n_0
                         LUT6 (Prop_LUT6_I2_O)        0.038     2.841 r  result[31]_i_90/O
                         net (fo=1, unplaced)         0.185     3.026    result[31]_i_90_n_0
                         LUT4 (Prop_LUT4_I1_O)        0.037     3.063 r  result[31]_i_44/O
                         net (fo=1, unplaced)         0.032     3.095    result[31]_i_44_n_0
                         CARRY8 (Prop_CARRY8_S[3]_CO[7])
                                                      0.170     3.265 r  result_reg[31]_i_11/CO[7]
                         net (fo=1, unplaced)         0.005     3.270    result_reg[31]_i_11_n_0
                         CARRY8 (Prop_CARRY8_CI_O[5])
                                                      0.116     3.386 r  result_reg[31]_i_48/O[5]
                         net (fo=5, unplaced)         0.175     3.561    x__0[13]
                         LUT6 (Prop_LUT6_I0_O)        0.150     3.711 f  result[31]_i_13/O
                         net (fo=7, unplaced)         0.123     3.834    result[31]_i_13_n_0
                         LUT5 (Prop_LUT5_I1_O)        0.125     3.959 r  result[30]_i_76/O
                         net (fo=5, unplaced)         0.203     4.162    result[30]_i_76_n_0
                         LUT6 (Prop_LUT6_I5_O)        0.038     4.200 f  result[30]_i_51/O
                         net (fo=9, unplaced)         0.172     4.372    result[30]_i_51_n_0
                         LUT6 (Prop_LUT6_I0_O)        0.100     4.472 r  result[30]_i_39/O
                         net (fo=5, unplaced)         0.203     4.675    result[30]_i_39_n_0
                         LUT6 (Prop_LUT6_I5_O)        0.038     4.713 f  result[30]_i_26/O
                         net (fo=8, unplaced)         0.213     4.926    result[30]_i_26_n_0
                         LUT6 (Prop_LUT6_I5_O)        0.038     4.964 r  result[30]_i_55/O
                         net (fo=1, unplaced)         0.233     5.197    result[30]_i_55_n_0
                         CARRY8 (Prop_CARRY8_DI[0]_CO[3])
                                                      0.182     5.379 r  result_reg[30]_i_27/CO[3]
                         net (fo=16, unplaced)        0.135     5.514    result_reg[30]_i_27_n_4
                         LUT6 (Prop_LUT6_I5_O)        0.038     5.552 r  result[30]_i_23/O
                         net (fo=35, unplaced)        0.202     5.754    result[30]_i_23_n_0
                         LUT5 (Prop_LUT5_I2_O)        0.090     5.844 f  result[7]_i_21/O
                         net (fo=2, unplaced)         0.185     6.029    result[7]_i_21_n_0
                         LUT6 (Prop_LUT6_I5_O)        0.038     6.067 r  result[7]_i_22/O
                         net (fo=1, unplaced)         0.185     6.252    result[7]_i_22_n_0
                         LUT6 (Prop_LUT6_I5_O)        0.038     6.290 r  result[7]_i_11/O
                         net (fo=1, unplaced)         0.020     6.310    result[7]_i_11_n_0
                         CARRY8 (Prop_CARRY8_S[0]_CO[7])
                                                      0.199     6.509 r  result_reg[7]_i_2/CO[7]
                         net (fo=1, unplaced)         0.005     6.514    result_reg[7]_i_2_n_0
                         CARRY8 (Prop_CARRY8_CI_CO[7])
                                                      0.022     6.536 r  result_reg[15]_i_2/CO[7]
                         net (fo=1, unplaced)         0.005     6.541    result_reg[15]_i_2_n_0
                         CARRY8 (Prop_CARRY8_CI_CO[7])
                                                      0.022     6.563 r  result_reg[22]_i_3/CO[7]
                         net (fo=1, unplaced)         0.005     6.568    result_reg[22]_i_3_n_0
                         CARRY8 (Prop_CARRY8_CI_CO[0])
                                                      0.052     6.620 r  result_reg[22]_i_4/CO[0]
                         net (fo=26, unplaced)        0.240     6.860    p_0_in2_in
                         LUT5 (Prop_LUT5_I4_O)        0.038     6.898 r  result[30]_i_12/O
                         net (fo=2, unplaced)         0.185     7.083    result[30]_i_12_n_0
                         LUT6 (Prop_LUT6_I2_O)        0.037     7.120 r  result[30]_i_20/O
                         net (fo=1, unplaced)         0.023     7.143    result[30]_i_20_n_0
                         CARRY8 (Prop_CARRY8_S[1]_O[5])
                                                      0.237     7.380 r  result_reg[30]_i_4/O[5]
                         net (fo=3, unplaced)         0.100     7.480    result_reg[30]_i_4_n_10
                         LUT4 (Prop_LUT4_I0_O)        0.100     7.580 r  result[28]_i_3/O
                         net (fo=1, unplaced)         0.185     7.765    result[28]_i_3_n_0
                         LUT6 (Prop_LUT6_I1_O)        0.038     7.803 r  result[28]_i_2/O
                         net (fo=6, unplaced)         0.207     8.010    result[28]_i_2_n_0
                         LUT3 (Prop_LUT3_I0_O)        0.038     8.048 r  result[21]_i_1/O
                         net (fo=23, unplaced)        0.238     8.286    result[21]_i_1_n_0
                         FDRE                                         r  result_reg[14]/R
  -------------------------------------------------------------------    -------------------

                         (clock core_clk rise edge)
                                                      4.000     4.000 r  
                                                      0.000     4.000 r  clk (IN)
                         net (fo=95, unset)           0.021     4.021    clk
                         FDRE                                         r  result_reg[14]/C
                         clock pessimism              0.000     4.021    
                         clock uncertainty           -0.035     3.986    
                         FDRE (Setup_FDRE_C_R)       -0.074     3.912    result_reg[14]
  -------------------------------------------------------------------
                         required time                          3.912    
                         arrival time                          -8.286    
  -------------------------------------------------------------------
                         slack                                 -4.374    

Slack (VIOLATED) :        -4.374ns  (required time - arrival time)
  Source:                 a_q_reg[25]/C
                            (rising edge-triggered cell FDRE clocked by core_clk  {rise@0.000ns fall@2.000ns period=4.000ns})
  Destination:            result_reg[15]/R
                            (rising edge-triggered cell FDRE clocked by core_clk  {rise@0.000ns fall@2.000ns period=4.000ns})
  Path Group:             core_clk
  Path Type:              Setup (Max at Slow Process Corner)
  Requirement:            4.000ns  (core_clk rise@4.000ns - core_clk rise@0.000ns)
  Data Path Delay:        8.256ns  (logic 2.691ns (32.594%)  route 5.565ns (67.406%))
  Logic Levels:           34  (CARRY8=9 LUT3=2 LUT4=4 LUT5=4 LUT6=15)
  Clock Path Skew:        -0.009ns (DCD - SCD + CPR)
    Destination Clock Delay (DCD):    0.021ns = ( 4.021 - 4.000 ) 
    Source Clock Delay      (SCD):    0.030ns
    Clock Pessimism Removal (CPR):    0.000ns
  Clock Uncertainty:      0.035ns  ((TSJ^2 + TIJ^2)^1/2 + DJ) / 2 + PE
    Total System Jitter     (TSJ):    0.071ns
    Total Input Jitter      (TIJ):    0.000ns
    Discrete Jitter          (DJ):    0.000ns
    Phase Error              (PE):    0.000ns

    Location             Delay type                Incr(ns)  Path(ns)    Netlist Resource(s)
  -------------------------------------------------------------------    -------------------
                         (clock core_clk rise edge)
                                                      0.000     0.000 r  
                                                      0.000     0.000 r  clk (IN)
                         net (fo=95, unset)           0.030     0.030    clk
                         FDRE                                         r  a_q_reg[25]/C
  -------------------------------------------------------------------    -------------------
                         FDRE (Prop_FDRE_C_Q)         0.077     0.107 r  a_q_reg[25]/Q
                         net (fo=26, unplaced)        0.147     0.254    a_q_reg_n_0_[25]
                         LUT4 (Prop_LUT4_I0_O)        0.100     0.354 r  result[31]_i_18/O
                         net (fo=3, unplaced)         0.191     0.545    result[31]_i_18_n_0
                         LUT5 (Prop_LUT5_I1_O)        0.038     0.583 r  result[31]_i_7/O
                         net (fo=17, unplaced)        0.230     0.813    result[31]_i_7_n_0
                         LUT4 (Prop_LUT4_I3_O)        0.070     0.883 f  result[31]_i_22/O
                         net (fo=1, unplaced)         0.242     1.125    result[31]_i_22_n_0
                         CARRY8 (Prop_CARRY8_DI[0]_CO[3])
                                                      0.182     1.307 f  result_reg[31]_i_8/CO[3]
                         net (fo=13, unplaced)        0.176     1.483    fp32_prepare[big_x]_return33_in
                         LUT6 (Prop_LUT6_I2_O)        0.053     1.536 r  result[31]_i_2/O
                         net (fo=104, unplaced)       0.271     1.807    result[31]_i_2_n_0
                         LUT6 (Prop_LUT6_I5_O)        0.038     1.845 r  result[31]_i_150/O
                         net (fo=3, unplaced)         0.191     2.036    result[31]_i_150_n_0
                         LUT3 (Prop_LUT3_I2_O)        0.038     2.074 f  result[31]_i_82/O
                         net (fo=24, unplaced)        0.238     2.312    result[31]_i_82_n_0
                         LUT6 (Prop_LUT6_I4_O)        0.038     2.350 f  result[31]_i_144/O
                         net (fo=1, unplaced)         0.185     2.535    result[31]_i_144_n_0
                         LUT6 (Prop_LUT6_I2_O)        0.038     2.573 f  result[31]_i_80/O
                         net (fo=17, unplaced)        0.230     2.803    result[31]_i_80_n_0
                         LUT6 (Prop_LUT6_I2_O)        0.038     2.841 r  result[31]_i_90/O
                         net (fo=1, unplaced)         0.185     3.026    result[31]_i_90_n_0
                         LUT4 (Prop_LUT4_I1_O)        0.037     3.063 r  result[31]_i_44/O
                         net (fo=1, unplaced)         0.032     3.095    result[31]_i_44_n_0
                         CARRY8 (Prop_CARRY8_S[3]_CO[7])
                                                      0.170     3.265 r  result_reg[31]_i_11/CO[7]
                         net (fo=1, unplaced)         0.005     3.270    result_reg[31]_i_11_n_0
                         CARRY8 (Prop_CARRY8_CI_O[5])
                                                      0.116     3.386 r  result_reg[31]_i_48/O[5]
                         net (fo=5, unplaced)         0.175     3.561    x__0[13]
                         LUT6 (Prop_LUT6_I0_O)        0.150     3.711 f  result[31]_i_13/O
                         net (fo=7, unplaced)         0.123     3.834    result[31]_i_13_n_0
                         LUT5 (Prop_LUT5_I1_O)        0.125     3.959 r  result[30]_i_76/O
                         net (fo=5, unplaced)         0.203     4.162    result[30]_i_76_n_0
                         LUT6 (Prop_LUT6_I5_O)        0.038     4.200 f  result[30]_i_51/O
                         net (fo=9, unplaced)         0.172     4.372    result[30]_i_51_n_0
                         LUT6 (Prop_LUT6_I0_O)        0.100     4.472 r  result[30]_i_39/O
                         net (fo=5, unplaced)         0.203     4.675    result[30]_i_39_n_0
                         LUT6 (Prop_LUT6_I5_O)        0.038     4.713 f  result[30]_i_26/O
                         net (fo=8, unplaced)         0.213     4.926    result[30]_i_26_n_0
                         LUT6 (Prop_LUT6_I5_O)        0.038     4.964 r  result[30]_i_55/O
                         net (fo=1, unplaced)         0.233     5.197    result[30]_i_55_n_0
                         CARRY8 (Prop_CARRY8_DI[0]_CO[3])
                                                      0.182     5.379 r  result_reg[30]_i_27/CO[3]
                         net (fo=16, unplaced)        0.135     5.514    result_reg[30]_i_27_n_4
                         LUT6 (Prop_LUT6_I5_O)        0.038     5.552 r  result[30]_i_23/O
                         net (fo=35, unplaced)        0.202     5.754    result[30]_i_23_n_0
                         LUT5 (Prop_LUT5_I2_O)        0.090     5.844 f  result[7]_i_21/O
                         net (fo=2, unplaced)         0.185     6.029    result[7]_i_21_n_0
                         LUT6 (Prop_LUT6_I5_O)        0.038     6.067 r  result[7]_i_22/O
                         net (fo=1, unplaced)         0.185     6.252    result[7]_i_22_n_0
                         LUT6 (Prop_LUT6_I5_O)        0.038     6.290 r  result[7]_i_11/O
                         net (fo=1, unplaced)         0.020     6.310    result[7]_i_11_n_0
                         CARRY8 (Prop_CARRY8_S[0]_CO[7])
                                                      0.199     6.509 r  result_reg[7]_i_2/CO[7]
                         net (fo=1, unplaced)         0.005     6.514    result_reg[7]_i_2_n_0
                         CARRY8 (Prop_CARRY8_CI_CO[7])
                                                      0.022     6.536 r  result_reg[15]_i_2/CO[7]
                         net (fo=1, unplaced)         0.005     6.541    result_reg[15]_i_2_n_0
                         CARRY8 (Prop_CARRY8_CI_CO[7])
                                                      0.022     6.563 r  result_reg[22]_i_3/CO[7]
                         net (fo=1, unplaced)         0.005     6.568    result_reg[22]_i_3_n_0
                         CARRY8 (Prop_CARRY8_CI_CO[0])
                                                      0.052     6.620 r  result_reg[22]_i_4/CO[0]
                         net (fo=26, unplaced)        0.240     6.860    p_0_in2_in
                         LUT5 (Prop_LUT5_I4_O)        0.038     6.898 r  result[30]_i_12/O
                         net (fo=2, unplaced)         0.185     7.083    result[30]_i_12_n_0
                         LUT6 (Prop_LUT6_I2_O)        0.037     7.120 r  result[30]_i_20/O
                         net (fo=1, unplaced)         0.023     7.143    result[30]_i_20_n_0
                         CARRY8 (Prop_CARRY8_S[1]_O[5])
                                                      0.237     7.380 r  result_reg[30]_i_4/O[5]
                         net (fo=3, unplaced)         0.100     7.480    result_reg[30]_i_4_n_10
                         LUT4 (Prop_LUT4_I0_O)        0.100     7.580 r  result[28]_i_3/O
                         net (fo=1, unplaced)         0.185     7.765    result[28]_i_3_n_0
                         LUT6 (Prop_LUT6_I1_O)        0.038     7.803 r  result[28]_i_2/O
                         net (fo=6, unplaced)         0.207     8.010    result[28]_i_2_n_0
                         LUT3 (Prop_LUT3_I0_O)        0.038     8.048 r  result[21]_i_1/O
                         net (fo=23, unplaced)        0.238     8.286    result[21]_i_1_n_0
                         FDRE                                         r  result_reg[15]/R
  -------------------------------------------------------------------    -------------------

                         (clock core_clk rise edge)
                                                      4.000     4.000 r  
                                                      0.000     4.000 r  clk (IN)
                         net (fo=95, unset)           0.021     4.021    clk
                         FDRE                                         r  result_reg[15]/C
                         clock pessimism              0.000     4.021    
                         clock uncertainty           -0.035     3.986    
                         FDRE (Setup_FDRE_C_R)       -0.074     3.912    result_reg[15]
  -------------------------------------------------------------------
                         required time                          3.912    
                         arrival time                          -8.286    
  -------------------------------------------------------------------
                         slack                                 -4.374    

Slack (VIOLATED) :        -4.374ns  (required time - arrival time)
  Source:                 a_q_reg[25]/C
                            (rising edge-triggered cell FDRE clocked by core_clk  {rise@0.000ns fall@2.000ns period=4.000ns})
  Destination:            result_reg[16]/R
                            (rising edge-triggered cell FDRE clocked by core_clk  {rise@0.000ns fall@2.000ns period=4.000ns})
  Path Group:             core_clk
  Path Type:              Setup (Max at Slow Process Corner)
  Requirement:            4.000ns  (core_clk rise@4.000ns - core_clk rise@0.000ns)
  Data Path Delay:        8.256ns  (logic 2.691ns (32.594%)  route 5.565ns (67.406%))
  Logic Levels:           34  (CARRY8=9 LUT3=2 LUT4=4 LUT5=4 LUT6=15)
  Clock Path Skew:        -0.009ns (DCD - SCD + CPR)
    Destination Clock Delay (DCD):    0.021ns = ( 4.021 - 4.000 ) 
    Source Clock Delay      (SCD):    0.030ns
    Clock Pessimism Removal (CPR):    0.000ns
  Clock Uncertainty:      0.035ns  ((TSJ^2 + TIJ^2)^1/2 + DJ) / 2 + PE
    Total System Jitter     (TSJ):    0.071ns
    Total Input Jitter      (TIJ):    0.000ns
    Discrete Jitter          (DJ):    0.000ns
    Phase Error              (PE):    0.000ns

    Location             Delay type                Incr(ns)  Path(ns)    Netlist Resource(s)
  -------------------------------------------------------------------    -------------------
                         (clock core_clk rise edge)
                                                      0.000     0.000 r  
                                                      0.000     0.000 r  clk (IN)
                         net (fo=95, unset)           0.030     0.030    clk
                         FDRE                                         r  a_q_reg[25]/C
  -------------------------------------------------------------------    -------------------
                         FDRE (Prop_FDRE_C_Q)         0.077     0.107 r  a_q_reg[25]/Q
                         net (fo=26, unplaced)        0.147     0.254    a_q_reg_n_0_[25]
                         LUT4 (Prop_LUT4_I0_O)        0.100     0.354 r  result[31]_i_18/O
                         net (fo=3, unplaced)         0.191     0.545    result[31]_i_18_n_0
                         LUT5 (Prop_LUT5_I1_O)        0.038     0.583 r  result[31]_i_7/O
                         net (fo=17, unplaced)        0.230     0.813    result[31]_i_7_n_0
                         LUT4 (Prop_LUT4_I3_O)        0.070     0.883 f  result[31]_i_22/O
                         net (fo=1, unplaced)         0.242     1.125    result[31]_i_22_n_0
                         CARRY8 (Prop_CARRY8_DI[0]_CO[3])
                                                      0.182     1.307 f  result_reg[31]_i_8/CO[3]
                         net (fo=13, unplaced)        0.176     1.483    fp32_prepare[big_x]_return33_in
                         LUT6 (Prop_LUT6_I2_O)        0.053     1.536 r  result[31]_i_2/O
                         net (fo=104, unplaced)       0.271     1.807    result[31]_i_2_n_0
                         LUT6 (Prop_LUT6_I5_O)        0.038     1.845 r  result[31]_i_150/O
                         net (fo=3, unplaced)         0.191     2.036    result[31]_i_150_n_0
                         LUT3 (Prop_LUT3_I2_O)        0.038     2.074 f  result[31]_i_82/O
                         net (fo=24, unplaced)        0.238     2.312    result[31]_i_82_n_0
                         LUT6 (Prop_LUT6_I4_O)        0.038     2.350 f  result[31]_i_144/O
                         net (fo=1, unplaced)         0.185     2.535    result[31]_i_144_n_0
                         LUT6 (Prop_LUT6_I2_O)        0.038     2.573 f  result[31]_i_80/O
                         net (fo=17, unplaced)        0.230     2.803    result[31]_i_80_n_0
                         LUT6 (Prop_LUT6_I2_O)        0.038     2.841 r  result[31]_i_90/O
                         net (fo=1, unplaced)         0.185     3.026    result[31]_i_90_n_0
                         LUT4 (Prop_LUT4_I1_O)        0.037     3.063 r  result[31]_i_44/O
                         net (fo=1, unplaced)         0.032     3.095    result[31]_i_44_n_0
                         CARRY8 (Prop_CARRY8_S[3]_CO[7])
                                                      0.170     3.265 r  result_reg[31]_i_11/CO[7]
                         net (fo=1, unplaced)         0.005     3.270    result_reg[31]_i_11_n_0
                         CARRY8 (Prop_CARRY8_CI_O[5])
                                                      0.116     3.386 r  result_reg[31]_i_48/O[5]
                         net (fo=5, unplaced)         0.175     3.561    x__0[13]
                         LUT6 (Prop_LUT6_I0_O)        0.150     3.711 f  result[31]_i_13/O
                         net (fo=7, unplaced)         0.123     3.834    result[31]_i_13_n_0
                         LUT5 (Prop_LUT5_I1_O)        0.125     3.959 r  result[30]_i_76/O
                         net (fo=5, unplaced)         0.203     4.162    result[30]_i_76_n_0
                         LUT6 (Prop_LUT6_I5_O)        0.038     4.200 f  result[30]_i_51/O
                         net (fo=9, unplaced)         0.172     4.372    result[30]_i_51_n_0
                         LUT6 (Prop_LUT6_I0_O)        0.100     4.472 r  result[30]_i_39/O
                         net (fo=5, unplaced)         0.203     4.675    result[30]_i_39_n_0
                         LUT6 (Prop_LUT6_I5_O)        0.038     4.713 f  result[30]_i_26/O
                         net (fo=8, unplaced)         0.213     4.926    result[30]_i_26_n_0
                         LUT6 (Prop_LUT6_I5_O)        0.038     4.964 r  result[30]_i_55/O
                         net (fo=1, unplaced)         0.233     5.197    result[30]_i_55_n_0
                         CARRY8 (Prop_CARRY8_DI[0]_CO[3])
                                                      0.182     5.379 r  result_reg[30]_i_27/CO[3]
                         net (fo=16, unplaced)        0.135     5.514    result_reg[30]_i_27_n_4
                         LUT6 (Prop_LUT6_I5_O)        0.038     5.552 r  result[30]_i_23/O
                         net (fo=35, unplaced)        0.202     5.754    result[30]_i_23_n_0
                         LUT5 (Prop_LUT5_I2_O)        0.090     5.844 f  result[7]_i_21/O
                         net (fo=2, unplaced)         0.185     6.029    result[7]_i_21_n_0
                         LUT6 (Prop_LUT6_I5_O)        0.038     6.067 r  result[7]_i_22/O
                         net (fo=1, unplaced)         0.185     6.252    result[7]_i_22_n_0
                         LUT6 (Prop_LUT6_I5_O)        0.038     6.290 r  result[7]_i_11/O
                         net (fo=1, unplaced)         0.020     6.310    result[7]_i_11_n_0
                         CARRY8 (Prop_CARRY8_S[0]_CO[7])
                                                      0.199     6.509 r  result_reg[7]_i_2/CO[7]
                         net (fo=1, unplaced)         0.005     6.514    result_reg[7]_i_2_n_0
                         CARRY8 (Prop_CARRY8_CI_CO[7])
                                                      0.022     6.536 r  result_reg[15]_i_2/CO[7]
                         net (fo=1, unplaced)         0.005     6.541    result_reg[15]_i_2_n_0
                         CARRY8 (Prop_CARRY8_CI_CO[7])
                                                      0.022     6.563 r  result_reg[22]_i_3/CO[7]
                         net (fo=1, unplaced)         0.005     6.568    result_reg[22]_i_3_n_0
                         CARRY8 (Prop_CARRY8_CI_CO[0])
                                                      0.052     6.620 r  result_reg[22]_i_4/CO[0]
                         net (fo=26, unplaced)        0.240     6.860    p_0_in2_in
                         LUT5 (Prop_LUT5_I4_O)        0.038     6.898 r  result[30]_i_12/O
                         net (fo=2, unplaced)         0.185     7.083    result[30]_i_12_n_0
                         LUT6 (Prop_LUT6_I2_O)        0.037     7.120 r  result[30]_i_20/O
                         net (fo=1, unplaced)         0.023     7.143    result[30]_i_20_n_0
                         CARRY8 (Prop_CARRY8_S[1]_O[5])
                                                      0.237     7.380 r  result_reg[30]_i_4/O[5]
                         net (fo=3, unplaced)         0.100     7.480    result_reg[30]_i_4_n_10
                         LUT4 (Prop_LUT4_I0_O)        0.100     7.580 r  result[28]_i_3/O
                         net (fo=1, unplaced)         0.185     7.765    result[28]_i_3_n_0
                         LUT6 (Prop_LUT6_I1_O)        0.038     7.803 r  result[28]_i_2/O
                         net (fo=6, unplaced)         0.207     8.010    result[28]_i_2_n_0
                         LUT3 (Prop_LUT3_I0_O)        0.038     8.048 r  result[21]_i_1/O
                         net (fo=23, unplaced)        0.238     8.286    result[21]_i_1_n_0
                         FDRE                                         r  result_reg[16]/R
  -------------------------------------------------------------------    -------------------

                         (clock core_clk rise edge)
                                                      4.000     4.000 r  
                                                      0.000     4.000 r  clk (IN)
                         net (fo=95, unset)           0.021     4.021    clk
                         FDRE                                         r  result_reg[16]/C
                         clock pessimism              0.000     4.021    
                         clock uncertainty           -0.035     3.986    
                         FDRE (Setup_FDRE_C_R)       -0.074     3.912    result_reg[16]
  -------------------------------------------------------------------
                         required time                          3.912    
                         arrival time                          -8.286    
  -------------------------------------------------------------------
                         slack                                 -4.374    

Slack (VIOLATED) :        -4.374ns  (required time - arrival time)
  Source:                 a_q_reg[25]/C
                            (rising edge-triggered cell FDRE clocked by core_clk  {rise@0.000ns fall@2.000ns period=4.000ns})
  Destination:            result_reg[17]/R
                            (rising edge-triggered cell FDRE clocked by core_clk  {rise@0.000ns fall@2.000ns period=4.000ns})
  Path Group:             core_clk
  Path Type:              Setup (Max at Slow Process Corner)
  Requirement:            4.000ns  (core_clk rise@4.000ns - core_clk rise@0.000ns)
  Data Path Delay:        8.256ns  (logic 2.691ns (32.594%)  route 5.565ns (67.406%))
  Logic Levels:           34  (CARRY8=9 LUT3=2 LUT4=4 LUT5=4 LUT6=15)
  Clock Path Skew:        -0.009ns (DCD - SCD + CPR)
    Destination Clock Delay (DCD):    0.021ns = ( 4.021 - 4.000 ) 
    Source Clock Delay      (SCD):    0.030ns
    Clock Pessimism Removal (CPR):    0.000ns
  Clock Uncertainty:      0.035ns  ((TSJ^2 + TIJ^2)^1/2 + DJ) / 2 + PE
    Total System Jitter     (TSJ):    0.071ns
    Total Input Jitter      (TIJ):    0.000ns
    Discrete Jitter          (DJ):    0.000ns
    Phase Error              (PE):    0.000ns

    Location             Delay type                Incr(ns)  Path(ns)    Netlist Resource(s)
  -------------------------------------------------------------------    -------------------
                         (clock core_clk rise edge)
                                                      0.000     0.000 r  
                                                      0.000     0.000 r  clk (IN)
                         net (fo=95, unset)           0.030     0.030    clk
                         FDRE                                         r  a_q_reg[25]/C
  -------------------------------------------------------------------    -------------------
                         FDRE (Prop_FDRE_C_Q)         0.077     0.107 r  a_q_reg[25]/Q
                         net (fo=26, unplaced)        0.147     0.254    a_q_reg_n_0_[25]
                         LUT4 (Prop_LUT4_I0_O)        0.100     0.354 r  result[31]_i_18/O
                         net (fo=3, unplaced)         0.191     0.545    result[31]_i_18_n_0
                         LUT5 (Prop_LUT5_I1_O)        0.038     0.583 r  result[31]_i_7/O
                         net (fo=17, unplaced)        0.230     0.813    result[31]_i_7_n_0
                         LUT4 (Prop_LUT4_I3_O)        0.070     0.883 f  result[31]_i_22/O
                         net (fo=1, unplaced)         0.242     1.125    result[31]_i_22_n_0
                         CARRY8 (Prop_CARRY8_DI[0]_CO[3])
                                                      0.182     1.307 f  result_reg[31]_i_8/CO[3]
                         net (fo=13, unplaced)        0.176     1.483    fp32_prepare[big_x]_return33_in
                         LUT6 (Prop_LUT6_I2_O)        0.053     1.536 r  result[31]_i_2/O
                         net (fo=104, unplaced)       0.271     1.807    result[31]_i_2_n_0
                         LUT6 (Prop_LUT6_I5_O)        0.038     1.845 r  result[31]_i_150/O
                         net (fo=3, unplaced)         0.191     2.036    result[31]_i_150_n_0
                         LUT3 (Prop_LUT3_I2_O)        0.038     2.074 f  result[31]_i_82/O
                         net (fo=24, unplaced)        0.238     2.312    result[31]_i_82_n_0
                         LUT6 (Prop_LUT6_I4_O)        0.038     2.350 f  result[31]_i_144/O
                         net (fo=1, unplaced)         0.185     2.535    result[31]_i_144_n_0
                         LUT6 (Prop_LUT6_I2_O)        0.038     2.573 f  result[31]_i_80/O
                         net (fo=17, unplaced)        0.230     2.803    result[31]_i_80_n_0
                         LUT6 (Prop_LUT6_I2_O)        0.038     2.841 r  result[31]_i_90/O
                         net (fo=1, unplaced)         0.185     3.026    result[31]_i_90_n_0
                         LUT4 (Prop_LUT4_I1_O)        0.037     3.063 r  result[31]_i_44/O
                         net (fo=1, unplaced)         0.032     3.095    result[31]_i_44_n_0
                         CARRY8 (Prop_CARRY8_S[3]_CO[7])
                                                      0.170     3.265 r  result_reg[31]_i_11/CO[7]
                         net (fo=1, unplaced)         0.005     3.270    result_reg[31]_i_11_n_0
                         CARRY8 (Prop_CARRY8_CI_O[5])
                                                      0.116     3.386 r  result_reg[31]_i_48/O[5]
                         net (fo=5, unplaced)         0.175     3.561    x__0[13]
                         LUT6 (Prop_LUT6_I0_O)        0.150     3.711 f  result[31]_i_13/O
                         net (fo=7, unplaced)         0.123     3.834    result[31]_i_13_n_0
                         LUT5 (Prop_LUT5_I1_O)        0.125     3.959 r  result[30]_i_76/O
                         net (fo=5, unplaced)         0.203     4.162    result[30]_i_76_n_0
                         LUT6 (Prop_LUT6_I5_O)        0.038     4.200 f  result[30]_i_51/O
                         net (fo=9, unplaced)         0.172     4.372    result[30]_i_51_n_0
                         LUT6 (Prop_LUT6_I0_O)        0.100     4.472 r  result[30]_i_39/O
                         net (fo=5, unplaced)         0.203     4.675    result[30]_i_39_n_0
                         LUT6 (Prop_LUT6_I5_O)        0.038     4.713 f  result[30]_i_26/O
                         net (fo=8, unplaced)         0.213     4.926    result[30]_i_26_n_0
                         LUT6 (Prop_LUT6_I5_O)        0.038     4.964 r  result[30]_i_55/O
                         net (fo=1, unplaced)         0.233     5.197    result[30]_i_55_n_0
                         CARRY8 (Prop_CARRY8_DI[0]_CO[3])
                                                      0.182     5.379 r  result_reg[30]_i_27/CO[3]
                         net (fo=16, unplaced)        0.135     5.514    result_reg[30]_i_27_n_4
                         LUT6 (Prop_LUT6_I5_O)        0.038     5.552 r  result[30]_i_23/O
                         net (fo=35, unplaced)        0.202     5.754    result[30]_i_23_n_0
                         LUT5 (Prop_LUT5_I2_O)        0.090     5.844 f  result[7]_i_21/O
                         net (fo=2, unplaced)         0.185     6.029    result[7]_i_21_n_0
                         LUT6 (Prop_LUT6_I5_O)        0.038     6.067 r  result[7]_i_22/O
                         net (fo=1, unplaced)         0.185     6.252    result[7]_i_22_n_0
                         LUT6 (Prop_LUT6_I5_O)        0.038     6.290 r  result[7]_i_11/O
                         net (fo=1, unplaced)         0.020     6.310    result[7]_i_11_n_0
                         CARRY8 (Prop_CARRY8_S[0]_CO[7])
                                                      0.199     6.509 r  result_reg[7]_i_2/CO[7]
                         net (fo=1, unplaced)         0.005     6.514    result_reg[7]_i_2_n_0
                         CARRY8 (Prop_CARRY8_CI_CO[7])
                                                      0.022     6.536 r  result_reg[15]_i_2/CO[7]
                         net (fo=1, unplaced)         0.005     6.541    result_reg[15]_i_2_n_0
                         CARRY8 (Prop_CARRY8_CI_CO[7])
                                                      0.022     6.563 r  result_reg[22]_i_3/CO[7]
                         net (fo=1, unplaced)         0.005     6.568    result_reg[22]_i_3_n_0
                         CARRY8 (Prop_CARRY8_CI_CO[0])
                                                      0.052     6.620 r  result_reg[22]_i_4/CO[0]
                         net (fo=26, unplaced)        0.240     6.860    p_0_in2_in
                         LUT5 (Prop_LUT5_I4_O)        0.038     6.898 r  result[30]_i_12/O
                         net (fo=2, unplaced)         0.185     7.083    result[30]_i_12_n_0
                         LUT6 (Prop_LUT6_I2_O)        0.037     7.120 r  result[30]_i_20/O
                         net (fo=1, unplaced)         0.023     7.143    result[30]_i_20_n_0
                         CARRY8 (Prop_CARRY8_S[1]_O[5])
                                                      0.237     7.380 r  result_reg[30]_i_4/O[5]
                         net (fo=3, unplaced)         0.100     7.480    result_reg[30]_i_4_n_10
                         LUT4 (Prop_LUT4_I0_O)        0.100     7.580 r  result[28]_i_3/O
                         net (fo=1, unplaced)         0.185     7.765    result[28]_i_3_n_0
                         LUT6 (Prop_LUT6_I1_O)        0.038     7.803 r  result[28]_i_2/O
                         net (fo=6, unplaced)         0.207     8.010    result[28]_i_2_n_0
                         LUT3 (Prop_LUT3_I0_O)        0.038     8.048 r  result[21]_i_1/O
                         net (fo=23, unplaced)        0.238     8.286    result[21]_i_1_n_0
                         FDRE                                         r  result_reg[17]/R
  -------------------------------------------------------------------    -------------------

                         (clock core_clk rise edge)
                                                      4.000     4.000 r  
                                                      0.000     4.000 r  clk (IN)
                         net (fo=95, unset)           0.021     4.021    clk
                         FDRE                                         r  result_reg[17]/C
                         clock pessimism              0.000     4.021    
                         clock uncertainty           -0.035     3.986    
                         FDRE (Setup_FDRE_C_R)       -0.074     3.912    result_reg[17]
  -------------------------------------------------------------------
                         required time                          3.912    
                         arrival time                          -8.286    
  -------------------------------------------------------------------
                         slack                                 -4.374    

Slack (VIOLATED) :        -4.374ns  (required time - arrival time)
  Source:                 a_q_reg[25]/C
                            (rising edge-triggered cell FDRE clocked by core_clk  {rise@0.000ns fall@2.000ns period=4.000ns})
  Destination:            result_reg[18]/R
                            (rising edge-triggered cell FDRE clocked by core_clk  {rise@0.000ns fall@2.000ns period=4.000ns})
  Path Group:             core_clk
  Path Type:              Setup (Max at Slow Process Corner)
  Requirement:            4.000ns  (core_clk rise@4.000ns - core_clk rise@0.000ns)
  Data Path Delay:        8.256ns  (logic 2.691ns (32.594%)  route 5.565ns (67.406%))
  Logic Levels:           34  (CARRY8=9 LUT3=2 LUT4=4 LUT5=4 LUT6=15)
  Clock Path Skew:        -0.009ns (DCD - SCD + CPR)
    Destination Clock Delay (DCD):    0.021ns = ( 4.021 - 4.000 ) 
    Source Clock Delay      (SCD):    0.030ns
    Clock Pessimism Removal (CPR):    0.000ns
  Clock Uncertainty:      0.035ns  ((TSJ^2 + TIJ^2)^1/2 + DJ) / 2 + PE
    Total System Jitter     (TSJ):    0.071ns
    Total Input Jitter      (TIJ):    0.000ns
    Discrete Jitter          (DJ):    0.000ns
    Phase Error              (PE):    0.000ns

    Location             Delay type                Incr(ns)  Path(ns)    Netlist Resource(s)
  -------------------------------------------------------------------    -------------------
                         (clock core_clk rise edge)
                                                      0.000     0.000 r  
                                                      0.000     0.000 r  clk (IN)
                         net (fo=95, unset)           0.030     0.030    clk
                         FDRE                                         r  a_q_reg[25]/C
  -------------------------------------------------------------------    -------------------
                         FDRE (Prop_FDRE_C_Q)         0.077     0.107 r  a_q_reg[25]/Q
                         net (fo=26, unplaced)        0.147     0.254    a_q_reg_n_0_[25]
                         LUT4 (Prop_LUT4_I0_O)        0.100     0.354 r  result[31]_i_18/O
                         net (fo=3, unplaced)         0.191     0.545    result[31]_i_18_n_0
                         LUT5 (Prop_LUT5_I1_O)        0.038     0.583 r  result[31]_i_7/O
                         net (fo=17, unplaced)        0.230     0.813    result[31]_i_7_n_0
                         LUT4 (Prop_LUT4_I3_O)        0.070     0.883 f  result[31]_i_22/O
                         net (fo=1, unplaced)         0.242     1.125    result[31]_i_22_n_0
                         CARRY8 (Prop_CARRY8_DI[0]_CO[3])
                                                      0.182     1.307 f  result_reg[31]_i_8/CO[3]
                         net (fo=13, unplaced)        0.176     1.483    fp32_prepare[big_x]_return33_in
                         LUT6 (Prop_LUT6_I2_O)        0.053     1.536 r  result[31]_i_2/O
                         net (fo=104, unplaced)       0.271     1.807    result[31]_i_2_n_0
                         LUT6 (Prop_LUT6_I5_O)        0.038     1.845 r  result[31]_i_150/O
                         net (fo=3, unplaced)         0.191     2.036    result[31]_i_150_n_0
                         LUT3 (Prop_LUT3_I2_O)        0.038     2.074 f  result[31]_i_82/O
                         net (fo=24, unplaced)        0.238     2.312    result[31]_i_82_n_0
                         LUT6 (Prop_LUT6_I4_O)        0.038     2.350 f  result[31]_i_144/O
                         net (fo=1, unplaced)         0.185     2.535    result[31]_i_144_n_0
                         LUT6 (Prop_LUT6_I2_O)        0.038     2.573 f  result[31]_i_80/O
                         net (fo=17, unplaced)        0.230     2.803    result[31]_i_80_n_0
                         LUT6 (Prop_LUT6_I2_O)        0.038     2.841 r  result[31]_i_90/O
                         net (fo=1, unplaced)         0.185     3.026    result[31]_i_90_n_0
                         LUT4 (Prop_LUT4_I1_O)        0.037     3.063 r  result[31]_i_44/O
                         net (fo=1, unplaced)         0.032     3.095    result[31]_i_44_n_0
                         CARRY8 (Prop_CARRY8_S[3]_CO[7])
                                                      0.170     3.265 r  result_reg[31]_i_11/CO[7]
                         net (fo=1, unplaced)         0.005     3.270    result_reg[31]_i_11_n_0
                         CARRY8 (Prop_CARRY8_CI_O[5])
                                                      0.116     3.386 r  result_reg[31]_i_48/O[5]
                         net (fo=5, unplaced)         0.175     3.561    x__0[13]
                         LUT6 (Prop_LUT6_I0_O)        0.150     3.711 f  result[31]_i_13/O
                         net (fo=7, unplaced)         0.123     3.834    result[31]_i_13_n_0
                         LUT5 (Prop_LUT5_I1_O)        0.125     3.959 r  result[30]_i_76/O
                         net (fo=5, unplaced)         0.203     4.162    result[30]_i_76_n_0
                         LUT6 (Prop_LUT6_I5_O)        0.038     4.200 f  result[30]_i_51/O
                         net (fo=9, unplaced)         0.172     4.372    result[30]_i_51_n_0
                         LUT6 (Prop_LUT6_I0_O)        0.100     4.472 r  result[30]_i_39/O
                         net (fo=5, unplaced)         0.203     4.675    result[30]_i_39_n_0
                         LUT6 (Prop_LUT6_I5_O)        0.038     4.713 f  result[30]_i_26/O
                         net (fo=8, unplaced)         0.213     4.926    result[30]_i_26_n_0
                         LUT6 (Prop_LUT6_I5_O)        0.038     4.964 r  result[30]_i_55/O
                         net (fo=1, unplaced)         0.233     5.197    result[30]_i_55_n_0
                         CARRY8 (Prop_CARRY8_DI[0]_CO[3])
                                                      0.182     5.379 r  result_reg[30]_i_27/CO[3]
                         net (fo=16, unplaced)        0.135     5.514    result_reg[30]_i_27_n_4
                         LUT6 (Prop_LUT6_I5_O)        0.038     5.552 r  result[30]_i_23/O
                         net (fo=35, unplaced)        0.202     5.754    result[30]_i_23_n_0
                         LUT5 (Prop_LUT5_I2_O)        0.090     5.844 f  result[7]_i_21/O
                         net (fo=2, unplaced)         0.185     6.029    result[7]_i_21_n_0
                         LUT6 (Prop_LUT6_I5_O)        0.038     6.067 r  result[7]_i_22/O
                         net (fo=1, unplaced)         0.185     6.252    result[7]_i_22_n_0
                         LUT6 (Prop_LUT6_I5_O)        0.038     6.290 r  result[7]_i_11/O
                         net (fo=1, unplaced)         0.020     6.310    result[7]_i_11_n_0
                         CARRY8 (Prop_CARRY8_S[0]_CO[7])
                                                      0.199     6.509 r  result_reg[7]_i_2/CO[7]
                         net (fo=1, unplaced)         0.005     6.514    result_reg[7]_i_2_n_0
                         CARRY8 (Prop_CARRY8_CI_CO[7])
                                                      0.022     6.536 r  result_reg[15]_i_2/CO[7]
                         net (fo=1, unplaced)         0.005     6.541    result_reg[15]_i_2_n_0
                         CARRY8 (Prop_CARRY8_CI_CO[7])
                                                      0.022     6.563 r  result_reg[22]_i_3/CO[7]
                         net (fo=1, unplaced)         0.005     6.568    result_reg[22]_i_3_n_0
                         CARRY8 (Prop_CARRY8_CI_CO[0])
                                                      0.052     6.620 r  result_reg[22]_i_4/CO[0]
                         net (fo=26, unplaced)        0.240     6.860    p_0_in2_in
                         LUT5 (Prop_LUT5_I4_O)        0.038     6.898 r  result[30]_i_12/O
                         net (fo=2, unplaced)         0.185     7.083    result[30]_i_12_n_0
                         LUT6 (Prop_LUT6_I2_O)        0.037     7.120 r  result[30]_i_20/O
                         net (fo=1, unplaced)         0.023     7.143    result[30]_i_20_n_0
                         CARRY8 (Prop_CARRY8_S[1]_O[5])
                                                      0.237     7.380 r  result_reg[30]_i_4/O[5]
                         net (fo=3, unplaced)         0.100     7.480    result_reg[30]_i_4_n_10
                         LUT4 (Prop_LUT4_I0_O)        0.100     7.580 r  result[28]_i_3/O
                         net (fo=1, unplaced)         0.185     7.765    result[28]_i_3_n_0
                         LUT6 (Prop_LUT6_I1_O)        0.038     7.803 r  result[28]_i_2/O
                         net (fo=6, unplaced)         0.207     8.010    result[28]_i_2_n_0
                         LUT3 (Prop_LUT3_I0_O)        0.038     8.048 r  result[21]_i_1/O
                         net (fo=23, unplaced)        0.238     8.286    result[21]_i_1_n_0
                         FDRE                                         r  result_reg[18]/R
  -------------------------------------------------------------------    -------------------

                         (clock core_clk rise edge)
                                                      4.000     4.000 r  
                                                      0.000     4.000 r  clk (IN)
                         net (fo=95, unset)           0.021     4.021    clk
                         FDRE                                         r  result_reg[18]/C
                         clock pessimism              0.000     4.021    
                         clock uncertainty           -0.035     3.986    
                         FDRE (Setup_FDRE_C_R)       -0.074     3.912    result_reg[18]
  -------------------------------------------------------------------
                         required time                          3.912    
                         arrival time                          -8.286    
  -------------------------------------------------------------------
                         slack                                 -4.374    





Pulse Width Checks
--------------------------------------------------------------------------------------
Clock Name:         core_clk
Waveform(ns):       { 0.000 2.000 }
Period(ns):         4.000
Sources:            { clk }

Check Type        Corner  Lib Pin  Reference Pin  Required(ns)  Actual(ns)  Slack(ns)  Location  Pin
Min Period        n/a     FDRE/C   n/a            0.550         4.000       3.450                a_q_reg[0]/C
Min Period        n/a     FDRE/C   n/a            0.550         4.000       3.450                a_q_reg[10]/C
Min Period        n/a     FDRE/C   n/a            0.550         4.000       3.450                a_q_reg[11]/C
Min Period        n/a     FDRE/C   n/a            0.550         4.000       3.450                a_q_reg[12]/C
Min Period        n/a     FDRE/C   n/a            0.550         4.000       3.450                a_q_reg[13]/C
Min Period        n/a     FDRE/C   n/a            0.550         4.000       3.450                a_q_reg[14]/C
Min Period        n/a     FDRE/C   n/a            0.550         4.000       3.450                a_q_reg[15]/C
Min Period        n/a     FDRE/C   n/a            0.550         4.000       3.450                a_q_reg[16]/C
Min Period        n/a     FDRE/C   n/a            0.550         4.000       3.450                a_q_reg[17]/C
Min Period        n/a     FDRE/C   n/a            0.550         4.000       3.450                a_q_reg[18]/C
Low Pulse Width   Slow    FDRE/C   n/a            0.275         2.000       1.725                a_q_reg[0]/C
Low Pulse Width   Fast    FDRE/C   n/a            0.275         2.000       1.725                a_q_reg[0]/C
Low Pulse Width   Slow    FDRE/C   n/a            0.275         2.000       1.725                a_q_reg[10]/C
Low Pulse Width   Fast    FDRE/C   n/a            0.275         2.000       1.725                a_q_reg[10]/C
Low Pulse Width   Slow    FDRE/C   n/a            0.275         2.000       1.725                a_q_reg[11]/C
Low Pulse Width   Fast    FDRE/C   n/a            0.275         2.000       1.725                a_q_reg[11]/C
Low Pulse Width   Slow    FDRE/C   n/a            0.275         2.000       1.725                a_q_reg[12]/C
Low Pulse Width   Fast    FDRE/C   n/a            0.275         2.000       1.725                a_q_reg[12]/C
Low Pulse Width   Slow    FDRE/C   n/a            0.275         2.000       1.725                a_q_reg[13]/C
Low Pulse Width   Fast    FDRE/C   n/a            0.275         2.000       1.725                a_q_reg[13]/C
High Pulse Width  Slow    FDRE/C   n/a            0.275         2.000       1.725                a_q_reg[0]/C
High Pulse Width  Fast    FDRE/C   n/a            0.275         2.000       1.725                a_q_reg[0]/C
High Pulse Width  Slow    FDRE/C   n/a            0.275         2.000       1.725                a_q_reg[10]/C
High Pulse Width  Fast    FDRE/C   n/a            0.275         2.000       1.725                a_q_reg[10]/C
High Pulse Width  Slow    FDRE/C   n/a            0.275         2.000       1.725                a_q_reg[11]/C
High Pulse Width  Fast    FDRE/C   n/a            0.275         2.000       1.725                a_q_reg[11]/C
High Pulse Width  Slow    FDRE/C   n/a            0.275         2.000       1.725                a_q_reg[12]/C
High Pulse Width  Fast    FDRE/C   n/a            0.275         2.000       1.725                a_q_reg[12]/C
High Pulse Width  Slow    FDRE/C   n/a            0.275         2.000       1.725                a_q_reg[13]/C
High Pulse Width  Fast    FDRE/C   n/a            0.275         2.000       1.725                a_q_reg[13]/C



