Copyright 1986-2022 Xilinx, Inc. All Rights Reserved.
------------------------------------------------------------------------------------------------------------------------------------------------------------------------
| Tool Version      : Vivado v.2022.2 (win64) Build 3671981 Fri Oct 14 05:00:03 MDT 2022
| Date              : Wed Sep 30 18:18:19 2026
| Host              : FLY running 64-bit major release  (build 9200)
| Command           : report_timing_summary -delay_type min_max -max_paths 20 -file C:/Users/fly04/Desktop/VLA/PCore_2.0/v3/reports/DEQACC_3.3ns/refined_3p3_timing.rpt
| Design            : DEQACC_3_3ns_timing_shell
| Device            : xcu50-fsvh2104
| Speed File        : -2  PRODUCTION 1.30 05-01-2022
| Temperature Grade : E
------------------------------------------------------------------------------------------------------------------------------------------------------------------------

Timing Summary Report

------------------------------------------------------------------------------------------------
| Timer Settings
| --------------
------------------------------------------------------------------------------------------------

  Enable Multi Corner Analysis               :  Yes
  Enable Pessimism Removal                   :  Yes
  Pessimism Removal Resolution               :  Nearest Common Node
  Enable Input Delay Default Clock           :  No
  Enable Preset / Clear Arcs                 :  No
  Disable Flight Delays                      :  No
  Ignore I/O Paths                           :  No
  Timing Early Launch at Borrowing Latches   :  No
  Borrow Time for Max Delay Exceptions       :  Yes
  Merge Timing Exceptions                    :  Yes

  Corner  Analyze    Analyze    
  Name    Max Paths  Min Paths  
  ------  ---------  ---------  
  Slow    Yes        Yes        
  Fast    Yes        Yes        


------------------------------------------------------------------------------------------------
| Report Methodology
| ------------------
------------------------------------------------------------------------------------------------

No report available as report_methodology has not been run prior. Run report_methodology on the current design for the summary of methodology violations.



check_timing report

Table of Contents
-----------------
1. checking no_clock (0)
2. checking constant_clock (0)
3. checking pulse_width_clock (0)
4. checking unconstrained_internal_endpoints (0)
5. checking no_input_delay (2258)
6. checking no_output_delay (1062)
7. checking multiple_clock (0)
8. checking generated_clocks (0)
9. checking loops (0)
10. checking partial_input_delay (0)
11. checking partial_output_delay (0)
12. checking latch_loops (0)

1. checking no_clock (0)
------------------------
 There are 0 register/latch pins with no clock.


2. checking constant_clock (0)
------------------------------
 There are 0 register/latch pins with constant_clock.


3. checking pulse_width_clock (0)
---------------------------------
 There are 0 register/latch pins which need pulse_width check


4. checking unconstrained_internal_endpoints (0)
------------------------------------------------
 There are 0 pins that are not constrained for maximum delay.

 There are 0 pins that are not constrained for maximum delay due to constant clock.


5. checking no_input_delay (2258)
---------------------------------
 There are 2258 input ports with no input delay specified. (HIGH)

 There are 0 input ports with no input delay but user has a false path constraint.


6. checking no_output_delay (1062)
----------------------------------
 There are 1062 ports with no output delay specified. (HIGH)

 There are 0 ports with no output delay but user has a false path constraint

 There are 0 ports with no output delay but with a timing clock defined on it or propagating through it


7. checking multiple_clock (0)
------------------------------
 There are 0 register/latch pins with multiple clocks.


8. checking generated_clocks (0)
--------------------------------
 There are 0 generated clocks that are not connected to a clock source.


9. checking loops (0)
---------------------
 There are 0 combinational loops in the design.


10. checking partial_input_delay (0)
------------------------------------
 There are 0 input ports with partial input delay specified.


11. checking partial_output_delay (0)
-------------------------------------
 There are 0 ports with partial output delay specified.


12. checking latch_loops (0)
----------------------------
 There are 0 combinational latch loops in the design through latch input



------------------------------------------------------------------------------------------------
| Design Timing Summary
| ---------------------
------------------------------------------------------------------------------------------------

    WNS(ns)      TNS(ns)  TNS Failing Endpoints  TNS Total Endpoints      WHS(ns)      THS(ns)  THS Failing Endpoints  THS Total Endpoints     WPWS(ns)     TPWS(ns)  TPWS Failing Endpoints  TPWS Total Endpoints  
    -------      -------  ---------------------  -------------------      -------      -------  ---------------------  -------------------     --------     --------  ----------------------  --------------------  
      0.000        0.000                      0                48444        0.019        0.000                      0                48444        1.108        0.000                       0                 28819  


All user specified timing constraints are met.


------------------------------------------------------------------------------------------------
| Clock Summary
| -------------
------------------------------------------------------------------------------------------------

Clock     Waveform(ns)         Period(ns)      Frequency(MHz)
-----     ------------         ----------      --------------
core_clk  {0.000 1.650}        3.300           303.030         


------------------------------------------------------------------------------------------------
| Intra Clock Table
| -----------------
------------------------------------------------------------------------------------------------

Clock             WNS(ns)      TNS(ns)  TNS Failing Endpoints  TNS Total Endpoints      WHS(ns)      THS(ns)  THS Failing Endpoints  THS Total Endpoints     WPWS(ns)     TPWS(ns)  TPWS Failing Endpoints  TPWS Total Endpoints  
-----             -------      -------  ---------------------  -------------------      -------      -------  ---------------------  -------------------     --------     --------  ----------------------  --------------------  
core_clk            0.000        0.000                      0                48444        0.019        0.000                      0                48444        1.108        0.000                       0                 28819  


------------------------------------------------------------------------------------------------
| Inter Clock Table
| -----------------
------------------------------------------------------------------------------------------------

From Clock    To Clock          WNS(ns)      TNS(ns)  TNS Failing Endpoints  TNS Total Endpoints      WHS(ns)      THS(ns)  THS Failing Endpoints  THS Total Endpoints  
----------    --------          -------      -------  ---------------------  -------------------      -------      -------  ---------------------  -------------------  


------------------------------------------------------------------------------------------------
| Other Path Groups Table
| -----------------------
------------------------------------------------------------------------------------------------

Path Group    From Clock    To Clock          WNS(ns)      TNS(ns)  TNS Failing Endpoints  TNS Total Endpoints      WHS(ns)      THS(ns)  THS Failing Endpoints  THS Total Endpoints  
----------    ----------    --------          -------      -------  ---------------------  -------------------      -------      -------  ---------------------  -------------------  


------------------------------------------------------------------------------------------------
| Timing Details
| --------------
------------------------------------------------------------------------------------------------


---------------------------------------------------------------------------------------------------
From Clock:  core_clk
  To Clock:  core_clk

Setup :            0  Failing Endpoints,  Worst Slack        0.000ns,  Total Violation        0.000ns
Hold  :            0  Failing Endpoints,  Worst Slack        0.019ns,  Total Violation        0.000ns
PW    :            0  Failing Endpoints,  Worst Slack        1.108ns,  Total Violation        0.000ns
---------------------------------------------------------------------------------------------------


Max Delay Paths
--------------------------------------------------------------------------------------
Slack (MET) :             0.000ns  (required time - arrival time)
  Source:                 core/acc_store/result_sel_q_reg[1]/C
                            (rising edge-triggered cell FDRE clocked by core_clk  {rise@0.000ns fall@1.650ns period=3.300ns})
  Destination:            result_even_data_reg[15][20]/D
                            (rising edge-triggered cell FDRE clocked by core_clk  {rise@0.000ns fall@1.650ns period=3.300ns})
  Path Group:             core_clk
  Path Type:              Setup (Max at Slow Process Corner)
  Requirement:            3.300ns  (core_clk rise@3.300ns - core_clk rise@0.000ns)
  Data Path Delay:        3.280ns  (logic 0.222ns (6.768%)  route 3.058ns (93.232%))
  Logic Levels:           1  (LUT5=1)
  Clock Path Skew:        -0.010ns (DCD - SCD + CPR)
    Destination Clock Delay (DCD):    0.020ns = ( 3.320 - 3.300 ) 
    Source Clock Delay      (SCD):    0.030ns
    Clock Pessimism Removal (CPR):    0.000ns
  Clock Uncertainty:      0.035ns  ((TSJ^2 + TIJ^2)^1/2 + DJ) / 2 + PE
    Total System Jitter     (TSJ):    0.071ns
    Total Input Jitter      (TIJ):    0.000ns
    Discrete Jitter          (DJ):    0.000ns
    Phase Error              (PE):    0.000ns

    Location             Delay type                Incr(ns)  Path(ns)    Netlist Resource(s)
  -------------------------------------------------------------------    -------------------
                         (clock core_clk rise edge)
                                                      0.000     0.000 r  
                                                      0.000     0.000 r  clk (IN)
                         net (fo=28818, unset)        0.030     0.030    core/acc_store/clk
    SLICE_X154Y62        FDRE                                         r  core/acc_store/result_sel_q_reg[1]/C
  -------------------------------------------------------------------    -------------------
    SLICE_X154Y62        FDRE (Prop_EFF_SLICEM_C_Q)
                                                      0.076     0.106 r  core/acc_store/result_sel_q_reg[1]/Q
                         net (fo=1024, routed)        3.008     3.114    core/acc_store/banks[2].parity[0].ram/result_even_data_reg[15][31][1]
    SLICE_X177Y72        LUT5 (Prop_C6LUT_SLICEL_I3_O)
                                                      0.146     3.260 r  core/acc_store/banks[2].parity[0].ram/result_even_data[15][20]_i_1/O
                         net (fo=1, routed)           0.050     3.310    even_i[15][20]
    SLICE_X177Y72        FDRE                                         r  result_even_data_reg[15][20]/D
  -------------------------------------------------------------------    -------------------

                         (clock core_clk rise edge)
                                                      3.300     3.300 r  
                                                      0.000     3.300 r  clk (IN)
                         net (fo=28818, unset)        0.020     3.320    clk
    SLICE_X177Y72        FDRE                                         r  result_even_data_reg[15][20]/C
                         clock pessimism              0.000     3.320    
                         clock uncertainty           -0.035     3.285    
    SLICE_X177Y72        FDRE (Setup_CFF_SLICEL_C_D)
                                                      0.025     3.310    result_even_data_reg[15][20]
  -------------------------------------------------------------------
                         required time                          3.310    
                         arrival time                          -3.310    
  -------------------------------------------------------------------
                         slack                                  0.000    

Slack (MET) :             0.009ns  (required time - arrival time)
  Source:                 core/acc_store/result_sel_q_reg[1]/C
                            (rising edge-triggered cell FDRE clocked by core_clk  {rise@0.000ns fall@1.650ns period=3.300ns})
  Destination:            result_even_data_reg[12][31]/D
                            (rising edge-triggered cell FDRE clocked by core_clk  {rise@0.000ns fall@1.650ns period=3.300ns})
  Path Group:             core_clk
  Path Type:              Setup (Max at Slow Process Corner)
  Requirement:            3.300ns  (core_clk rise@3.300ns - core_clk rise@0.000ns)
  Data Path Delay:        3.271ns  (logic 0.173ns (5.289%)  route 3.098ns (94.711%))
  Logic Levels:           1  (LUT5=1)
  Clock Path Skew:        -0.010ns (DCD - SCD + CPR)
    Destination Clock Delay (DCD):    0.020ns = ( 3.320 - 3.300 ) 
    Source Clock Delay      (SCD):    0.030ns
    Clock Pessimism Removal (CPR):    0.000ns
  Clock Uncertainty:      0.035ns  ((TSJ^2 + TIJ^2)^1/2 + DJ) / 2 + PE
    Total System Jitter     (TSJ):    0.071ns
    Total Input Jitter      (TIJ):    0.000ns
    Discrete Jitter          (DJ):    0.000ns
    Phase Error              (PE):    0.000ns

    Location             Delay type                Incr(ns)  Path(ns)    Netlist Resource(s)
  -------------------------------------------------------------------    -------------------
                         (clock core_clk rise edge)
                                                      0.000     0.000 r  
                                                      0.000     0.000 r  clk (IN)
                         net (fo=28818, unset)        0.030     0.030    core/acc_store/clk
    SLICE_X154Y62        FDRE                                         r  core/acc_store/result_sel_q_reg[1]/C
  -------------------------------------------------------------------    -------------------
    SLICE_X154Y62        FDRE (Prop_EFF_SLICEM_C_Q)
                                                      0.076     0.106 r  core/acc_store/result_sel_q_reg[1]/Q
                         net (fo=1024, routed)        3.050     3.156    core/acc_store/banks[2].parity[0].ram/result_even_data_reg[15][31][1]
    SLICE_X189Y73        LUT5 (Prop_G6LUT_SLICEL_I3_O)
                                                      0.097     3.253 r  core/acc_store/banks[2].parity[0].ram/result_even_data[12][31]_i_1/O
                         net (fo=1, routed)           0.048     3.301    even_i[12][31]
    SLICE_X189Y73        FDRE                                         r  result_even_data_reg[12][31]/D
  -------------------------------------------------------------------    -------------------

                         (clock core_clk rise edge)
                                                      3.300     3.300 r  
                                                      0.000     3.300 r  clk (IN)
                         net (fo=28818, unset)        0.020     3.320    clk
    SLICE_X189Y73        FDRE                                         r  result_even_data_reg[12][31]/C
                         clock pessimism              0.000     3.320    
                         clock uncertainty           -0.035     3.285    
    SLICE_X189Y73        FDRE (Setup_GFF_SLICEL_C_D)
                                                      0.025     3.310    result_even_data_reg[12][31]
  -------------------------------------------------------------------
                         required time                          3.310    
                         arrival time                          -3.301    
  -------------------------------------------------------------------
                         slack                                  0.009    

Slack (MET) :             0.014ns  (required time - arrival time)
  Source:                 core/acc_store/result_sel_q_reg[1]/C
                            (rising edge-triggered cell FDRE clocked by core_clk  {rise@0.000ns fall@1.650ns period=3.300ns})
  Destination:            result_even_data_reg[12][29]/D
                            (rising edge-triggered cell FDRE clocked by core_clk  {rise@0.000ns fall@1.650ns period=3.300ns})
  Path Group:             core_clk
  Path Type:              Setup (Max at Slow Process Corner)
  Requirement:            3.300ns  (core_clk rise@3.300ns - core_clk rise@0.000ns)
  Data Path Delay:        3.266ns  (logic 0.174ns (5.328%)  route 3.092ns (94.672%))
  Logic Levels:           1  (LUT5=1)
  Clock Path Skew:        -0.010ns (DCD - SCD + CPR)
    Destination Clock Delay (DCD):    0.020ns = ( 3.320 - 3.300 ) 
    Source Clock Delay      (SCD):    0.030ns
    Clock Pessimism Removal (CPR):    0.000ns
  Clock Uncertainty:      0.035ns  ((TSJ^2 + TIJ^2)^1/2 + DJ) / 2 + PE
    Total System Jitter     (TSJ):    0.071ns
    Total Input Jitter      (TIJ):    0.000ns
    Discrete Jitter          (DJ):    0.000ns
    Phase Error              (PE):    0.000ns

    Location             Delay type                Incr(ns)  Path(ns)    Netlist Resource(s)
  -------------------------------------------------------------------    -------------------
                         (clock core_clk rise edge)
                                                      0.000     0.000 r  
                                                      0.000     0.000 r  clk (IN)
                         net (fo=28818, unset)        0.030     0.030    core/acc_store/clk
    SLICE_X154Y62        FDRE                                         r  core/acc_store/result_sel_q_reg[1]/C
  -------------------------------------------------------------------    -------------------
    SLICE_X154Y62        FDRE (Prop_EFF_SLICEM_C_Q)
                                                      0.076     0.106 r  core/acc_store/result_sel_q_reg[1]/Q
                         net (fo=1024, routed)        3.044     3.150    core/acc_store/banks[2].parity[0].ram/result_even_data_reg[15][31][1]
    SLICE_X188Y71        LUT5 (Prop_A6LUT_SLICEL_I3_O)
                                                      0.098     3.248 r  core/acc_store/banks[2].parity[0].ram/result_even_data[12][29]_i_1/O
                         net (fo=1, routed)           0.048     3.296    even_i[12][29]
    SLICE_X188Y71        FDRE                                         r  result_even_data_reg[12][29]/D
  -------------------------------------------------------------------    -------------------

                         (clock core_clk rise edge)
                                                      3.300     3.300 r  
                                                      0.000     3.300 r  clk (IN)
                         net (fo=28818, unset)        0.020     3.320    clk
    SLICE_X188Y71        FDRE                                         r  result_even_data_reg[12][29]/C
                         clock pessimism              0.000     3.320    
                         clock uncertainty           -0.035     3.285    
    SLICE_X188Y71        FDRE (Setup_AFF_SLICEL_C_D)
                                                      0.025     3.310    result_even_data_reg[12][29]
  -------------------------------------------------------------------
                         required time                          3.310    
                         arrival time                          -3.296    
  -------------------------------------------------------------------
                         slack                                  0.014    

Slack (MET) :             0.016ns  (required time - arrival time)
  Source:                 core/acc_store/result_sel_q_reg[1]/C
                            (rising edge-triggered cell FDRE clocked by core_clk  {rise@0.000ns fall@1.650ns period=3.300ns})
  Destination:            result_even_data_reg[1][19]/D
                            (rising edge-triggered cell FDRE clocked by core_clk  {rise@0.000ns fall@1.650ns period=3.300ns})
  Path Group:             core_clk
  Path Type:              Setup (Max at Slow Process Corner)
  Requirement:            3.300ns  (core_clk rise@3.300ns - core_clk rise@0.000ns)
  Data Path Delay:        3.265ns  (logic 0.164ns (5.024%)  route 3.101ns (94.976%))
  Logic Levels:           1  (LUT5=1)
  Clock Path Skew:        -0.009ns (DCD - SCD + CPR)
    Destination Clock Delay (DCD):    0.021ns = ( 3.321 - 3.300 ) 
    Source Clock Delay      (SCD):    0.030ns
    Clock Pessimism Removal (CPR):    0.000ns
  Clock Uncertainty:      0.035ns  ((TSJ^2 + TIJ^2)^1/2 + DJ) / 2 + PE
    Total System Jitter     (TSJ):    0.071ns
    Total Input Jitter      (TIJ):    0.000ns
    Discrete Jitter          (DJ):    0.000ns
    Phase Error              (PE):    0.000ns

    Location             Delay type                Incr(ns)  Path(ns)    Netlist Resource(s)
  -------------------------------------------------------------------    -------------------
                         (clock core_clk rise edge)
                                                      0.000     0.000 r  
                                                      0.000     0.000 r  clk (IN)
                         net (fo=28818, unset)        0.030     0.030    core/acc_store/clk
    SLICE_X154Y62        FDRE                                         r  core/acc_store/result_sel_q_reg[1]/C
  -------------------------------------------------------------------    -------------------
    SLICE_X154Y62        FDRE (Prop_EFF_SLICEM_C_Q)
                                                      0.076     0.106 r  core/acc_store/result_sel_q_reg[1]/Q
                         net (fo=1024, routed)        3.029     3.135    core/acc_store/banks[2].parity[0].ram/result_even_data_reg[15][31][1]
    SLICE_X180Y62        LUT5 (Prop_D6LUT_SLICEM_I3_O)
                                                      0.088     3.223 r  core/acc_store/banks[2].parity[0].ram/result_even_data[1][19]_i_1/O
                         net (fo=1, routed)           0.072     3.295    even_i[1][19]
    SLICE_X180Y62        FDRE                                         r  result_even_data_reg[1][19]/D
  -------------------------------------------------------------------    -------------------

                         (clock core_clk rise edge)
                                                      3.300     3.300 r  
                                                      0.000     3.300 r  clk (IN)
                         net (fo=28818, unset)        0.021     3.321    clk
    SLICE_X180Y62        FDRE                                         r  result_even_data_reg[1][19]/C
                         clock pessimism              0.000     3.321    
                         clock uncertainty           -0.035     3.286    
    SLICE_X180Y62        FDRE (Setup_DFF_SLICEM_C_D)
                                                      0.025     3.311    result_even_data_reg[1][19]
  -------------------------------------------------------------------
                         required time                          3.311    
                         arrival time                          -3.295    
  -------------------------------------------------------------------
                         slack                                  0.016    

Slack (MET) :             0.022ns  (required time - arrival time)
  Source:                 core/acc_store/result_sel_q_reg[1]/C
                            (rising edge-triggered cell FDRE clocked by core_clk  {rise@0.000ns fall@1.650ns period=3.300ns})
  Destination:            result_even_data_reg[1][26]/D
                            (rising edge-triggered cell FDRE clocked by core_clk  {rise@0.000ns fall@1.650ns period=3.300ns})
  Path Group:             core_clk
  Path Type:              Setup (Max at Slow Process Corner)
  Requirement:            3.300ns  (core_clk rise@3.300ns - core_clk rise@0.000ns)
  Data Path Delay:        3.258ns  (logic 0.222ns (6.815%)  route 3.036ns (93.185%))
  Logic Levels:           1  (LUT5=1)
  Clock Path Skew:        -0.010ns (DCD - SCD + CPR)
    Destination Clock Delay (DCD):    0.020ns = ( 3.320 - 3.300 ) 
    Source Clock Delay      (SCD):    0.030ns
    Clock Pessimism Removal (CPR):    0.000ns
  Clock Uncertainty:      0.035ns  ((TSJ^2 + TIJ^2)^1/2 + DJ) / 2 + PE
    Total System Jitter     (TSJ):    0.071ns
    Total Input Jitter      (TIJ):    0.000ns
    Discrete Jitter          (DJ):    0.000ns
    Phase Error              (PE):    0.000ns

    Location             Delay type                Incr(ns)  Path(ns)    Netlist Resource(s)
  -------------------------------------------------------------------    -------------------
                         (clock core_clk rise edge)
                                                      0.000     0.000 r  
                                                      0.000     0.000 r  clk (IN)
                         net (fo=28818, unset)        0.030     0.030    core/acc_store/clk
    SLICE_X154Y62        FDRE                                         r  core/acc_store/result_sel_q_reg[1]/C
  -------------------------------------------------------------------    -------------------
    SLICE_X154Y62        FDRE (Prop_EFF_SLICEM_C_Q)
                                                      0.076     0.106 r  core/acc_store/result_sel_q_reg[1]/Q
                         net (fo=1024, routed)        2.987     3.093    core/acc_store/banks[2].parity[0].ram/result_even_data_reg[15][31][1]
    SLICE_X178Y62        LUT5 (Prop_D6LUT_SLICEL_I3_O)
                                                      0.146     3.239 r  core/acc_store/banks[2].parity[0].ram/result_even_data[1][26]_i_1/O
                         net (fo=1, routed)           0.049     3.288    even_i[1][26]
    SLICE_X178Y62        FDRE                                         r  result_even_data_reg[1][26]/D
  -------------------------------------------------------------------    -------------------

                         (clock core_clk rise edge)
                                                      3.300     3.300 r  
                                                      0.000     3.300 r  clk (IN)
                         net (fo=28818, unset)        0.020     3.320    clk
    SLICE_X178Y62        FDRE                                         r  result_even_data_reg[1][26]/C
                         clock pessimism              0.000     3.320    
                         clock uncertainty           -0.035     3.285    
    SLICE_X178Y62        FDRE (Setup_DFF_SLICEL_C_D)
                                                      0.025     3.310    result_even_data_reg[1][26]
  -------------------------------------------------------------------
                         required time                          3.310    
                         arrival time                          -3.288    
  -------------------------------------------------------------------
                         slack                                  0.022    

Slack (MET) :             0.023ns  (required time - arrival time)
  Source:                 core/acc_store/result_sel_q_reg[1]/C
                            (rising edge-triggered cell FDRE clocked by core_clk  {rise@0.000ns fall@1.650ns period=3.300ns})
  Destination:            result_even_data_reg[0][29]/D
                            (rising edge-triggered cell FDRE clocked by core_clk  {rise@0.000ns fall@1.650ns period=3.300ns})
  Path Group:             core_clk
  Path Type:              Setup (Max at Slow Process Corner)
  Requirement:            3.300ns  (core_clk rise@3.300ns - core_clk rise@0.000ns)
  Data Path Delay:        3.257ns  (logic 0.226ns (6.939%)  route 3.031ns (93.061%))
  Logic Levels:           1  (LUT5=1)
  Clock Path Skew:        -0.010ns (DCD - SCD + CPR)
    Destination Clock Delay (DCD):    0.020ns = ( 3.320 - 3.300 ) 
    Source Clock Delay      (SCD):    0.030ns
    Clock Pessimism Removal (CPR):    0.000ns
  Clock Uncertainty:      0.035ns  ((TSJ^2 + TIJ^2)^1/2 + DJ) / 2 + PE
    Total System Jitter     (TSJ):    0.071ns
    Total Input Jitter      (TIJ):    0.000ns
    Discrete Jitter          (DJ):    0.000ns
    Phase Error              (PE):    0.000ns

    Location             Delay type                Incr(ns)  Path(ns)    Netlist Resource(s)
  -------------------------------------------------------------------    -------------------
                         (clock core_clk rise edge)
                                                      0.000     0.000 r  
                                                      0.000     0.000 r  clk (IN)
                         net (fo=28818, unset)        0.030     0.030    core/acc_store/clk
    SLICE_X154Y62        FDRE                                         r  core/acc_store/result_sel_q_reg[1]/C
  -------------------------------------------------------------------    -------------------
    SLICE_X154Y62        FDRE (Prop_EFF_SLICEM_C_Q)
                                                      0.076     0.106 r  core/acc_store/result_sel_q_reg[1]/Q
                         net (fo=1024, routed)        2.980     3.086    core/acc_store/banks[2].parity[0].ram/result_even_data_reg[15][31][1]
    SLICE_X181Y55        LUT5 (Prop_H6LUT_SLICEL_I3_O)
                                                      0.150     3.236 r  core/acc_store/banks[2].parity[0].ram/result_even_data[0][29]_i_1/O
                         net (fo=1, routed)           0.051     3.287    even_i[0][29]
    SLICE_X181Y55        FDRE                                         r  result_even_data_reg[0][29]/D
  -------------------------------------------------------------------    -------------------

                         (clock core_clk rise edge)
                                                      3.300     3.300 r  
                                                      0.000     3.300 r  clk (IN)
                         net (fo=28818, unset)        0.020     3.320    clk
    SLICE_X181Y55        FDRE                                         r  result_even_data_reg[0][29]/C
                         clock pessimism              0.000     3.320    
                         clock uncertainty           -0.035     3.285    
    SLICE_X181Y55        FDRE (Setup_HFF_SLICEL_C_D)
                                                      0.025     3.310    result_even_data_reg[0][29]
  -------------------------------------------------------------------
                         required time                          3.310    
                         arrival time                          -3.287    
  -------------------------------------------------------------------
                         slack                                  0.023    

Slack (MET) :             0.025ns  (required time - arrival time)
  Source:                 core/acc_store/result_sel_q_reg[1]/C
                            (rising edge-triggered cell FDRE clocked by core_clk  {rise@0.000ns fall@1.650ns period=3.300ns})
  Destination:            result_even_data_reg[11][29]/D
                            (rising edge-triggered cell FDRE clocked by core_clk  {rise@0.000ns fall@1.650ns period=3.300ns})
  Path Group:             core_clk
  Path Type:              Setup (Max at Slow Process Corner)
  Requirement:            3.300ns  (core_clk rise@3.300ns - core_clk rise@0.000ns)
  Data Path Delay:        3.255ns  (logic 0.226ns (6.944%)  route 3.029ns (93.056%))
  Logic Levels:           1  (LUT5=1)
  Clock Path Skew:        -0.010ns (DCD - SCD + CPR)
    Destination Clock Delay (DCD):    0.020ns = ( 3.320 - 3.300 ) 
    Source Clock Delay      (SCD):    0.030ns
    Clock Pessimism Removal (CPR):    0.000ns
  Clock Uncertainty:      0.035ns  ((TSJ^2 + TIJ^2)^1/2 + DJ) / 2 + PE
    Total System Jitter     (TSJ):    0.071ns
    Total Input Jitter      (TIJ):    0.000ns
    Discrete Jitter          (DJ):    0.000ns
    Phase Error              (PE):    0.000ns

    Location             Delay type                Incr(ns)  Path(ns)    Netlist Resource(s)
  -------------------------------------------------------------------    -------------------
                         (clock core_clk rise edge)
                                                      0.000     0.000 r  
                                                      0.000     0.000 r  clk (IN)
                         net (fo=28818, unset)        0.030     0.030    core/acc_store/clk
    SLICE_X154Y62        FDRE                                         r  core/acc_store/result_sel_q_reg[1]/C
  -------------------------------------------------------------------    -------------------
    SLICE_X154Y62        FDRE (Prop_EFF_SLICEM_C_Q)
                                                      0.076     0.106 r  core/acc_store/result_sel_q_reg[1]/Q
                         net (fo=1024, routed)        2.978     3.084    core/acc_store/banks[2].parity[0].ram/result_even_data_reg[15][31][1]
    SLICE_X188Y70        LUT5 (Prop_H6LUT_SLICEL_I3_O)
                                                      0.150     3.234 r  core/acc_store/banks[2].parity[0].ram/result_even_data[11][29]_i_1/O
                         net (fo=1, routed)           0.051     3.285    even_i[11][29]
    SLICE_X188Y70        FDRE                                         r  result_even_data_reg[11][29]/D
  -------------------------------------------------------------------    -------------------

                         (clock core_clk rise edge)
                                                      3.300     3.300 r  
                                                      0.000     3.300 r  clk (IN)
                         net (fo=28818, unset)        0.020     3.320    clk
    SLICE_X188Y70        FDRE                                         r  result_even_data_reg[11][29]/C
                         clock pessimism              0.000     3.320    
                         clock uncertainty           -0.035     3.285    
    SLICE_X188Y70        FDRE (Setup_HFF_SLICEL_C_D)
                                                      0.025     3.310    result_even_data_reg[11][29]
  -------------------------------------------------------------------
                         required time                          3.310    
                         arrival time                          -3.285    
  -------------------------------------------------------------------
                         slack                                  0.025    

Slack (MET) :             0.028ns  (required time - arrival time)
  Source:                 core/acc_store/result_sel_q_reg[1]/C
                            (rising edge-triggered cell FDRE clocked by core_clk  {rise@0.000ns fall@1.650ns period=3.300ns})
  Destination:            result_even_data_reg[12][0]/D
                            (rising edge-triggered cell FDRE clocked by core_clk  {rise@0.000ns fall@1.650ns period=3.300ns})
  Path Group:             core_clk
  Path Type:              Setup (Max at Slow Process Corner)
  Requirement:            3.300ns  (core_clk rise@3.300ns - core_clk rise@0.000ns)
  Data Path Delay:        3.252ns  (logic 0.199ns (6.120%)  route 3.053ns (93.880%))
  Logic Levels:           1  (LUT5=1)
  Clock Path Skew:        -0.010ns (DCD - SCD + CPR)
    Destination Clock Delay (DCD):    0.020ns = ( 3.320 - 3.300 ) 
    Source Clock Delay      (SCD):    0.030ns
    Clock Pessimism Removal (CPR):    0.000ns
  Clock Uncertainty:      0.035ns  ((TSJ^2 + TIJ^2)^1/2 + DJ) / 2 + PE
    Total System Jitter     (TSJ):    0.071ns
    Total Input Jitter      (TIJ):    0.000ns
    Discrete Jitter          (DJ):    0.000ns
    Phase Error              (PE):    0.000ns

    Location             Delay type                Incr(ns)  Path(ns)    Netlist Resource(s)
  -------------------------------------------------------------------    -------------------
                         (clock core_clk rise edge)
                                                      0.000     0.000 r  
                                                      0.000     0.000 r  clk (IN)
                         net (fo=28818, unset)        0.030     0.030    core/acc_store/clk
    SLICE_X154Y62        FDRE                                         r  core/acc_store/result_sel_q_reg[1]/C
  -------------------------------------------------------------------    -------------------
    SLICE_X154Y62        FDRE (Prop_EFF_SLICEM_C_Q)
                                                      0.076     0.106 r  core/acc_store/result_sel_q_reg[1]/Q
                         net (fo=1024, routed)        3.002     3.108    core/acc_store/banks[2].parity[0].ram/result_even_data_reg[15][31][1]
    SLICE_X189Y70        LUT5 (Prop_F6LUT_SLICEL_I3_O)
                                                      0.123     3.231 r  core/acc_store/banks[2].parity[0].ram/result_even_data[12][0]_i_1/O
                         net (fo=1, routed)           0.051     3.282    even_i[12][0]
    SLICE_X189Y70        FDRE                                         r  result_even_data_reg[12][0]/D
  -------------------------------------------------------------------    -------------------

                         (clock core_clk rise edge)
                                                      3.300     3.300 r  
                                                      0.000     3.300 r  clk (IN)
                         net (fo=28818, unset)        0.020     3.320    clk
    SLICE_X189Y70        FDRE                                         r  result_even_data_reg[12][0]/C
                         clock pessimism              0.000     3.320    
                         clock uncertainty           -0.035     3.285    
    SLICE_X189Y70        FDRE (Setup_FFF_SLICEL_C_D)
                                                      0.025     3.310    result_even_data_reg[12][0]
  -------------------------------------------------------------------
                         required time                          3.310    
                         arrival time                          -3.282    
  -------------------------------------------------------------------
                         slack                                  0.028    

Slack (MET) :             0.032ns  (required time - arrival time)
  Source:                 core/acc_store/banks[2].parity[0].ram/initialized_q_reg/C
                            (rising edge-triggered cell FDRE clocked by core_clk  {rise@0.000ns fall@1.650ns period=3.300ns})
  Destination:            core/s2_reg[0][6][old_value][31]/R
                            (rising edge-triggered cell FDRE clocked by core_clk  {rise@0.000ns fall@1.650ns period=3.300ns})
  Path Group:             core_clk
  Path Type:              Setup (Max at Slow Process Corner)
  Requirement:            3.300ns  (core_clk rise@3.300ns - core_clk rise@0.000ns)
  Data Path Delay:        3.150ns  (logic 0.266ns (8.444%)  route 2.884ns (91.556%))
  Logic Levels:           2  (LUT2=1 LUT5=1)
  Clock Path Skew:        -0.008ns (DCD - SCD + CPR)
    Destination Clock Delay (DCD):    0.021ns = ( 3.321 - 3.300 ) 
    Source Clock Delay      (SCD):    0.029ns
    Clock Pessimism Removal (CPR):    0.000ns
  Clock Uncertainty:      0.035ns  ((TSJ^2 + TIJ^2)^1/2 + DJ) / 2 + PE
    Total System Jitter     (TSJ):    0.071ns
    Total Input Jitter      (TIJ):    0.000ns
    Discrete Jitter          (DJ):    0.000ns
    Phase Error              (PE):    0.000ns

    Location             Delay type                Incr(ns)  Path(ns)    Netlist Resource(s)
  -------------------------------------------------------------------    -------------------
                         (clock core_clk rise edge)
                                                      0.000     0.000 r  
                                                      0.000     0.000 r  clk (IN)
                         net (fo=28818, unset)        0.029     0.029    core/acc_store/banks[2].parity[0].ram/clk
    SLICE_X158Y78        FDRE                                         r  core/acc_store/banks[2].parity[0].ram/initialized_q_reg/C
  -------------------------------------------------------------------    -------------------
    SLICE_X158Y78        FDRE (Prop_HFF2_SLICEL_C_Q)
                                                      0.080     0.109 f  core/acc_store/banks[2].parity[0].ram/initialized_q_reg/Q
                         net (fo=514, routed)         1.259     1.368    core/acc_store/banks[2].parity[0].ram/bank_word_valid[2][0]_41
    SLICE_X185Y65        LUT5 (Prop_F6LUT_SLICEL_I0_O)
                                                      0.097     1.465 f  core/acc_store/banks[2].parity[0].ram/s2[0][0][old_value][31]_i_3/O
                         net (fo=161, routed)         0.378     1.842    core/acc_store/banks[2].parity[0].ram/word_valid[0]
    SLICE_X183Y75        LUT2 (Prop_F6LUT_SLICEL_I1_O)
                                                      0.089     1.931 r  core/acc_store/banks[2].parity[0].ram/s2[0][0][old_value][31]_i_1/O
                         net (fo=352, routed)         1.248     3.179    core/acc_store_n_65
    SLICE_X197Y48        FDRE                                         r  core/s2_reg[0][6][old_value][31]/R
  -------------------------------------------------------------------    -------------------

                         (clock core_clk rise edge)
                                                      3.300     3.300 r  
                                                      0.000     3.300 r  clk (IN)
                         net (fo=28818, unset)        0.021     3.321    core/clk
    SLICE_X197Y48        FDRE                                         r  core/s2_reg[0][6][old_value][31]/C
                         clock pessimism              0.000     3.321    
                         clock uncertainty           -0.035     3.286    
    SLICE_X197Y48        FDRE (Setup_HFF_SLICEM_C_R)
                                                     -0.074     3.212    core/s2_reg[0][6][old_value][31]
  -------------------------------------------------------------------
                         required time                          3.212    
                         arrival time                          -3.179    
  -------------------------------------------------------------------
                         slack                                  0.032    

Slack (MET) :             0.033ns  (required time - arrival time)
  Source:                 core/context_q_reg[9][valid]/C
                            (rising edge-triggered cell FDRE clocked by core_clk  {rise@0.000ns fall@1.650ns period=3.300ns})
  Destination:            core/acc_store/banks[1].parity[0].ram/mem_reg_0_31_196_209/RAMA/WE
                            (rising edge-triggered cell RAMD32 clocked by core_clk  {rise@0.000ns fall@1.650ns period=3.300ns})
  Path Group:             core_clk
  Path Type:              Setup (Max at Slow Process Corner)
  Requirement:            3.300ns  (core_clk rise@3.300ns - core_clk rise@0.000ns)
  Data Path Delay:        3.065ns  (logic 0.479ns (15.629%)  route 2.586ns (84.371%))
  Logic Levels:           4  (LUT3=2 LUT6=2)
  Clock Path Skew:        0.013ns (DCD - SCD + CPR)
    Destination Clock Delay (DCD):    0.043ns = ( 3.343 - 3.300 ) 
    Source Clock Delay      (SCD):    0.030ns
    Clock Pessimism Removal (CPR):    0.000ns
  Clock Uncertainty:      0.035ns  ((TSJ^2 + TIJ^2)^1/2 + DJ) / 2 + PE
    Total System Jitter     (TSJ):    0.071ns
    Total Input Jitter      (TIJ):    0.000ns
    Discrete Jitter          (DJ):    0.000ns
    Phase Error              (PE):    0.000ns

    Location             Delay type                Incr(ns)  Path(ns)    Netlist Resource(s)
  -------------------------------------------------------------------    -------------------
                         (clock core_clk rise edge)
                                                      0.000     0.000 r  
                                                      0.000     0.000 r  clk (IN)
                         net (fo=28818, unset)        0.030     0.030    core/clk
    SLICE_X152Y81        FDRE                                         r  core/context_q_reg[9][valid]/C
  -------------------------------------------------------------------    -------------------
    SLICE_X152Y81        FDRE (Prop_DFF2_SLICEM_C_Q)
                                                      0.080     0.110 r  core/context_q_reg[9][valid]/Q
                         net (fo=16, routed)          0.476     0.586    core/acc_store/banks[1].parity[1].ram/context_q_reg[9][valid]
    SLICE_X156Y76        LUT3 (Prop_D6LUT_SLICEM_I0_O)
                                                      0.099     0.685 r  core/acc_store/banks[1].parity[1].ram/mem_reg_0_31_0_13_i_26/O
                         net (fo=1052, routed)        0.500     1.186    core/acc_store/banks[1].parity[0].ram/banks[1].mw
    SLICE_X162Y64        LUT3 (Prop_G5LUT_SLICEM_I2_O)
                                                      0.163     1.349 f  core/acc_store/banks[1].parity[0].ram/valid_q[25]_i_7__0/O
                         net (fo=1, routed)           0.278     1.627    core/acc_store/banks[1].parity[0].ram/banks[1].wa[8]
    SLICE_X160Y66        LUT6 (Prop_B6LUT_SLICEL_I3_O)
                                                      0.036     1.663 f  core/acc_store/banks[1].parity[0].ram/valid_q[25]_i_3__0/O
                         net (fo=4, routed)           0.513     2.176    core/acc_store/banks[1].parity[0].ram/valid_q[25]_i_3__0_n_0
    SLICE_X179Y64        LUT6 (Prop_H6LUT_SLICEM_I3_O)
                                                      0.101     2.277 r  core/acc_store/banks[1].parity[0].ram/mem_reg_0_31_0_13_i_1__1/O
                         net (fo=592, routed)         0.818     3.095    core/acc_store/banks[1].parity[0].ram/mem_reg_0_31_196_209/WE
    SLICE_X194Y42        RAMD32                                       r  core/acc_store/banks[1].parity[0].ram/mem_reg_0_31_196_209/RAMA/WE
  -------------------------------------------------------------------    -------------------

                         (clock core_clk rise edge)
                                                      3.300     3.300 r  
                                                      0.000     3.300 r  clk (IN)
                         net (fo=28818, unset)        0.043     3.343    core/acc_store/banks[1].parity[0].ram/mem_reg_0_31_196_209/WCLK
    SLICE_X194Y42        RAMD32                                       r  core/acc_store/banks[1].parity[0].ram/mem_reg_0_31_196_209/RAMA/CLK
                         clock pessimism              0.000     3.343    
                         clock uncertainty           -0.035     3.308    
    SLICE_X194Y42        RAMD32 (Setup_A5LUT_SLICEM_CLK_WE)
                                                     -0.180     3.128    core/acc_store/banks[1].parity[0].ram/mem_reg_0_31_196_209/RAMA
  -------------------------------------------------------------------
                         required time                          3.128    
                         arrival time                          -3.095    
  -------------------------------------------------------------------
                         slack                                  0.033    

Slack (MET) :             0.033ns  (required time - arrival time)
  Source:                 core/context_q_reg[9][valid]/C
                            (rising edge-triggered cell FDRE clocked by core_clk  {rise@0.000ns fall@1.650ns period=3.300ns})
  Destination:            core/acc_store/banks[1].parity[0].ram/mem_reg_0_31_196_209/RAMA_D1/WE
                            (rising edge-triggered cell RAMD32 clocked by core_clk  {rise@0.000ns fall@1.650ns period=3.300ns})
  Path Group:             core_clk
  Path Type:              Setup (Max at Slow Process Corner)
  Requirement:            3.300ns  (core_clk rise@3.300ns - core_clk rise@0.000ns)
  Data Path Delay:        3.065ns  (logic 0.479ns (15.629%)  route 2.586ns (84.371%))
  Logic Levels:           4  (LUT3=2 LUT6=2)
  Clock Path Skew:        0.013ns (DCD - SCD + CPR)
    Destination Clock Delay (DCD):    0.043ns = ( 3.343 - 3.300 ) 
    Source Clock Delay      (SCD):    0.030ns
    Clock Pessimism Removal (CPR):    0.000ns
  Clock Uncertainty:      0.035ns  ((TSJ^2 + TIJ^2)^1/2 + DJ) / 2 + PE
    Total System Jitter     (TSJ):    0.071ns
    Total Input Jitter      (TIJ):    0.000ns
    Discrete Jitter          (DJ):    0.000ns
    Phase Error              (PE):    0.000ns

    Location             Delay type                Incr(ns)  Path(ns)    Netlist Resource(s)
  -------------------------------------------------------------------    -------------------
                         (clock core_clk rise edge)
                                                      0.000     0.000 r  
                                                      0.000     0.000 r  clk (IN)
                         net (fo=28818, unset)        0.030     0.030    core/clk
    SLICE_X152Y81        FDRE                                         r  core/context_q_reg[9][valid]/C
  -------------------------------------------------------------------    -------------------
    SLICE_X152Y81        FDRE (Prop_DFF2_SLICEM_C_Q)
                                                      0.080     0.110 r  core/context_q_reg[9][valid]/Q
                         net (fo=16, routed)          0.476     0.586    core/acc_store/banks[1].parity[1].ram/context_q_reg[9][valid]
    SLICE_X156Y76        LUT3 (Prop_D6LUT_SLICEM_I0_O)
                                                      0.099     0.685 r  core/acc_store/banks[1].parity[1].ram/mem_reg_0_31_0_13_i_26/O
                         net (fo=1052, routed)        0.500     1.186    core/acc_store/banks[1].parity[0].ram/banks[1].mw
    SLICE_X162Y64        LUT3 (Prop_G5LUT_SLICEM_I2_O)
                                                      0.163     1.349 f  core/acc_store/banks[1].parity[0].ram/valid_q[25]_i_7__0/O
                         net (fo=1, routed)           0.278     1.627    core/acc_store/banks[1].parity[0].ram/banks[1].wa[8]
    SLICE_X160Y66        LUT6 (Prop_B6LUT_SLICEL_I3_O)
                                                      0.036     1.663 f  core/acc_store/banks[1].parity[0].ram/valid_q[25]_i_3__0/O
                         net (fo=4, routed)           0.513     2.176    core/acc_store/banks[1].parity[0].ram/valid_q[25]_i_3__0_n_0
    SLICE_X179Y64        LUT6 (Prop_H6LUT_SLICEM_I3_O)
                                                      0.101     2.277 r  core/acc_store/banks[1].parity[0].ram/mem_reg_0_31_0_13_i_1__1/O
                         net (fo=592, routed)         0.818     3.095    core/acc_store/banks[1].parity[0].ram/mem_reg_0_31_196_209/WE
    SLICE_X194Y42        RAMD32                                       r  core/acc_store/banks[1].parity[0].ram/mem_reg_0_31_196_209/RAMA_D1/WE
  -------------------------------------------------------------------    -------------------

                         (clock core_clk rise edge)
                                                      3.300     3.300 r  
                                                      0.000     3.300 r  clk (IN)
                         net (fo=28818, unset)        0.043     3.343    core/acc_store/banks[1].parity[0].ram/mem_reg_0_31_196_209/WCLK
    SLICE_X194Y42        RAMD32                                       r  core/acc_store/banks[1].parity[0].ram/mem_reg_0_31_196_209/RAMA_D1/CLK
                         clock pessimism              0.000     3.343    
                         clock uncertainty           -0.035     3.308    
    SLICE_X194Y42        RAMD32 (Setup_A6LUT_SLICEM_CLK_WE)
                                                     -0.180     3.128    core/acc_store/banks[1].parity[0].ram/mem_reg_0_31_196_209/RAMA_D1
  -------------------------------------------------------------------
                         required time                          3.128    
                         arrival time                          -3.095    
  -------------------------------------------------------------------
                         slack                                  0.033    

Slack (MET) :             0.033ns  (required time - arrival time)
  Source:                 core/context_q_reg[9][valid]/C
                            (rising edge-triggered cell FDRE clocked by core_clk  {rise@0.000ns fall@1.650ns period=3.300ns})
  Destination:            core/acc_store/banks[1].parity[0].ram/mem_reg_0_31_196_209/RAMB/WE
                            (rising edge-triggered cell RAMD32 clocked by core_clk  {rise@0.000ns fall@1.650ns period=3.300ns})
  Path Group:             core_clk
  Path Type:              Setup (Max at Slow Process Corner)
  Requirement:            3.300ns  (core_clk rise@3.300ns - core_clk rise@0.000ns)
  Data Path Delay:        3.065ns  (logic 0.479ns (15.629%)  route 2.586ns (84.371%))
  Logic Levels:           4  (LUT3=2 LUT6=2)
  Clock Path Skew:        0.013ns (DCD - SCD + CPR)
    Destination Clock Delay (DCD):    0.043ns = ( 3.343 - 3.300 ) 
    Source Clock Delay      (SCD):    0.030ns
    Clock Pessimism Removal (CPR):    0.000ns
  Clock Uncertainty:      0.035ns  ((TSJ^2 + TIJ^2)^1/2 + DJ) / 2 + PE
    Total System Jitter     (TSJ):    0.071ns
    Total Input Jitter      (TIJ):    0.000ns
    Discrete Jitter          (DJ):    0.000ns
    Phase Error              (PE):    0.000ns

    Location             Delay type                Incr(ns)  Path(ns)    Netlist Resource(s)
  -------------------------------------------------------------------    -------------------
                         (clock core_clk rise edge)
                                                      0.000     0.000 r  
                                                      0.000     0.000 r  clk (IN)
                         net (fo=28818, unset)        0.030     0.030    core/clk
    SLICE_X152Y81        FDRE                                         r  core/context_q_reg[9][valid]/C
  -------------------------------------------------------------------    -------------------
    SLICE_X152Y81        FDRE (Prop_DFF2_SLICEM_C_Q)
                                                      0.080     0.110 r  core/context_q_reg[9][valid]/Q
                         net (fo=16, routed)          0.476     0.586    core/acc_store/banks[1].parity[1].ram/context_q_reg[9][valid]
    SLICE_X156Y76        LUT3 (Prop_D6LUT_SLICEM_I0_O)
                                                      0.099     0.685 r  core/acc_store/banks[1].parity[1].ram/mem_reg_0_31_0_13_i_26/O
                         net (fo=1052, routed)        0.500     1.186    core/acc_store/banks[1].parity[0].ram/banks[1].mw
    SLICE_X162Y64        LUT3 (Prop_G5LUT_SLICEM_I2_O)
                                                      0.163     1.349 f  core/acc_store/banks[1].parity[0].ram/valid_q[25]_i_7__0/O
                         net (fo=1, routed)           0.278     1.627    core/acc_store/banks[1].parity[0].ram/banks[1].wa[8]
    SLICE_X160Y66        LUT6 (Prop_B6LUT_SLICEL_I3_O)
                                                      0.036     1.663 f  core/acc_store/banks[1].parity[0].ram/valid_q[25]_i_3__0/O
                         net (fo=4, routed)           0.513     2.176    core/acc_store/banks[1].parity[0].ram/valid_q[25]_i_3__0_n_0
    SLICE_X179Y64        LUT6 (Prop_H6LUT_SLICEM_I3_O)
                                                      0.101     2.277 r  core/acc_store/banks[1].parity[0].ram/mem_reg_0_31_0_13_i_1__1/O
                         net (fo=592, routed)         0.818     3.095    core/acc_store/banks[1].parity[0].ram/mem_reg_0_31_196_209/WE
    SLICE_X194Y42        RAMD32                                       r  core/acc_store/banks[1].parity[0].ram/mem_reg_0_31_196_209/RAMB/WE
  -------------------------------------------------------------------    -------------------

                         (clock core_clk rise edge)
                                                      3.300     3.300 r  
                                                      0.000     3.300 r  clk (IN)
                         net (fo=28818, unset)        0.043     3.343    core/acc_store/banks[1].parity[0].ram/mem_reg_0_31_196_209/WCLK
    SLICE_X194Y42        RAMD32                                       r  core/acc_store/banks[1].parity[0].ram/mem_reg_0_31_196_209/RAMB/CLK
                         clock pessimism              0.000     3.343    
                         clock uncertainty           -0.035     3.308    
    SLICE_X194Y42        RAMD32 (Setup_B5LUT_SLICEM_CLK_WE)
                                                     -0.180     3.128    core/acc_store/banks[1].parity[0].ram/mem_reg_0_31_196_209/RAMB
  -------------------------------------------------------------------
                         required time                          3.128    
                         arrival time                          -3.095    
  -------------------------------------------------------------------
                         slack                                  0.033    

Slack (MET) :             0.033ns  (required time - arrival time)
  Source:                 core/context_q_reg[9][valid]/C
                            (rising edge-triggered cell FDRE clocked by core_clk  {rise@0.000ns fall@1.650ns period=3.300ns})
  Destination:            core/acc_store/banks[1].parity[0].ram/mem_reg_0_31_196_209/RAMB_D1/WE
                            (rising edge-triggered cell RAMD32 clocked by core_clk  {rise@0.000ns fall@1.650ns period=3.300ns})
  Path Group:             core_clk
  Path Type:              Setup (Max at Slow Process Corner)
  Requirement:            3.300ns  (core_clk rise@3.300ns - core_clk rise@0.000ns)
  Data Path Delay:        3.065ns  (logic 0.479ns (15.629%)  route 2.586ns (84.371%))
  Logic Levels:           4  (LUT3=2 LUT6=2)
  Clock Path Skew:        0.013ns (DCD - SCD + CPR)
    Destination Clock Delay (DCD):    0.043ns = ( 3.343 - 3.300 ) 
    Source Clock Delay      (SCD):    0.030ns
    Clock Pessimism Removal (CPR):    0.000ns
  Clock Uncertainty:      0.035ns  ((TSJ^2 + TIJ^2)^1/2 + DJ) / 2 + PE
    Total System Jitter     (TSJ):    0.071ns
    Total Input Jitter      (TIJ):    0.000ns
    Discrete Jitter          (DJ):    0.000ns
    Phase Error              (PE):    0.000ns

    Location             Delay type                Incr(ns)  Path(ns)    Netlist Resource(s)
  -------------------------------------------------------------------    -------------------
                         (clock core_clk rise edge)
                                                      0.000     0.000 r  
                                                      0.000     0.000 r  clk (IN)
                         net (fo=28818, unset)        0.030     0.030    core/clk
    SLICE_X152Y81        FDRE                                         r  core/context_q_reg[9][valid]/C
  -------------------------------------------------------------------    -------------------
    SLICE_X152Y81        FDRE (Prop_DFF2_SLICEM_C_Q)
                                                      0.080     0.110 r  core/context_q_reg[9][valid]/Q
                         net (fo=16, routed)          0.476     0.586    core/acc_store/banks[1].parity[1].ram/context_q_reg[9][valid]
    SLICE_X156Y76        LUT3 (Prop_D6LUT_SLICEM_I0_O)
                                                      0.099     0.685 r  core/acc_store/banks[1].parity[1].ram/mem_reg_0_31_0_13_i_26/O
                         net (fo=1052, routed)        0.500     1.186    core/acc_store/banks[1].parity[0].ram/banks[1].mw
    SLICE_X162Y64        LUT3 (Prop_G5LUT_SLICEM_I2_O)
                                                      0.163     1.349 f  core/acc_store/banks[1].parity[0].ram/valid_q[25]_i_7__0/O
                         net (fo=1, routed)           0.278     1.627    core/acc_store/banks[1].parity[0].ram/banks[1].wa[8]
    SLICE_X160Y66        LUT6 (Prop_B6LUT_SLICEL_I3_O)
                                                      0.036     1.663 f  core/acc_store/banks[1].parity[0].ram/valid_q[25]_i_3__0/O
                         net (fo=4, routed)           0.513     2.176    core/acc_store/banks[1].parity[0].ram/valid_q[25]_i_3__0_n_0
    SLICE_X179Y64        LUT6 (Prop_H6LUT_SLICEM_I3_O)
                                                      0.101     2.277 r  core/acc_store/banks[1].parity[0].ram/mem_reg_0_31_0_13_i_1__1/O
                         net (fo=592, routed)         0.818     3.095    core/acc_store/banks[1].parity[0].ram/mem_reg_0_31_196_209/WE
    SLICE_X194Y42        RAMD32                                       r  core/acc_store/banks[1].parity[0].ram/mem_reg_0_31_196_209/RAMB_D1/WE
  -------------------------------------------------------------------    -------------------

                         (clock core_clk rise edge)
                                                      3.300     3.300 r  
                                                      0.000     3.300 r  clk (IN)
                         net (fo=28818, unset)        0.043     3.343    core/acc_store/banks[1].parity[0].ram/mem_reg_0_31_196_209/WCLK
    SLICE_X194Y42        RAMD32                                       r  core/acc_store/banks[1].parity[0].ram/mem_reg_0_31_196_209/RAMB_D1/CLK
                         clock pessimism              0.000     3.343    
                         clock uncertainty           -0.035     3.308    
    SLICE_X194Y42        RAMD32 (Setup_B6LUT_SLICEM_CLK_WE)
                                                     -0.180     3.128    core/acc_store/banks[1].parity[0].ram/mem_reg_0_31_196_209/RAMB_D1
  -------------------------------------------------------------------
                         required time                          3.128    
                         arrival time                          -3.095    
  -------------------------------------------------------------------
                         slack                                  0.033    

Slack (MET) :             0.033ns  (required time - arrival time)
  Source:                 core/context_q_reg[9][valid]/C
                            (rising edge-triggered cell FDRE clocked by core_clk  {rise@0.000ns fall@1.650ns period=3.300ns})
  Destination:            core/acc_store/banks[1].parity[0].ram/mem_reg_0_31_196_209/RAMC/WE
                            (rising edge-triggered cell RAMD32 clocked by core_clk  {rise@0.000ns fall@1.650ns period=3.300ns})
  Path Group:             core_clk
  Path Type:              Setup (Max at Slow Process Corner)
  Requirement:            3.300ns  (core_clk rise@3.300ns - core_clk rise@0.000ns)
  Data Path Delay:        3.065ns  (logic 0.479ns (15.629%)  route 2.586ns (84.371%))
  Logic Levels:           4  (LUT3=2 LUT6=2)
  Clock Path Skew:        0.013ns (DCD - SCD + CPR)
    Destination Clock Delay (DCD):    0.043ns = ( 3.343 - 3.300 ) 
    Source Clock Delay      (SCD):    0.030ns
    Clock Pessimism Removal (CPR):    0.000ns
  Clock Uncertainty:      0.035ns  ((TSJ^2 + TIJ^2)^1/2 + DJ) / 2 + PE
    Total System Jitter     (TSJ):    0.071ns
    Total Input Jitter      (TIJ):    0.000ns
    Discrete Jitter          (DJ):    0.000ns
    Phase Error              (PE):    0.000ns

    Location             Delay type                Incr(ns)  Path(ns)    Netlist Resource(s)
  -------------------------------------------------------------------    -------------------
                         (clock core_clk rise edge)
                                                      0.000     0.000 r  
                                                      0.000     0.000 r  clk (IN)
                         net (fo=28818, unset)        0.030     0.030    core/clk
    SLICE_X152Y81        FDRE                                         r  core/context_q_reg[9][valid]/C
  -------------------------------------------------------------------    -------------------
    SLICE_X152Y81        FDRE (Prop_DFF2_SLICEM_C_Q)
                                                      0.080     0.110 r  core/context_q_reg[9][valid]/Q
                         net (fo=16, routed)          0.476     0.586    core/acc_store/banks[1].parity[1].ram/context_q_reg[9][valid]
    SLICE_X156Y76        LUT3 (Prop_D6LUT_SLICEM_I0_O)
                                                      0.099     0.685 r  core/acc_store/banks[1].parity[1].ram/mem_reg_0_31_0_13_i_26/O
                         net (fo=1052, routed)        0.500     1.186    core/acc_store/banks[1].parity[0].ram/banks[1].mw
    SLICE_X162Y64        LUT3 (Prop_G5LUT_SLICEM_I2_O)
                                                      0.163     1.349 f  core/acc_store/banks[1].parity[0].ram/valid_q[25]_i_7__0/O
                         net (fo=1, routed)           0.278     1.627    core/acc_store/banks[1].parity[0].ram/banks[1].wa[8]
    SLICE_X160Y66        LUT6 (Prop_B6LUT_SLICEL_I3_O)
                                                      0.036     1.663 f  core/acc_store/banks[1].parity[0].ram/valid_q[25]_i_3__0/O
                         net (fo=4, routed)           0.513     2.176    core/acc_store/banks[1].parity[0].ram/valid_q[25]_i_3__0_n_0
    SLICE_X179Y64        LUT6 (Prop_H6LUT_SLICEM_I3_O)
                                                      0.101     2.277 r  core/acc_store/banks[1].parity[0].ram/mem_reg_0_31_0_13_i_1__1/O
                         net (fo=592, routed)         0.818     3.095    core/acc_store/banks[1].parity[0].ram/mem_reg_0_31_196_209/WE
    SLICE_X194Y42        RAMD32                                       r  core/acc_store/banks[1].parity[0].ram/mem_reg_0_31_196_209/RAMC/WE
  -------------------------------------------------------------------    -------------------

                         (clock core_clk rise edge)
                                                      3.300     3.300 r  
                                                      0.000     3.300 r  clk (IN)
                         net (fo=28818, unset)        0.043     3.343    core/acc_store/banks[1].parity[0].ram/mem_reg_0_31_196_209/WCLK
    SLICE_X194Y42        RAMD32                                       r  core/acc_store/banks[1].parity[0].ram/mem_reg_0_31_196_209/RAMC/CLK
                         clock pessimism              0.000     3.343    
                         clock uncertainty           -0.035     3.308    
    SLICE_X194Y42        RAMD32 (Setup_C5LUT_SLICEM_CLK_WE)
                                                     -0.180     3.128    core/acc_store/banks[1].parity[0].ram/mem_reg_0_31_196_209/RAMC
  -------------------------------------------------------------------
                         required time                          3.128    
                         arrival time                          -3.095    
  -------------------------------------------------------------------
                         slack                                  0.033    

Slack (MET) :             0.033ns  (required time - arrival time)
  Source:                 core/context_q_reg[9][valid]/C
                            (rising edge-triggered cell FDRE clocked by core_clk  {rise@0.000ns fall@1.650ns period=3.300ns})
  Destination:            core/acc_store/banks[1].parity[0].ram/mem_reg_0_31_196_209/RAMC_D1/WE
                            (rising edge-triggered cell RAMD32 clocked by core_clk  {rise@0.000ns fall@1.650ns period=3.300ns})
  Path Group:             core_clk
  Path Type:              Setup (Max at Slow Process Corner)
  Requirement:            3.300ns  (core_clk rise@3.300ns - core_clk rise@0.000ns)
  Data Path Delay:        3.065ns  (logic 0.479ns (15.629%)  route 2.586ns (84.371%))
  Logic Levels:           4  (LUT3=2 LUT6=2)
  Clock Path Skew:        0.013ns (DCD - SCD + CPR)
    Destination Clock Delay (DCD):    0.043ns = ( 3.343 - 3.300 ) 
    Source Clock Delay      (SCD):    0.030ns
    Clock Pessimism Removal (CPR):    0.000ns
  Clock Uncertainty:      0.035ns  ((TSJ^2 + TIJ^2)^1/2 + DJ) / 2 + PE
    Total System Jitter     (TSJ):    0.071ns
    Total Input Jitter      (TIJ):    0.000ns
    Discrete Jitter          (DJ):    0.000ns
    Phase Error              (PE):    0.000ns

    Location             Delay type                Incr(ns)  Path(ns)    Netlist Resource(s)
  -------------------------------------------------------------------    -------------------
                         (clock core_clk rise edge)
                                                      0.000     0.000 r  
                                                      0.000     0.000 r  clk (IN)
                         net (fo=28818, unset)        0.030     0.030    core/clk
    SLICE_X152Y81        FDRE                                         r  core/context_q_reg[9][valid]/C
  -------------------------------------------------------------------    -------------------
    SLICE_X152Y81        FDRE (Prop_DFF2_SLICEM_C_Q)
                                                      0.080     0.110 r  core/context_q_reg[9][valid]/Q
                         net (fo=16, routed)          0.476     0.586    core/acc_store/banks[1].parity[1].ram/context_q_reg[9][valid]
    SLICE_X156Y76        LUT3 (Prop_D6LUT_SLICEM_I0_O)
                                                      0.099     0.685 r  core/acc_store/banks[1].parity[1].ram/mem_reg_0_31_0_13_i_26/O
                         net (fo=1052, routed)        0.500     1.186    core/acc_store/banks[1].parity[0].ram/banks[1].mw
    SLICE_X162Y64        LUT3 (Prop_G5LUT_SLICEM_I2_O)
                                                      0.163     1.349 f  core/acc_store/banks[1].parity[0].ram/valid_q[25]_i_7__0/O
                         net (fo=1, routed)           0.278     1.627    core/acc_store/banks[1].parity[0].ram/banks[1].wa[8]
    SLICE_X160Y66        LUT6 (Prop_B6LUT_SLICEL_I3_O)
                                                      0.036     1.663 f  core/acc_store/banks[1].parity[0].ram/valid_q[25]_i_3__0/O
                         net (fo=4, routed)           0.513     2.176    core/acc_store/banks[1].parity[0].ram/valid_q[25]_i_3__0_n_0
    SLICE_X179Y64        LUT6 (Prop_H6LUT_SLICEM_I3_O)
                                                      0.101     2.277 r  core/acc_store/banks[1].parity[0].ram/mem_reg_0_31_0_13_i_1__1/O
                         net (fo=592, routed)         0.818     3.095    core/acc_store/banks[1].parity[0].ram/mem_reg_0_31_196_209/WE
    SLICE_X194Y42        RAMD32                                       r  core/acc_store/banks[1].parity[0].ram/mem_reg_0_31_196_209/RAMC_D1/WE
  -------------------------------------------------------------------    -------------------

                         (clock core_clk rise edge)
                                                      3.300     3.300 r  
                                                      0.000     3.300 r  clk (IN)
                         net (fo=28818, unset)        0.043     3.343    core/acc_store/banks[1].parity[0].ram/mem_reg_0_31_196_209/WCLK
    SLICE_X194Y42        RAMD32                                       r  core/acc_store/banks[1].parity[0].ram/mem_reg_0_31_196_209/RAMC_D1/CLK
                         clock pessimism              0.000     3.343    
                         clock uncertainty           -0.035     3.308    
    SLICE_X194Y42        RAMD32 (Setup_C6LUT_SLICEM_CLK_WE)
                                                     -0.180     3.128    core/acc_store/banks[1].parity[0].ram/mem_reg_0_31_196_209/RAMC_D1
  -------------------------------------------------------------------
                         required time                          3.128    
                         arrival time                          -3.095    
  -------------------------------------------------------------------
                         slack                                  0.033    

Slack (MET) :             0.033ns  (required time - arrival time)
  Source:                 core/context_q_reg[9][valid]/C
                            (rising edge-triggered cell FDRE clocked by core_clk  {rise@0.000ns fall@1.650ns period=3.300ns})
  Destination:            core/acc_store/banks[1].parity[0].ram/mem_reg_0_31_196_209/RAMD/WE
                            (rising edge-triggered cell RAMD32 clocked by core_clk  {rise@0.000ns fall@1.650ns period=3.300ns})
  Path Group:             core_clk
  Path Type:              Setup (Max at Slow Process Corner)
  Requirement:            3.300ns  (core_clk rise@3.300ns - core_clk rise@0.000ns)
  Data Path Delay:        3.065ns  (logic 0.479ns (15.629%)  route 2.586ns (84.371%))
  Logic Levels:           4  (LUT3=2 LUT6=2)
  Clock Path Skew:        0.013ns (DCD - SCD + CPR)
    Destination Clock Delay (DCD):    0.043ns = ( 3.343 - 3.300 ) 
    Source Clock Delay      (SCD):    0.030ns
    Clock Pessimism Removal (CPR):    0.000ns
  Clock Uncertainty:      0.035ns  ((TSJ^2 + TIJ^2)^1/2 + DJ) / 2 + PE
    Total System Jitter     (TSJ):    0.071ns
    Total Input Jitter      (TIJ):    0.000ns
    Discrete Jitter          (DJ):    0.000ns
    Phase Error              (PE):    0.000ns

    Location             Delay type                Incr(ns)  Path(ns)    Netlist Resource(s)
  -------------------------------------------------------------------    -------------------
                         (clock core_clk rise edge)
                                                      0.000     0.000 r  
                                                      0.000     0.000 r  clk (IN)
                         net (fo=28818, unset)        0.030     0.030    core/clk
    SLICE_X152Y81        FDRE                                         r  core/context_q_reg[9][valid]/C
  -------------------------------------------------------------------    -------------------
    SLICE_X152Y81        FDRE (Prop_DFF2_SLICEM_C_Q)
                                                      0.080     0.110 r  core/context_q_reg[9][valid]/Q
                         net (fo=16, routed)          0.476     0.586    core/acc_store/banks[1].parity[1].ram/context_q_reg[9][valid]
    SLICE_X156Y76        LUT3 (Prop_D6LUT_SLICEM_I0_O)
                                                      0.099     0.685 r  core/acc_store/banks[1].parity[1].ram/mem_reg_0_31_0_13_i_26/O
                         net (fo=1052, routed)        0.500     1.186    core/acc_store/banks[1].parity[0].ram/banks[1].mw
    SLICE_X162Y64        LUT3 (Prop_G5LUT_SLICEM_I2_O)
                                                      0.163     1.349 f  core/acc_store/banks[1].parity[0].ram/valid_q[25]_i_7__0/O
                         net (fo=1, routed)           0.278     1.627    core/acc_store/banks[1].parity[0].ram/banks[1].wa[8]
    SLICE_X160Y66        LUT6 (Prop_B6LUT_SLICEL_I3_O)
                                                      0.036     1.663 f  core/acc_store/banks[1].parity[0].ram/valid_q[25]_i_3__0/O
                         net (fo=4, routed)           0.513     2.176    core/acc_store/banks[1].parity[0].ram/valid_q[25]_i_3__0_n_0
    SLICE_X179Y64        LUT6 (Prop_H6LUT_SLICEM_I3_O)
                                                      0.101     2.277 r  core/acc_store/banks[1].parity[0].ram/mem_reg_0_31_0_13_i_1__1/O
                         net (fo=592, routed)         0.818     3.095    core/acc_store/banks[1].parity[0].ram/mem_reg_0_31_196_209/WE
    SLICE_X194Y42        RAMD32                                       r  core/acc_store/banks[1].parity[0].ram/mem_reg_0_31_196_209/RAMD/WE
  -------------------------------------------------------------------    -------------------

                         (clock core_clk rise edge)
                                                      3.300     3.300 r  
                                                      0.000     3.300 r  clk (IN)
                         net (fo=28818, unset)        0.043     3.343    core/acc_store/banks[1].parity[0].ram/mem_reg_0_31_196_209/WCLK
    SLICE_X194Y42        RAMD32                                       r  core/acc_store/banks[1].parity[0].ram/mem_reg_0_31_196_209/RAMD/CLK
                         clock pessimism              0.000     3.343    
                         clock uncertainty           -0.035     3.308    
    SLICE_X194Y42        RAMD32 (Setup_D5LUT_SLICEM_CLK_WE)
                                                     -0.180     3.128    core/acc_store/banks[1].parity[0].ram/mem_reg_0_31_196_209/RAMD
  -------------------------------------------------------------------
                         required time                          3.128    
                         arrival time                          -3.095    
  -------------------------------------------------------------------
                         slack                                  0.033    

Slack (MET) :             0.033ns  (required time - arrival time)
  Source:                 core/context_q_reg[9][valid]/C
                            (rising edge-triggered cell FDRE clocked by core_clk  {rise@0.000ns fall@1.650ns period=3.300ns})
  Destination:            core/acc_store/banks[1].parity[0].ram/mem_reg_0_31_196_209/RAMD_D1/WE
                            (rising edge-triggered cell RAMD32 clocked by core_clk  {rise@0.000ns fall@1.650ns period=3.300ns})
  Path Group:             core_clk
  Path Type:              Setup (Max at Slow Process Corner)
  Requirement:            3.300ns  (core_clk rise@3.300ns - core_clk rise@0.000ns)
  Data Path Delay:        3.065ns  (logic 0.479ns (15.629%)  route 2.586ns (84.371%))
  Logic Levels:           4  (LUT3=2 LUT6=2)
  Clock Path Skew:        0.013ns (DCD - SCD + CPR)
    Destination Clock Delay (DCD):    0.043ns = ( 3.343 - 3.300 ) 
    Source Clock Delay      (SCD):    0.030ns
    Clock Pessimism Removal (CPR):    0.000ns
  Clock Uncertainty:      0.035ns  ((TSJ^2 + TIJ^2)^1/2 + DJ) / 2 + PE
    Total System Jitter     (TSJ):    0.071ns
    Total Input Jitter      (TIJ):    0.000ns
    Discrete Jitter          (DJ):    0.000ns
    Phase Error              (PE):    0.000ns

    Location             Delay type                Incr(ns)  Path(ns)    Netlist Resource(s)
  -------------------------------------------------------------------    -------------------
                         (clock core_clk rise edge)
                                                      0.000     0.000 r  
                                                      0.000     0.000 r  clk (IN)
                         net (fo=28818, unset)        0.030     0.030    core/clk
    SLICE_X152Y81        FDRE                                         r  core/context_q_reg[9][valid]/C
  -------------------------------------------------------------------    -------------------
    SLICE_X152Y81        FDRE (Prop_DFF2_SLICEM_C_Q)
                                                      0.080     0.110 r  core/context_q_reg[9][valid]/Q
                         net (fo=16, routed)          0.476     0.586    core/acc_store/banks[1].parity[1].ram/context_q_reg[9][valid]
    SLICE_X156Y76        LUT3 (Prop_D6LUT_SLICEM_I0_O)
                                                      0.099     0.685 r  core/acc_store/banks[1].parity[1].ram/mem_reg_0_31_0_13_i_26/O
                         net (fo=1052, routed)        0.500     1.186    core/acc_store/banks[1].parity[0].ram/banks[1].mw
    SLICE_X162Y64        LUT3 (Prop_G5LUT_SLICEM_I2_O)
                                                      0.163     1.349 f  core/acc_store/banks[1].parity[0].ram/valid_q[25]_i_7__0/O
                         net (fo=1, routed)           0.278     1.627    core/acc_store/banks[1].parity[0].ram/banks[1].wa[8]
    SLICE_X160Y66        LUT6 (Prop_B6LUT_SLICEL_I3_O)
                                                      0.036     1.663 f  core/acc_store/banks[1].parity[0].ram/valid_q[25]_i_3__0/O
                         net (fo=4, routed)           0.513     2.176    core/acc_store/banks[1].parity[0].ram/valid_q[25]_i_3__0_n_0
    SLICE_X179Y64        LUT6 (Prop_H6LUT_SLICEM_I3_O)
                                                      0.101     2.277 r  core/acc_store/banks[1].parity[0].ram/mem_reg_0_31_0_13_i_1__1/O
                         net (fo=592, routed)         0.818     3.095    core/acc_store/banks[1].parity[0].ram/mem_reg_0_31_196_209/WE
    SLICE_X194Y42        RAMD32                                       r  core/acc_store/banks[1].parity[0].ram/mem_reg_0_31_196_209/RAMD_D1/WE
  -------------------------------------------------------------------    -------------------

                         (clock core_clk rise edge)
                                                      3.300     3.300 r  
                                                      0.000     3.300 r  clk (IN)
                         net (fo=28818, unset)        0.043     3.343    core/acc_store/banks[1].parity[0].ram/mem_reg_0_31_196_209/WCLK
    SLICE_X194Y42        RAMD32                                       r  core/acc_store/banks[1].parity[0].ram/mem_reg_0_31_196_209/RAMD_D1/CLK
                         clock pessimism              0.000     3.343    
                         clock uncertainty           -0.035     3.308    
    SLICE_X194Y42        RAMD32 (Setup_D6LUT_SLICEM_CLK_WE)
                                                     -0.180     3.128    core/acc_store/banks[1].parity[0].ram/mem_reg_0_31_196_209/RAMD_D1
  -------------------------------------------------------------------
                         required time                          3.128    
                         arrival time                          -3.095    
  -------------------------------------------------------------------
                         slack                                  0.033    

Slack (MET) :             0.033ns  (required time - arrival time)
  Source:                 core/context_q_reg[9][valid]/C
                            (rising edge-triggered cell FDRE clocked by core_clk  {rise@0.000ns fall@1.650ns period=3.300ns})
  Destination:            core/acc_store/banks[1].parity[0].ram/mem_reg_0_31_196_209/RAME/WE
                            (rising edge-triggered cell RAMD32 clocked by core_clk  {rise@0.000ns fall@1.650ns period=3.300ns})
  Path Group:             core_clk
  Path Type:              Setup (Max at Slow Process Corner)
  Requirement:            3.300ns  (core_clk rise@3.300ns - core_clk rise@0.000ns)
  Data Path Delay:        3.065ns  (logic 0.479ns (15.629%)  route 2.586ns (84.371%))
  Logic Levels:           4  (LUT3=2 LUT6=2)
  Clock Path Skew:        0.013ns (DCD - SCD + CPR)
    Destination Clock Delay (DCD):    0.043ns = ( 3.343 - 3.300 ) 
    Source Clock Delay      (SCD):    0.030ns
    Clock Pessimism Removal (CPR):    0.000ns
  Clock Uncertainty:      0.035ns  ((TSJ^2 + TIJ^2)^1/2 + DJ) / 2 + PE
    Total System Jitter     (TSJ):    0.071ns
    Total Input Jitter      (TIJ):    0.000ns
    Discrete Jitter          (DJ):    0.000ns
    Phase Error              (PE):    0.000ns

    Location             Delay type                Incr(ns)  Path(ns)    Netlist Resource(s)
  -------------------------------------------------------------------    -------------------
                         (clock core_clk rise edge)
                                                      0.000     0.000 r  
                                                      0.000     0.000 r  clk (IN)
                         net (fo=28818, unset)        0.030     0.030    core/clk
    SLICE_X152Y81        FDRE                                         r  core/context_q_reg[9][valid]/C
  -------------------------------------------------------------------    -------------------
    SLICE_X152Y81        FDRE (Prop_DFF2_SLICEM_C_Q)
                                                      0.080     0.110 r  core/context_q_reg[9][valid]/Q
                         net (fo=16, routed)          0.476     0.586    core/acc_store/banks[1].parity[1].ram/context_q_reg[9][valid]
    SLICE_X156Y76        LUT3 (Prop_D6LUT_SLICEM_I0_O)
                                                      0.099     0.685 r  core/acc_store/banks[1].parity[1].ram/mem_reg_0_31_0_13_i_26/O
                         net (fo=1052, routed)        0.500     1.186    core/acc_store/banks[1].parity[0].ram/banks[1].mw
    SLICE_X162Y64        LUT3 (Prop_G5LUT_SLICEM_I2_O)
                                                      0.163     1.349 f  core/acc_store/banks[1].parity[0].ram/valid_q[25]_i_7__0/O
                         net (fo=1, routed)           0.278     1.627    core/acc_store/banks[1].parity[0].ram/banks[1].wa[8]
    SLICE_X160Y66        LUT6 (Prop_B6LUT_SLICEL_I3_O)
                                                      0.036     1.663 f  core/acc_store/banks[1].parity[0].ram/valid_q[25]_i_3__0/O
                         net (fo=4, routed)           0.513     2.176    core/acc_store/banks[1].parity[0].ram/valid_q[25]_i_3__0_n_0
    SLICE_X179Y64        LUT6 (Prop_H6LUT_SLICEM_I3_O)
                                                      0.101     2.277 r  core/acc_store/banks[1].parity[0].ram/mem_reg_0_31_0_13_i_1__1/O
                         net (fo=592, routed)         0.818     3.095    core/acc_store/banks[1].parity[0].ram/mem_reg_0_31_196_209/WE
    SLICE_X194Y42        RAMD32                                       r  core/acc_store/banks[1].parity[0].ram/mem_reg_0_31_196_209/RAME/WE
  -------------------------------------------------------------------    -------------------

                         (clock core_clk rise edge)
                                                      3.300     3.300 r  
                                                      0.000     3.300 r  clk (IN)
                         net (fo=28818, unset)        0.043     3.343    core/acc_store/banks[1].parity[0].ram/mem_reg_0_31_196_209/WCLK
    SLICE_X194Y42        RAMD32                                       r  core/acc_store/banks[1].parity[0].ram/mem_reg_0_31_196_209/RAME/CLK
                         clock pessimism              0.000     3.343    
                         clock uncertainty           -0.035     3.308    
    SLICE_X194Y42        RAMD32 (Setup_E5LUT_SLICEM_CLK_WE)
                                                     -0.180     3.128    core/acc_store/banks[1].parity[0].ram/mem_reg_0_31_196_209/RAME
  -------------------------------------------------------------------
                         required time                          3.128    
                         arrival time                          -3.095    
  -------------------------------------------------------------------
                         slack                                  0.033    

Slack (MET) :             0.033ns  (required time - arrival time)
  Source:                 core/context_q_reg[9][valid]/C
                            (rising edge-triggered cell FDRE clocked by core_clk  {rise@0.000ns fall@1.650ns period=3.300ns})
  Destination:            core/acc_store/banks[1].parity[0].ram/mem_reg_0_31_196_209/RAME_D1/WE
                            (rising edge-triggered cell RAMD32 clocked by core_clk  {rise@0.000ns fall@1.650ns period=3.300ns})
  Path Group:             core_clk
  Path Type:              Setup (Max at Slow Process Corner)
  Requirement:            3.300ns  (core_clk rise@3.300ns - core_clk rise@0.000ns)
  Data Path Delay:        3.065ns  (logic 0.479ns (15.629%)  route 2.586ns (84.371%))
  Logic Levels:           4  (LUT3=2 LUT6=2)
  Clock Path Skew:        0.013ns (DCD - SCD + CPR)
    Destination Clock Delay (DCD):    0.043ns = ( 3.343 - 3.300 ) 
    Source Clock Delay      (SCD):    0.030ns
    Clock Pessimism Removal (CPR):    0.000ns
  Clock Uncertainty:      0.035ns  ((TSJ^2 + TIJ^2)^1/2 + DJ) / 2 + PE
    Total System Jitter     (TSJ):    0.071ns
    Total Input Jitter      (TIJ):    0.000ns
    Discrete Jitter          (DJ):    0.000ns
    Phase Error              (PE):    0.000ns

    Location             Delay type                Incr(ns)  Path(ns)    Netlist Resource(s)
  -------------------------------------------------------------------    -------------------
                         (clock core_clk rise edge)
                                                      0.000     0.000 r  
                                                      0.000     0.000 r  clk (IN)
                         net (fo=28818, unset)        0.030     0.030    core/clk
    SLICE_X152Y81        FDRE                                         r  core/context_q_reg[9][valid]/C
  -------------------------------------------------------------------    -------------------
    SLICE_X152Y81        FDRE (Prop_DFF2_SLICEM_C_Q)
                                                      0.080     0.110 r  core/context_q_reg[9][valid]/Q
                         net (fo=16, routed)          0.476     0.586    core/acc_store/banks[1].parity[1].ram/context_q_reg[9][valid]
    SLICE_X156Y76        LUT3 (Prop_D6LUT_SLICEM_I0_O)
                                                      0.099     0.685 r  core/acc_store/banks[1].parity[1].ram/mem_reg_0_31_0_13_i_26/O
                         net (fo=1052, routed)        0.500     1.186    core/acc_store/banks[1].parity[0].ram/banks[1].mw
    SLICE_X162Y64        LUT3 (Prop_G5LUT_SLICEM_I2_O)
                                                      0.163     1.349 f  core/acc_store/banks[1].parity[0].ram/valid_q[25]_i_7__0/O
                         net (fo=1, routed)           0.278     1.627    core/acc_store/banks[1].parity[0].ram/banks[1].wa[8]
    SLICE_X160Y66        LUT6 (Prop_B6LUT_SLICEL_I3_O)
                                                      0.036     1.663 f  core/acc_store/banks[1].parity[0].ram/valid_q[25]_i_3__0/O
                         net (fo=4, routed)           0.513     2.176    core/acc_store/banks[1].parity[0].ram/valid_q[25]_i_3__0_n_0
    SLICE_X179Y64        LUT6 (Prop_H6LUT_SLICEM_I3_O)
                                                      0.101     2.277 r  core/acc_store/banks[1].parity[0].ram/mem_reg_0_31_0_13_i_1__1/O
                         net (fo=592, routed)         0.818     3.095    core/acc_store/banks[1].parity[0].ram/mem_reg_0_31_196_209/WE
    SLICE_X194Y42        RAMD32                                       r  core/acc_store/banks[1].parity[0].ram/mem_reg_0_31_196_209/RAME_D1/WE
  -------------------------------------------------------------------    -------------------

                         (clock core_clk rise edge)
                                                      3.300     3.300 r  
                                                      0.000     3.300 r  clk (IN)
                         net (fo=28818, unset)        0.043     3.343    core/acc_store/banks[1].parity[0].ram/mem_reg_0_31_196_209/WCLK
    SLICE_X194Y42        RAMD32                                       r  core/acc_store/banks[1].parity[0].ram/mem_reg_0_31_196_209/RAME_D1/CLK
                         clock pessimism              0.000     3.343    
                         clock uncertainty           -0.035     3.308    
    SLICE_X194Y42        RAMD32 (Setup_E6LUT_SLICEM_CLK_WE)
                                                     -0.180     3.128    core/acc_store/banks[1].parity[0].ram/mem_reg_0_31_196_209/RAME_D1
  -------------------------------------------------------------------
                         required time                          3.128    
                         arrival time                          -3.095    
  -------------------------------------------------------------------
                         slack                                  0.033    

Slack (MET) :             0.033ns  (required time - arrival time)
  Source:                 core/context_q_reg[9][valid]/C
                            (rising edge-triggered cell FDRE clocked by core_clk  {rise@0.000ns fall@1.650ns period=3.300ns})
  Destination:            core/acc_store/banks[1].parity[0].ram/mem_reg_0_31_196_209/RAMF/WE
                            (rising edge-triggered cell RAMD32 clocked by core_clk  {rise@0.000ns fall@1.650ns period=3.300ns})
  Path Group:             core_clk
  Path Type:              Setup (Max at Slow Process Corner)
  Requirement:            3.300ns  (core_clk rise@3.300ns - core_clk rise@0.000ns)
  Data Path Delay:        3.065ns  (logic 0.479ns (15.629%)  route 2.586ns (84.371%))
  Logic Levels:           4  (LUT3=2 LUT6=2)
  Clock Path Skew:        0.013ns (DCD - SCD + CPR)
    Destination Clock Delay (DCD):    0.043ns = ( 3.343 - 3.300 ) 
    Source Clock Delay      (SCD):    0.030ns
    Clock Pessimism Removal (CPR):    0.000ns
  Clock Uncertainty:      0.035ns  ((TSJ^2 + TIJ^2)^1/2 + DJ) / 2 + PE
    Total System Jitter     (TSJ):    0.071ns
    Total Input Jitter      (TIJ):    0.000ns
    Discrete Jitter          (DJ):    0.000ns
    Phase Error              (PE):    0.000ns

    Location             Delay type                Incr(ns)  Path(ns)    Netlist Resource(s)
  -------------------------------------------------------------------    -------------------
                         (clock core_clk rise edge)
                                                      0.000     0.000 r  
                                                      0.000     0.000 r  clk (IN)
                         net (fo=28818, unset)        0.030     0.030    core/clk
    SLICE_X152Y81        FDRE                                         r  core/context_q_reg[9][valid]/C
  -------------------------------------------------------------------    -------------------
    SLICE_X152Y81        FDRE (Prop_DFF2_SLICEM_C_Q)
                                                      0.080     0.110 r  core/context_q_reg[9][valid]/Q
                         net (fo=16, routed)          0.476     0.586    core/acc_store/banks[1].parity[1].ram/context_q_reg[9][valid]
    SLICE_X156Y76        LUT3 (Prop_D6LUT_SLICEM_I0_O)
                                                      0.099     0.685 r  core/acc_store/banks[1].parity[1].ram/mem_reg_0_31_0_13_i_26/O
                         net (fo=1052, routed)        0.500     1.186    core/acc_store/banks[1].parity[0].ram/banks[1].mw
    SLICE_X162Y64        LUT3 (Prop_G5LUT_SLICEM_I2_O)
                                                      0.163     1.349 f  core/acc_store/banks[1].parity[0].ram/valid_q[25]_i_7__0/O
                         net (fo=1, routed)           0.278     1.627    core/acc_store/banks[1].parity[0].ram/banks[1].wa[8]
    SLICE_X160Y66        LUT6 (Prop_B6LUT_SLICEL_I3_O)
                                                      0.036     1.663 f  core/acc_store/banks[1].parity[0].ram/valid_q[25]_i_3__0/O
                         net (fo=4, routed)           0.513     2.176    core/acc_store/banks[1].parity[0].ram/valid_q[25]_i_3__0_n_0
    SLICE_X179Y64        LUT6 (Prop_H6LUT_SLICEM_I3_O)
                                                      0.101     2.277 r  core/acc_store/banks[1].parity[0].ram/mem_reg_0_31_0_13_i_1__1/O
                         net (fo=592, routed)         0.818     3.095    core/acc_store/banks[1].parity[0].ram/mem_reg_0_31_196_209/WE
    SLICE_X194Y42        RAMD32                                       r  core/acc_store/banks[1].parity[0].ram/mem_reg_0_31_196_209/RAMF/WE
  -------------------------------------------------------------------    -------------------

                         (clock core_clk rise edge)
                                                      3.300     3.300 r  
                                                      0.000     3.300 r  clk (IN)
                         net (fo=28818, unset)        0.043     3.343    core/acc_store/banks[1].parity[0].ram/mem_reg_0_31_196_209/WCLK
    SLICE_X194Y42        RAMD32                                       r  core/acc_store/banks[1].parity[0].ram/mem_reg_0_31_196_209/RAMF/CLK
                         clock pessimism              0.000     3.343    
                         clock uncertainty           -0.035     3.308    
    SLICE_X194Y42        RAMD32 (Setup_F5LUT_SLICEM_CLK_WE)
                                                     -0.180     3.128    core/acc_store/banks[1].parity[0].ram/mem_reg_0_31_196_209/RAMF
  -------------------------------------------------------------------
                         required time                          3.128    
                         arrival time                          -3.095    
  -------------------------------------------------------------------
                         slack                                  0.033    





Min Delay Paths
--------------------------------------------------------------------------------------
Slack (MET) :             0.019ns  (arrival time - required time)
  Source:                 core/genblk1[1].lanes[1].lane/order_q_reg[pre][big_x][25]/C
                            (rising edge-triggered cell FDRE clocked by core_clk  {rise@0.000ns fall@1.650ns period=3.300ns})
  Destination:            core/genblk1[1].lanes[1].lane/align_q_reg[pre][big_x][25]/D
                            (rising edge-triggered cell FDRE clocked by core_clk  {rise@0.000ns fall@1.650ns period=3.300ns})
  Path Group:             core_clk
  Path Type:              Hold (Min at Fast Process Corner)
  Requirement:            0.000ns  (core_clk rise@0.000ns - core_clk rise@0.000ns)
  Data Path Delay:        0.072ns  (logic 0.039ns (54.167%)  route 0.033ns (45.833%))
  Logic Levels:           0  
  Clock Path Skew:        0.006ns (DCD - SCD - CPR)
    Destination Clock Delay (DCD):    0.018ns
    Source Clock Delay      (SCD):    0.012ns
    Clock Pessimism Removal (CPR):    -0.000ns

    Location             Delay type                Incr(ns)  Path(ns)    Netlist Resource(s)
  -------------------------------------------------------------------    -------------------
                         (clock core_clk rise edge)
                                                      0.000     0.000 r  
                                                      0.000     0.000 r  clk (IN)
                         net (fo=28818, unset)        0.012     0.012    core/genblk1[1].lanes[1].lane/clk
    SLICE_X147Y36        FDRE                                         r  core/genblk1[1].lanes[1].lane/order_q_reg[pre][big_x][25]/C
  -------------------------------------------------------------------    -------------------
    SLICE_X147Y36        FDRE (Prop_BFF_SLICEL_C_Q)
                                                      0.039     0.051 r  core/genblk1[1].lanes[1].lane/order_q_reg[pre][big_x][25]/Q
                         net (fo=1, routed)           0.033     0.084    core/genblk1[1].lanes[1].lane/order_q_reg[pre][big_x][25]
    SLICE_X147Y36        FDRE                                         r  core/genblk1[1].lanes[1].lane/align_q_reg[pre][big_x][25]/D
  -------------------------------------------------------------------    -------------------

                         (clock core_clk rise edge)
                                                      0.000     0.000 r  
                                                      0.000     0.000 r  clk (IN)
                         net (fo=28818, unset)        0.018     0.018    core/genblk1[1].lanes[1].lane/clk
    SLICE_X147Y36        FDRE                                         r  core/genblk1[1].lanes[1].lane/align_q_reg[pre][big_x][25]/C
                         clock pessimism              0.000     0.018    
    SLICE_X147Y36        FDRE (Hold_CFF2_SLICEL_C_D)
                                                      0.047     0.065    core/genblk1[1].lanes[1].lane/align_q_reg[pre][big_x][25]
  -------------------------------------------------------------------
                         required time                         -0.065    
                         arrival time                           0.084    
  -------------------------------------------------------------------
                         slack                                  0.019    

Slack (MET) :             0.021ns  (arrival time - required time)
  Source:                 core/genblk1[1].lanes[11].lane/order_q_reg[pre][special_value][25]/C
                            (rising edge-triggered cell FDSE clocked by core_clk  {rise@0.000ns fall@1.650ns period=3.300ns})
  Destination:            core/genblk1[1].lanes[11].lane/control_q_reg[raw][special_value][25]_srl3/D
                            (rising edge-triggered cell SRL16E clocked by core_clk  {rise@0.000ns fall@1.650ns period=3.300ns})
  Path Group:             core_clk
  Path Type:              Hold (Min at Fast Process Corner)
  Requirement:            0.000ns  (core_clk rise@0.000ns - core_clk rise@0.000ns)
  Data Path Delay:        0.092ns  (logic 0.038ns (41.304%)  route 0.054ns (58.696%))
  Logic Levels:           0  
  Clock Path Skew:        0.026ns (DCD - SCD - CPR)
    Destination Clock Delay (DCD):    0.039ns
    Source Clock Delay      (SCD):    0.013ns
    Clock Pessimism Removal (CPR):    -0.000ns

    Location             Delay type                Incr(ns)  Path(ns)    Netlist Resource(s)
  -------------------------------------------------------------------    -------------------
                         (clock core_clk rise edge)
                                                      0.000     0.000 r  
                                                      0.000     0.000 r  clk (IN)
                         net (fo=28818, unset)        0.013     0.013    core/genblk1[1].lanes[11].lane/clk
    SLICE_X139Y28        FDSE                                         r  core/genblk1[1].lanes[11].lane/order_q_reg[pre][special_value][25]/C
  -------------------------------------------------------------------    -------------------
    SLICE_X139Y28        FDSE (Prop_BFF_SLICEM_C_Q)
                                                      0.038     0.051 r  core/genblk1[1].lanes[11].lane/order_q_reg[pre][special_value][25]/Q
                         net (fo=1, routed)           0.054     0.105    core/genblk1[1].lanes[11].lane/order_q_reg[pre][special_value][25]
    SLICE_X139Y27        SRL16E                                       r  core/genblk1[1].lanes[11].lane/control_q_reg[raw][special_value][25]_srl3/D
  -------------------------------------------------------------------    -------------------

                         (clock core_clk rise edge)
                                                      0.000     0.000 r  
                                                      0.000     0.000 r  clk (IN)
                         net (fo=28818, unset)        0.039     0.039    core/genblk1[1].lanes[11].lane/clk
    SLICE_X139Y27        SRL16E                                       r  core/genblk1[1].lanes[11].lane/control_q_reg[raw][special_value][25]_srl3/CLK
                         clock pessimism              0.000     0.039    
    SLICE_X139Y27        SRL16E (Hold_B5LUT_SLICEM_CLK_D)
                                                      0.045     0.084    core/genblk1[1].lanes[11].lane/control_q_reg[raw][special_value][25]_srl3
  -------------------------------------------------------------------
                         required time                         -0.084    
                         arrival time                           0.105    
  -------------------------------------------------------------------
                         slack                                  0.021    

Slack (MET) :             0.021ns  (arrival time - required time)
  Source:                 core/commit_meta_reg[nt][2]/C
                            (rising edge-triggered cell FDRE clocked by core_clk  {rise@0.000ns fall@1.650ns period=3.300ns})
  Destination:            commit_meta_reg[nt][2]/D
                            (rising edge-triggered cell FDRE clocked by core_clk  {rise@0.000ns fall@1.650ns period=3.300ns})
  Path Group:             core_clk
  Path Type:              Hold (Min at Fast Process Corner)
  Requirement:            0.000ns  (core_clk rise@0.000ns - core_clk rise@0.000ns)
  Data Path Delay:        0.074ns  (logic 0.039ns (52.703%)  route 0.035ns (47.297%))
  Logic Levels:           0  
  Clock Path Skew:        0.006ns (DCD - SCD - CPR)
    Destination Clock Delay (DCD):    0.019ns
    Source Clock Delay      (SCD):    0.013ns
    Clock Pessimism Removal (CPR):    -0.000ns

    Location             Delay type                Incr(ns)  Path(ns)    Netlist Resource(s)
  -------------------------------------------------------------------    -------------------
                         (clock core_clk rise edge)
                                                      0.000     0.000 r  
                                                      0.000     0.000 r  clk (IN)
                         net (fo=28818, unset)        0.013     0.013    core/clk
    SLICE_X159Y66        FDRE                                         r  core/commit_meta_reg[nt][2]/C
  -------------------------------------------------------------------    -------------------
    SLICE_X159Y66        FDRE (Prop_GFF_SLICEL_C_Q)
                                                      0.039     0.052 r  core/commit_meta_reg[nt][2]/Q
                         net (fo=1, routed)           0.035     0.087    meta_i[nt][2]
    SLICE_X159Y66        FDRE                                         r  commit_meta_reg[nt][2]/D
  -------------------------------------------------------------------    -------------------

                         (clock core_clk rise edge)
                                                      0.000     0.000 r  
                                                      0.000     0.000 r  clk (IN)
                         net (fo=28818, unset)        0.019     0.019    clk
    SLICE_X159Y66        FDRE                                         r  commit_meta_reg[nt][2]/C
                         clock pessimism              0.000     0.019    
    SLICE_X159Y66        FDRE (Hold_EFF2_SLICEL_C_D)
                                                      0.047     0.066    commit_meta_reg[nt][2]
  -------------------------------------------------------------------
                         required time                         -0.066    
                         arrival time                           0.087    
  -------------------------------------------------------------------
                         slack                                  0.021    

Slack (MET) :             0.021ns  (arrival time - required time)
  Source:                 rsp_q_reg[e_stat][5][5]/C
                            (rising edge-triggered cell FDRE clocked by core_clk  {rise@0.000ns fall@1.650ns period=3.300ns})
  Destination:            core/magnitude_q_reg[0][5][b][5]/D
                            (rising edge-triggered cell FDRE clocked by core_clk  {rise@0.000ns fall@1.650ns period=3.300ns})
  Path Group:             core_clk
  Path Type:              Hold (Min at Fast Process Corner)
  Requirement:            0.000ns  (core_clk rise@0.000ns - core_clk rise@0.000ns)
  Data Path Delay:        0.074ns  (logic 0.039ns (52.703%)  route 0.035ns (47.297%))
  Logic Levels:           0  
  Clock Path Skew:        0.006ns (DCD - SCD - CPR)
    Destination Clock Delay (DCD):    0.019ns
    Source Clock Delay      (SCD):    0.013ns
    Clock Pessimism Removal (CPR):    -0.000ns

    Location             Delay type                Incr(ns)  Path(ns)    Netlist Resource(s)
  -------------------------------------------------------------------    -------------------
                         (clock core_clk rise edge)
                                                      0.000     0.000 r  
                                                      0.000     0.000 r  clk (IN)
                         net (fo=28818, unset)        0.013     0.013    clk
    SLICE_X163Y12        FDRE                                         r  rsp_q_reg[e_stat][5][5]/C
  -------------------------------------------------------------------    -------------------
    SLICE_X163Y12        FDRE (Prop_GFF_SLICEL_C_Q)
                                                      0.039     0.052 r  rsp_q_reg[e_stat][5][5]/Q
                         net (fo=2, routed)           0.035     0.087    core/magnitude_q_reg[0][5][b][7]_0[5]
    SLICE_X163Y12        FDRE                                         r  core/magnitude_q_reg[0][5][b][5]/D
  -------------------------------------------------------------------    -------------------

                         (clock core_clk rise edge)
                                                      0.000     0.000 r  
                                                      0.000     0.000 r  clk (IN)
                         net (fo=28818, unset)        0.019     0.019    core/clk
    SLICE_X163Y12        FDRE                                         r  core/magnitude_q_reg[0][5][b][5]/C
                         clock pessimism              0.000     0.019    
    SLICE_X163Y12        FDRE (Hold_EFF2_SLICEL_C_D)
                                                      0.047     0.066    core/magnitude_q_reg[0][5][b][5]
  -------------------------------------------------------------------
                         required time                         -0.066    
                         arrival time                           0.087    
  -------------------------------------------------------------------
                         slack                                  0.021    

Slack (MET) :             0.021ns  (arrival time - required time)
  Source:                 rsp_q_reg[e_stat][8][2]/C
                            (rising edge-triggered cell FDRE clocked by core_clk  {rise@0.000ns fall@1.650ns period=3.300ns})
  Destination:            core/magnitude_q_reg[0][8][b][2]/D
                            (rising edge-triggered cell FDRE clocked by core_clk  {rise@0.000ns fall@1.650ns period=3.300ns})
  Path Group:             core_clk
  Path Type:              Hold (Min at Fast Process Corner)
  Requirement:            0.000ns  (core_clk rise@0.000ns - core_clk rise@0.000ns)
  Data Path Delay:        0.074ns  (logic 0.039ns (52.703%)  route 0.035ns (47.297%))
  Logic Levels:           0  
  Clock Path Skew:        0.006ns (DCD - SCD - CPR)
    Destination Clock Delay (DCD):    0.019ns
    Source Clock Delay      (SCD):    0.013ns
    Clock Pessimism Removal (CPR):    -0.000ns

    Location             Delay type                Incr(ns)  Path(ns)    Netlist Resource(s)
  -------------------------------------------------------------------    -------------------
                         (clock core_clk rise edge)
                                                      0.000     0.000 r  
                                                      0.000     0.000 r  clk (IN)
                         net (fo=28818, unset)        0.013     0.013    clk
    SLICE_X160Y23        FDRE                                         r  rsp_q_reg[e_stat][8][2]/C
  -------------------------------------------------------------------    -------------------
    SLICE_X160Y23        FDRE (Prop_GFF_SLICEL_C_Q)
                                                      0.039     0.052 r  rsp_q_reg[e_stat][8][2]/Q
                         net (fo=2, routed)           0.035     0.087    core/magnitude_q_reg[0][8][b][7]_0[2]
    SLICE_X160Y23        FDRE                                         r  core/magnitude_q_reg[0][8][b][2]/D
  -------------------------------------------------------------------    -------------------

                         (clock core_clk rise edge)
                                                      0.000     0.000 r  
                                                      0.000     0.000 r  clk (IN)
                         net (fo=28818, unset)        0.019     0.019    core/clk
    SLICE_X160Y23        FDRE                                         r  core/magnitude_q_reg[0][8][b][2]/C
                         clock pessimism              0.000     0.019    
    SLICE_X160Y23        FDRE (Hold_EFF2_SLICEL_C_D)
                                                      0.047     0.066    core/magnitude_q_reg[0][8][b][2]
  -------------------------------------------------------------------
                         required time                         -0.066    
                         arrival time                           0.087    
  -------------------------------------------------------------------
                         slack                                  0.021    

Slack (MET) :             0.022ns  (arrival time - required time)
  Source:                 core/genblk1[0].lanes[2].lane/order_q_reg[pre][special_value][25]/C
                            (rising edge-triggered cell FDSE clocked by core_clk  {rise@0.000ns fall@1.650ns period=3.300ns})
  Destination:            core/genblk1[0].lanes[2].lane/control_q_reg[raw][special_value][25]_srl3/D
                            (rising edge-triggered cell SRL16E clocked by core_clk  {rise@0.000ns fall@1.650ns period=3.300ns})
  Path Group:             core_clk
  Path Type:              Hold (Min at Fast Process Corner)
  Requirement:            0.000ns  (core_clk rise@0.000ns - core_clk rise@0.000ns)
  Data Path Delay:        0.094ns  (logic 0.039ns (41.489%)  route 0.055ns (58.511%))
  Logic Levels:           0  
  Clock Path Skew:        0.027ns (DCD - SCD - CPR)
    Destination Clock Delay (DCD):    0.039ns
    Source Clock Delay      (SCD):    0.012ns
    Clock Pessimism Removal (CPR):    -0.000ns

    Location             Delay type                Incr(ns)  Path(ns)    Netlist Resource(s)
  -------------------------------------------------------------------    -------------------
                         (clock core_clk rise edge)
                                                      0.000     0.000 r  
                                                      0.000     0.000 r  clk (IN)
                         net (fo=28818, unset)        0.012     0.012    core/genblk1[0].lanes[2].lane/clk
    SLICE_X170Y31        FDSE                                         r  core/genblk1[0].lanes[2].lane/order_q_reg[pre][special_value][25]/C
  -------------------------------------------------------------------    -------------------
    SLICE_X170Y31        FDSE (Prop_CFF_SLICEL_C_Q)
                                                      0.039     0.051 r  core/genblk1[0].lanes[2].lane/order_q_reg[pre][special_value][25]/Q
                         net (fo=1, routed)           0.055     0.106    core/genblk1[0].lanes[2].lane/order_q_reg[pre][special_value][25]
    SLICE_X171Y31        SRL16E                                       r  core/genblk1[0].lanes[2].lane/control_q_reg[raw][special_value][25]_srl3/D
  -------------------------------------------------------------------    -------------------

                         (clock core_clk rise edge)
                                                      0.000     0.000 r  
                                                      0.000     0.000 r  clk (IN)
                         net (fo=28818, unset)        0.039     0.039    core/genblk1[0].lanes[2].lane/clk
    SLICE_X171Y31        SRL16E                                       r  core/genblk1[0].lanes[2].lane/control_q_reg[raw][special_value][25]_srl3/CLK
                         clock pessimism              0.000     0.039    
    SLICE_X171Y31        SRL16E (Hold_B5LUT_SLICEM_CLK_D)
                                                      0.045     0.084    core/genblk1[0].lanes[2].lane/control_q_reg[raw][special_value][25]_srl3
  -------------------------------------------------------------------
                         required time                         -0.084    
                         arrival time                           0.106    
  -------------------------------------------------------------------
                         slack                                  0.022    

Slack (MET) :             0.022ns  (arrival time - required time)
  Source:                 core/genblk1[0].lanes[7].lane/order_q_reg[pre][special_value][12]/C
                            (rising edge-triggered cell FDRE clocked by core_clk  {rise@0.000ns fall@1.650ns period=3.300ns})
  Destination:            core/genblk1[0].lanes[7].lane/control_q_reg[raw][special_value][12]_srl3/D
                            (rising edge-triggered cell SRL16E clocked by core_clk  {rise@0.000ns fall@1.650ns period=3.300ns})
  Path Group:             core_clk
  Path Type:              Hold (Min at Fast Process Corner)
  Requirement:            0.000ns  (core_clk rise@0.000ns - core_clk rise@0.000ns)
  Data Path Delay:        0.092ns  (logic 0.041ns (44.565%)  route 0.051ns (55.435%))
  Logic Levels:           0  
  Clock Path Skew:        0.027ns (DCD - SCD - CPR)
    Destination Clock Delay (DCD):    0.039ns
    Source Clock Delay      (SCD):    0.012ns
    Clock Pessimism Removal (CPR):    -0.000ns

    Location             Delay type                Incr(ns)  Path(ns)    Netlist Resource(s)
  -------------------------------------------------------------------    -------------------
                         (clock core_clk rise edge)
                                                      0.000     0.000 r  
                                                      0.000     0.000 r  clk (IN)
                         net (fo=28818, unset)        0.012     0.012    core/genblk1[0].lanes[7].lane/clk
    SLICE_X198Y33        FDRE                                         r  core/genblk1[0].lanes[7].lane/order_q_reg[pre][special_value][12]/C
  -------------------------------------------------------------------    -------------------
    SLICE_X198Y33        FDRE (Prop_DFF2_SLICEL_C_Q)
                                                      0.041     0.053 r  core/genblk1[0].lanes[7].lane/order_q_reg[pre][special_value][12]/Q
                         net (fo=1, routed)           0.051     0.104    core/genblk1[0].lanes[7].lane/order_q_reg[pre][special_value][12]
    SLICE_X197Y33        SRL16E                                       r  core/genblk1[0].lanes[7].lane/control_q_reg[raw][special_value][12]_srl3/D
  -------------------------------------------------------------------    -------------------

                         (clock core_clk rise edge)
                                                      0.000     0.000 r  
                                                      0.000     0.000 r  clk (IN)
                         net (fo=28818, unset)        0.039     0.039    core/genblk1[0].lanes[7].lane/clk
    SLICE_X197Y33        SRL16E                                       r  core/genblk1[0].lanes[7].lane/control_q_reg[raw][special_value][12]_srl3/CLK
                         clock pessimism              0.000     0.039    
    SLICE_X197Y33        SRL16E (Hold_E5LUT_SLICEM_CLK_D)
                                                      0.043     0.082    core/genblk1[0].lanes[7].lane/control_q_reg[raw][special_value][12]_srl3
  -------------------------------------------------------------------
                         required time                         -0.082    
                         arrival time                           0.104    
  -------------------------------------------------------------------
                         slack                                  0.022    

Slack (MET) :             0.023ns  (arrival time - required time)
  Source:                 rsp_q_reg[e_stat][12][2]/C
                            (rising edge-triggered cell FDRE clocked by core_clk  {rise@0.000ns fall@1.650ns period=3.300ns})
  Destination:            core/magnitude_q_reg[0][12][b][2]/D
                            (rising edge-triggered cell FDRE clocked by core_clk  {rise@0.000ns fall@1.650ns period=3.300ns})
  Path Group:             core_clk
  Path Type:              Hold (Min at Fast Process Corner)
  Requirement:            0.000ns  (core_clk rise@0.000ns - core_clk rise@0.000ns)
  Data Path Delay:        0.076ns  (logic 0.039ns (51.419%)  route 0.037ns (48.581%))
  Logic Levels:           0  
  Clock Path Skew:        0.006ns (DCD - SCD - CPR)
    Destination Clock Delay (DCD):    0.019ns
    Source Clock Delay      (SCD):    0.013ns
    Clock Pessimism Removal (CPR):    -0.000ns

    Location             Delay type                Incr(ns)  Path(ns)    Netlist Resource(s)
  -------------------------------------------------------------------    -------------------
                         (clock core_clk rise edge)
                                                      0.000     0.000 r  
                                                      0.000     0.000 r  clk (IN)
                         net (fo=28818, unset)        0.013     0.013    clk
    SLICE_X163Y72        FDRE                                         r  rsp_q_reg[e_stat][12][2]/C
  -------------------------------------------------------------------    -------------------
    SLICE_X163Y72        FDRE (Prop_GFF_SLICEL_C_Q)
                                                      0.039     0.052 r  rsp_q_reg[e_stat][12][2]/Q
                         net (fo=3, routed)           0.037     0.089    core/magnitude_q_reg[0][12][b][7]_0[2]
    SLICE_X163Y72        FDRE                                         r  core/magnitude_q_reg[0][12][b][2]/D
  -------------------------------------------------------------------    -------------------

                         (clock core_clk rise edge)
                                                      0.000     0.000 r  
                                                      0.000     0.000 r  clk (IN)
                         net (fo=28818, unset)        0.019     0.019    core/clk
    SLICE_X163Y72        FDRE                                         r  core/magnitude_q_reg[0][12][b][2]/C
                         clock pessimism              0.000     0.019    
    SLICE_X163Y72        FDRE (Hold_EFF2_SLICEL_C_D)
                                                      0.047     0.066    core/magnitude_q_reg[0][12][b][2]
  -------------------------------------------------------------------
                         required time                         -0.066    
                         arrival time                           0.089    
  -------------------------------------------------------------------
                         slack                                  0.023    

Slack (MET) :             0.023ns  (arrival time - required time)
  Source:                 core/genblk1[0].lanes[10].lane/order_q_reg[pre][special_value][13]/C
                            (rising edge-triggered cell FDRE clocked by core_clk  {rise@0.000ns fall@1.650ns period=3.300ns})
  Destination:            core/genblk1[0].lanes[10].lane/control_q_reg[raw][special_value][13]_srl3/D
                            (rising edge-triggered cell SRL16E clocked by core_clk  {rise@0.000ns fall@1.650ns period=3.300ns})
  Path Group:             core_clk
  Path Type:              Hold (Min at Fast Process Corner)
  Requirement:            0.000ns  (core_clk rise@0.000ns - core_clk rise@0.000ns)
  Data Path Delay:        0.095ns  (logic 0.039ns (41.053%)  route 0.056ns (58.947%))
  Logic Levels:           0  
  Clock Path Skew:        0.026ns (DCD - SCD - CPR)
    Destination Clock Delay (DCD):    0.039ns
    Source Clock Delay      (SCD):    0.013ns
    Clock Pessimism Removal (CPR):    -0.000ns

    Location             Delay type                Incr(ns)  Path(ns)    Netlist Resource(s)
  -------------------------------------------------------------------    -------------------
                         (clock core_clk rise edge)
                                                      0.000     0.000 r  
                                                      0.000     0.000 r  clk (IN)
                         net (fo=28818, unset)        0.013     0.013    core/genblk1[0].lanes[10].lane/clk
    SLICE_X196Y77        FDRE                                         r  core/genblk1[0].lanes[10].lane/order_q_reg[pre][special_value][13]/C
  -------------------------------------------------------------------    -------------------
    SLICE_X196Y77        FDRE (Prop_DFF_SLICEM_C_Q)
                                                      0.039     0.052 r  core/genblk1[0].lanes[10].lane/order_q_reg[pre][special_value][13]/Q
                         net (fo=1, routed)           0.056     0.108    core/genblk1[0].lanes[10].lane/order_q_reg[pre][special_value][13]
    SLICE_X196Y76        SRL16E                                       r  core/genblk1[0].lanes[10].lane/control_q_reg[raw][special_value][13]_srl3/D
  -------------------------------------------------------------------    -------------------

                         (clock core_clk rise edge)
                                                      0.000     0.000 r  
                                                      0.000     0.000 r  clk (IN)
                         net (fo=28818, unset)        0.039     0.039    core/genblk1[0].lanes[10].lane/clk
    SLICE_X196Y76        SRL16E                                       r  core/genblk1[0].lanes[10].lane/control_q_reg[raw][special_value][13]_srl3/CLK
                         clock pessimism              0.000     0.039    
    SLICE_X196Y76        SRL16E (Hold_F5LUT_SLICEM_CLK_D)
                                                      0.046     0.085    core/genblk1[0].lanes[10].lane/control_q_reg[raw][special_value][13]_srl3
  -------------------------------------------------------------------
                         required time                         -0.085    
                         arrival time                           0.108    
  -------------------------------------------------------------------
                         slack                                  0.023    

Slack (MET) :             0.023ns  (arrival time - required time)
  Source:                 core/genblk1[0].lanes[12].lane/order_q_reg[pre][special_value][8]/C
                            (rising edge-triggered cell FDRE clocked by core_clk  {rise@0.000ns fall@1.650ns period=3.300ns})
  Destination:            core/genblk1[0].lanes[12].lane/control_q_reg[raw][special_value][8]_srl3/D
                            (rising edge-triggered cell SRL16E clocked by core_clk  {rise@0.000ns fall@1.650ns period=3.300ns})
  Path Group:             core_clk
  Path Type:              Hold (Min at Fast Process Corner)
  Requirement:            0.000ns  (core_clk rise@0.000ns - core_clk rise@0.000ns)
  Data Path Delay:        0.095ns  (logic 0.039ns (41.053%)  route 0.056ns (58.947%))
  Logic Levels:           0  
  Clock Path Skew:        0.026ns (DCD - SCD - CPR)
    Destination Clock Delay (DCD):    0.039ns
    Source Clock Delay      (SCD):    0.013ns
    Clock Pessimism Removal (CPR):    -0.000ns

    Location             Delay type                Incr(ns)  Path(ns)    Netlist Resource(s)
  -------------------------------------------------------------------    -------------------
                         (clock core_clk rise edge)
                                                      0.000     0.000 r  
                                                      0.000     0.000 r  clk (IN)
                         net (fo=28818, unset)        0.013     0.013    core/genblk1[0].lanes[12].lane/clk
    SLICE_X196Y66        FDRE                                         r  core/genblk1[0].lanes[12].lane/order_q_reg[pre][special_value][8]/C
  -------------------------------------------------------------------    -------------------
    SLICE_X196Y66        FDRE (Prop_HFF2_SLICEM_C_Q)
                                                      0.039     0.052 r  core/genblk1[0].lanes[12].lane/order_q_reg[pre][special_value][8]/Q
                         net (fo=1, routed)           0.056     0.108    core/genblk1[0].lanes[12].lane/order_q_reg[pre][special_value][8]
    SLICE_X196Y67        SRL16E                                       r  core/genblk1[0].lanes[12].lane/control_q_reg[raw][special_value][8]_srl3/D
  -------------------------------------------------------------------    -------------------

                         (clock core_clk rise edge)
                                                      0.000     0.000 r  
                                                      0.000     0.000 r  clk (IN)
                         net (fo=28818, unset)        0.039     0.039    core/genblk1[0].lanes[12].lane/clk
    SLICE_X196Y67        SRL16E                                       r  core/genblk1[0].lanes[12].lane/control_q_reg[raw][special_value][8]_srl3/CLK
                         clock pessimism              0.000     0.039    
    SLICE_X196Y67        SRL16E (Hold_A5LUT_SLICEM_CLK_D)
                                                      0.046     0.085    core/genblk1[0].lanes[12].lane/control_q_reg[raw][special_value][8]_srl3
  -------------------------------------------------------------------
                         required time                         -0.085    
                         arrival time                           0.108    
  -------------------------------------------------------------------
                         slack                                  0.023    

Slack (MET) :             0.023ns  (arrival time - required time)
  Source:                 core/genblk1[0].lanes[15].lane/order_q_reg[pre][special_value][25]/C
                            (rising edge-triggered cell FDSE clocked by core_clk  {rise@0.000ns fall@1.650ns period=3.300ns})
  Destination:            core/genblk1[0].lanes[15].lane/control_q_reg[raw][special_value][25]_srl3/D
                            (rising edge-triggered cell SRL16E clocked by core_clk  {rise@0.000ns fall@1.650ns period=3.300ns})
  Path Group:             core_clk
  Path Type:              Hold (Min at Fast Process Corner)
  Requirement:            0.000ns  (core_clk rise@0.000ns - core_clk rise@0.000ns)
  Data Path Delay:        0.095ns  (logic 0.039ns (41.053%)  route 0.056ns (58.947%))
  Logic Levels:           0  
  Clock Path Skew:        0.027ns (DCD - SCD - CPR)
    Destination Clock Delay (DCD):    0.039ns
    Source Clock Delay      (SCD):    0.012ns
    Clock Pessimism Removal (CPR):    -0.000ns

    Location             Delay type                Incr(ns)  Path(ns)    Netlist Resource(s)
  -------------------------------------------------------------------    -------------------
                         (clock core_clk rise edge)
                                                      0.000     0.000 r  
                                                      0.000     0.000 r  clk (IN)
                         net (fo=28818, unset)        0.012     0.012    core/genblk1[0].lanes[15].lane/clk
    SLICE_X178Y101       FDSE                                         r  core/genblk1[0].lanes[15].lane/order_q_reg[pre][special_value][25]/C
  -------------------------------------------------------------------    -------------------
    SLICE_X178Y101       FDSE (Prop_DFF_SLICEL_C_Q)
                                                      0.039     0.051 r  core/genblk1[0].lanes[15].lane/order_q_reg[pre][special_value][25]/Q
                         net (fo=1, routed)           0.056     0.107    core/genblk1[0].lanes[15].lane/order_q_reg[pre][special_value][25]
    SLICE_X179Y101       SRL16E                                       r  core/genblk1[0].lanes[15].lane/control_q_reg[raw][special_value][25]_srl3/D
  -------------------------------------------------------------------    -------------------

                         (clock core_clk rise edge)
                                                      0.000     0.000 r  
                                                      0.000     0.000 r  clk (IN)
                         net (fo=28818, unset)        0.039     0.039    core/genblk1[0].lanes[15].lane/clk
    SLICE_X179Y101       SRL16E                                       r  core/genblk1[0].lanes[15].lane/control_q_reg[raw][special_value][25]_srl3/CLK
                         clock pessimism              0.000     0.039    
    SLICE_X179Y101       SRL16E (Hold_B5LUT_SLICEM_CLK_D)
                                                      0.045     0.084    core/genblk1[0].lanes[15].lane/control_q_reg[raw][special_value][25]_srl3
  -------------------------------------------------------------------
                         required time                         -0.084    
                         arrival time                           0.107    
  -------------------------------------------------------------------
                         slack                                  0.023    

Slack (MET) :             0.023ns  (arrival time - required time)
  Source:                 core/genblk1[0].lanes[1].lane/order_q_reg[pre][special_value][13]/C
                            (rising edge-triggered cell FDRE clocked by core_clk  {rise@0.000ns fall@1.650ns period=3.300ns})
  Destination:            core/genblk1[0].lanes[1].lane/control_q_reg[raw][special_value][13]_srl3/D
                            (rising edge-triggered cell SRL16E clocked by core_clk  {rise@0.000ns fall@1.650ns period=3.300ns})
  Path Group:             core_clk
  Path Type:              Hold (Min at Fast Process Corner)
  Requirement:            0.000ns  (core_clk rise@0.000ns - core_clk rise@0.000ns)
  Data Path Delay:        0.095ns  (logic 0.039ns (41.053%)  route 0.056ns (58.947%))
  Logic Levels:           0  
  Clock Path Skew:        0.026ns (DCD - SCD - CPR)
    Destination Clock Delay (DCD):    0.039ns
    Source Clock Delay      (SCD):    0.013ns
    Clock Pessimism Removal (CPR):    -0.000ns

    Location             Delay type                Incr(ns)  Path(ns)    Netlist Resource(s)
  -------------------------------------------------------------------    -------------------
                         (clock core_clk rise edge)
                                                      0.000     0.000 r  
                                                      0.000     0.000 r  clk (IN)
                         net (fo=28818, unset)        0.013     0.013    core/genblk1[0].lanes[1].lane/clk
    SLICE_X175Y58        FDRE                                         r  core/genblk1[0].lanes[1].lane/order_q_reg[pre][special_value][13]/C
  -------------------------------------------------------------------    -------------------
    SLICE_X175Y58        FDRE (Prop_DFF_SLICEM_C_Q)
                                                      0.039     0.052 r  core/genblk1[0].lanes[1].lane/order_q_reg[pre][special_value][13]/Q
                         net (fo=1, routed)           0.056     0.108    core/genblk1[0].lanes[1].lane/order_q_reg[pre][special_value][13]
    SLICE_X175Y57        SRL16E                                       r  core/genblk1[0].lanes[1].lane/control_q_reg[raw][special_value][13]_srl3/D
  -------------------------------------------------------------------    -------------------

                         (clock core_clk rise edge)
                                                      0.000     0.000 r  
                                                      0.000     0.000 r  clk (IN)
                         net (fo=28818, unset)        0.039     0.039    core/genblk1[0].lanes[1].lane/clk
    SLICE_X175Y57        SRL16E                                       r  core/genblk1[0].lanes[1].lane/control_q_reg[raw][special_value][13]_srl3/CLK
                         clock pessimism              0.000     0.039    
    SLICE_X175Y57        SRL16E (Hold_F5LUT_SLICEM_CLK_D)
                                                      0.046     0.085    core/genblk1[0].lanes[1].lane/control_q_reg[raw][special_value][13]_srl3
  -------------------------------------------------------------------
                         required time                         -0.085    
                         arrival time                           0.108    
  -------------------------------------------------------------------
                         slack                                  0.023    

Slack (MET) :             0.023ns  (arrival time - required time)
  Source:                 core/genblk1[1].lanes[0].lane/order_q_reg[pre][special_value][26]/C
                            (rising edge-triggered cell FDSE clocked by core_clk  {rise@0.000ns fall@1.650ns period=3.300ns})
  Destination:            core/genblk1[1].lanes[0].lane/control_q_reg[raw][special_value][26]_srl3/D
                            (rising edge-triggered cell SRL16E clocked by core_clk  {rise@0.000ns fall@1.650ns period=3.300ns})
  Path Group:             core_clk
  Path Type:              Hold (Min at Fast Process Corner)
  Requirement:            0.000ns  (core_clk rise@0.000ns - core_clk rise@0.000ns)
  Data Path Delay:        0.095ns  (logic 0.040ns (42.105%)  route 0.055ns (57.895%))
  Logic Levels:           0  
  Clock Path Skew:        0.026ns (DCD - SCD - CPR)
    Destination Clock Delay (DCD):    0.039ns
    Source Clock Delay      (SCD):    0.013ns
    Clock Pessimism Removal (CPR):    -0.000ns

    Location             Delay type                Incr(ns)  Path(ns)    Netlist Resource(s)
  -------------------------------------------------------------------    -------------------
                         (clock core_clk rise edge)
                                                      0.000     0.000 r  
                                                      0.000     0.000 r  clk (IN)
                         net (fo=28818, unset)        0.013     0.013    core/genblk1[1].lanes[0].lane/clk
    SLICE_X133Y9         FDSE                                         r  core/genblk1[1].lanes[0].lane/order_q_reg[pre][special_value][26]/C
  -------------------------------------------------------------------    -------------------
    SLICE_X133Y9         FDSE (Prop_BFF2_SLICEM_C_Q)
                                                      0.040     0.053 r  core/genblk1[1].lanes[0].lane/order_q_reg[pre][special_value][26]/Q
                         net (fo=1, routed)           0.055     0.108    core/genblk1[1].lanes[0].lane/order_q_reg[pre][special_value][26]
    SLICE_X133Y10        SRL16E                                       r  core/genblk1[1].lanes[0].lane/control_q_reg[raw][special_value][26]_srl3/D
  -------------------------------------------------------------------    -------------------

                         (clock core_clk rise edge)
                                                      0.000     0.000 r  
                                                      0.000     0.000 r  clk (IN)
                         net (fo=28818, unset)        0.039     0.039    core/genblk1[1].lanes[0].lane/clk
    SLICE_X133Y10        SRL16E                                       r  core/genblk1[1].lanes[0].lane/control_q_reg[raw][special_value][26]_srl3/CLK
                         clock pessimism              0.000     0.039    
    SLICE_X133Y10        SRL16E (Hold_C5LUT_SLICEM_CLK_D)
                                                      0.046     0.085    core/genblk1[1].lanes[0].lane/control_q_reg[raw][special_value][26]_srl3
  -------------------------------------------------------------------
                         required time                         -0.085    
                         arrival time                           0.108    
  -------------------------------------------------------------------
                         slack                                  0.023    

Slack (MET) :             0.023ns  (arrival time - required time)
  Source:                 core/genblk1[1].lanes[2].lane/order_q_reg[pre][special_value][25]/C
                            (rising edge-triggered cell FDSE clocked by core_clk  {rise@0.000ns fall@1.650ns period=3.300ns})
  Destination:            core/genblk1[1].lanes[2].lane/control_q_reg[raw][special_value][25]_srl3/D
                            (rising edge-triggered cell SRL16E clocked by core_clk  {rise@0.000ns fall@1.650ns period=3.300ns})
  Path Group:             core_clk
  Path Type:              Hold (Min at Fast Process Corner)
  Requirement:            0.000ns  (core_clk rise@0.000ns - core_clk rise@0.000ns)
  Data Path Delay:        0.094ns  (logic 0.038ns (40.426%)  route 0.056ns (59.574%))
  Logic Levels:           0  
  Clock Path Skew:        0.026ns (DCD - SCD - CPR)
    Destination Clock Delay (DCD):    0.039ns
    Source Clock Delay      (SCD):    0.013ns
    Clock Pessimism Removal (CPR):    -0.000ns

    Location             Delay type                Incr(ns)  Path(ns)    Netlist Resource(s)
  -------------------------------------------------------------------    -------------------
                         (clock core_clk rise edge)
                                                      0.000     0.000 r  
                                                      0.000     0.000 r  clk (IN)
                         net (fo=28818, unset)        0.013     0.013    core/genblk1[1].lanes[2].lane/clk
    SLICE_X126Y19        FDSE                                         r  core/genblk1[1].lanes[2].lane/order_q_reg[pre][special_value][25]/C
  -------------------------------------------------------------------    -------------------
    SLICE_X126Y19        FDSE (Prop_BFF_SLICEM_C_Q)
                                                      0.038     0.051 r  core/genblk1[1].lanes[2].lane/order_q_reg[pre][special_value][25]/Q
                         net (fo=1, routed)           0.056     0.107    core/genblk1[1].lanes[2].lane/order_q_reg[pre][special_value][25]
    SLICE_X126Y21        SRL16E                                       r  core/genblk1[1].lanes[2].lane/control_q_reg[raw][special_value][25]_srl3/D
  -------------------------------------------------------------------    -------------------

                         (clock core_clk rise edge)
                                                      0.000     0.000 r  
                                                      0.000     0.000 r  clk (IN)
                         net (fo=28818, unset)        0.039     0.039    core/genblk1[1].lanes[2].lane/clk
    SLICE_X126Y21        SRL16E                                       r  core/genblk1[1].lanes[2].lane/control_q_reg[raw][special_value][25]_srl3/CLK
                         clock pessimism              0.000     0.039    
    SLICE_X126Y21        SRL16E (Hold_B5LUT_SLICEM_CLK_D)
                                                      0.045     0.084    core/genblk1[1].lanes[2].lane/control_q_reg[raw][special_value][25]_srl3
  -------------------------------------------------------------------
                         required time                         -0.084    
                         arrival time                           0.107    
  -------------------------------------------------------------------
                         slack                                  0.023    

Slack (MET) :             0.023ns  (arrival time - required time)
  Source:                 core/genblk1[1].lanes[5].lane/order_q_reg[pre][special_value][8]/C
                            (rising edge-triggered cell FDRE clocked by core_clk  {rise@0.000ns fall@1.650ns period=3.300ns})
  Destination:            core/genblk1[1].lanes[5].lane/control_q_reg[raw][special_value][8]_srl3/D
                            (rising edge-triggered cell SRL16E clocked by core_clk  {rise@0.000ns fall@1.650ns period=3.300ns})
  Path Group:             core_clk
  Path Type:              Hold (Min at Fast Process Corner)
  Requirement:            0.000ns  (core_clk rise@0.000ns - core_clk rise@0.000ns)
  Data Path Delay:        0.095ns  (logic 0.039ns (41.053%)  route 0.056ns (58.947%))
  Logic Levels:           0  
  Clock Path Skew:        0.026ns (DCD - SCD - CPR)
    Destination Clock Delay (DCD):    0.039ns
    Source Clock Delay      (SCD):    0.013ns
    Clock Pessimism Removal (CPR):    -0.000ns

    Location             Delay type                Incr(ns)  Path(ns)    Netlist Resource(s)
  -------------------------------------------------------------------    -------------------
                         (clock core_clk rise edge)
                                                      0.000     0.000 r  
                                                      0.000     0.000 r  clk (IN)
                         net (fo=28818, unset)        0.013     0.013    core/genblk1[1].lanes[5].lane/clk
    SLICE_X122Y16        FDRE                                         r  core/genblk1[1].lanes[5].lane/order_q_reg[pre][special_value][8]/C
  -------------------------------------------------------------------    -------------------
    SLICE_X122Y16        FDRE (Prop_HFF2_SLICEM_C_Q)
                                                      0.039     0.052 r  core/genblk1[1].lanes[5].lane/order_q_reg[pre][special_value][8]/Q
                         net (fo=1, routed)           0.056     0.108    core/genblk1[1].lanes[5].lane/order_q_reg[pre][special_value][8]
    SLICE_X122Y17        SRL16E                                       r  core/genblk1[1].lanes[5].lane/control_q_reg[raw][special_value][8]_srl3/D
  -------------------------------------------------------------------    -------------------

                         (clock core_clk rise edge)
                                                      0.000     0.000 r  
                                                      0.000     0.000 r  clk (IN)
                         net (fo=28818, unset)        0.039     0.039    core/genblk1[1].lanes[5].lane/clk
    SLICE_X122Y17        SRL16E                                       r  core/genblk1[1].lanes[5].lane/control_q_reg[raw][special_value][8]_srl3/CLK
                         clock pessimism              0.000     0.039    
    SLICE_X122Y17        SRL16E (Hold_A5LUT_SLICEM_CLK_D)
                                                      0.046     0.085    core/genblk1[1].lanes[5].lane/control_q_reg[raw][special_value][8]_srl3
  -------------------------------------------------------------------
                         required time                         -0.085    
                         arrival time                           0.108    
  -------------------------------------------------------------------
                         slack                                  0.023    

Slack (MET) :             0.024ns  (arrival time - required time)
  Source:                 core/genblk1[0].lanes[14].lane/order_q_reg[pre][special_value][9]/C
                            (rising edge-triggered cell FDRE clocked by core_clk  {rise@0.000ns fall@1.650ns period=3.300ns})
  Destination:            core/genblk1[0].lanes[14].lane/control_q_reg[raw][special_value][9]_srl3/D
                            (rising edge-triggered cell SRL16E clocked by core_clk  {rise@0.000ns fall@1.650ns period=3.300ns})
  Path Group:             core_clk
  Path Type:              Hold (Min at Fast Process Corner)
  Requirement:            0.000ns  (core_clk rise@0.000ns - core_clk rise@0.000ns)
  Data Path Delay:        0.095ns  (logic 0.039ns (41.053%)  route 0.056ns (58.947%))
  Logic Levels:           0  
  Clock Path Skew:        0.026ns (DCD - SCD - CPR)
    Destination Clock Delay (DCD):    0.039ns
    Source Clock Delay      (SCD):    0.013ns
    Clock Pessimism Removal (CPR):    -0.000ns

    Location             Delay type                Incr(ns)  Path(ns)    Netlist Resource(s)
  -------------------------------------------------------------------    -------------------
                         (clock core_clk rise edge)
                                                      0.000     0.000 r  
                                                      0.000     0.000 r  clk (IN)
                         net (fo=28818, unset)        0.013     0.013    core/genblk1[0].lanes[14].lane/clk
    SLICE_X179Y88        FDRE                                         r  core/genblk1[0].lanes[14].lane/order_q_reg[pre][special_value][9]/C
  -------------------------------------------------------------------    -------------------
    SLICE_X179Y88        FDRE (Prop_HFF2_SLICEM_C_Q)
                                                      0.039     0.052 r  core/genblk1[0].lanes[14].lane/order_q_reg[pre][special_value][9]/Q
                         net (fo=1, routed)           0.056     0.108    core/genblk1[0].lanes[14].lane/order_q_reg[pre][special_value][9]
    SLICE_X179Y87        SRL16E                                       r  core/genblk1[0].lanes[14].lane/control_q_reg[raw][special_value][9]_srl3/D
  -------------------------------------------------------------------    -------------------

                         (clock core_clk rise edge)
                                                      0.000     0.000 r  
                                                      0.000     0.000 r  clk (IN)
                         net (fo=28818, unset)        0.039     0.039    core/genblk1[0].lanes[14].lane/clk
    SLICE_X179Y87        SRL16E                                       r  core/genblk1[0].lanes[14].lane/control_q_reg[raw][special_value][9]_srl3/CLK
                         clock pessimism              0.000     0.039    
    SLICE_X179Y87        SRL16E (Hold_B5LUT_SLICEM_CLK_D)
                                                      0.045     0.084    core/genblk1[0].lanes[14].lane/control_q_reg[raw][special_value][9]_srl3
  -------------------------------------------------------------------
                         required time                         -0.084    
                         arrival time                           0.108    
  -------------------------------------------------------------------
                         slack                                  0.024    

Slack (MET) :             0.024ns  (arrival time - required time)
  Source:                 core/genblk1[0].lanes[3].lane/order_q_reg[pre][special_value][15]/C
                            (rising edge-triggered cell FDRE clocked by core_clk  {rise@0.000ns fall@1.650ns period=3.300ns})
  Destination:            core/genblk1[0].lanes[3].lane/control_q_reg[raw][special_value][15]_srl3/D
                            (rising edge-triggered cell SRL16E clocked by core_clk  {rise@0.000ns fall@1.650ns period=3.300ns})
  Path Group:             core_clk
  Path Type:              Hold (Min at Fast Process Corner)
  Requirement:            0.000ns  (core_clk rise@0.000ns - core_clk rise@0.000ns)
  Data Path Delay:        0.112ns  (logic 0.038ns (33.929%)  route 0.074ns (66.071%))
  Logic Levels:           0  
  Clock Path Skew:        0.026ns (DCD - SCD - CPR)
    Destination Clock Delay (DCD):    0.039ns
    Source Clock Delay      (SCD):    0.013ns
    Clock Pessimism Removal (CPR):    -0.000ns

    Location             Delay type                Incr(ns)  Path(ns)    Netlist Resource(s)
  -------------------------------------------------------------------    -------------------
                         (clock core_clk rise edge)
                                                      0.000     0.000 r  
                                                      0.000     0.000 r  clk (IN)
                         net (fo=28818, unset)        0.013     0.013    core/genblk1[0].lanes[3].lane/clk
    SLICE_X179Y28        FDRE                                         r  core/genblk1[0].lanes[3].lane/order_q_reg[pre][special_value][15]/C
  -------------------------------------------------------------------    -------------------
    SLICE_X179Y28        FDRE (Prop_CFF_SLICEM_C_Q)
                                                      0.038     0.051 r  core/genblk1[0].lanes[3].lane/order_q_reg[pre][special_value][15]/Q
                         net (fo=1, routed)           0.074     0.125    core/genblk1[0].lanes[3].lane/order_q_reg[pre][special_value][15]
    SLICE_X179Y27        SRL16E                                       r  core/genblk1[0].lanes[3].lane/control_q_reg[raw][special_value][15]_srl3/D
  -------------------------------------------------------------------    -------------------

                         (clock core_clk rise edge)
                                                      0.000     0.000 r  
                                                      0.000     0.000 r  clk (IN)
                         net (fo=28818, unset)        0.039     0.039    core/genblk1[0].lanes[3].lane/clk
    SLICE_X179Y27        SRL16E                                       r  core/genblk1[0].lanes[3].lane/control_q_reg[raw][special_value][15]_srl3/CLK
                         clock pessimism              0.000     0.039    
    SLICE_X179Y27        SRL16E (Hold_H5LUT_SLICEM_CLK_D)
                                                      0.062     0.101    core/genblk1[0].lanes[3].lane/control_q_reg[raw][special_value][15]_srl3
  -------------------------------------------------------------------
                         required time                         -0.101    
                         arrival time                           0.125    
  -------------------------------------------------------------------
                         slack                                  0.024    

Slack (MET) :             0.024ns  (arrival time - required time)
  Source:                 core/genblk1[0].lanes[4].lane/order_q_reg[pre][special_value][13]/C
                            (rising edge-triggered cell FDRE clocked by core_clk  {rise@0.000ns fall@1.650ns period=3.300ns})
  Destination:            core/genblk1[0].lanes[4].lane/control_q_reg[raw][special_value][13]_srl3/D
                            (rising edge-triggered cell SRL16E clocked by core_clk  {rise@0.000ns fall@1.650ns period=3.300ns})
  Path Group:             core_clk
  Path Type:              Hold (Min at Fast Process Corner)
  Requirement:            0.000ns  (core_clk rise@0.000ns - core_clk rise@0.000ns)
  Data Path Delay:        0.096ns  (logic 0.038ns (39.583%)  route 0.058ns (60.417%))
  Logic Levels:           0  
  Clock Path Skew:        0.026ns (DCD - SCD - CPR)
    Destination Clock Delay (DCD):    0.039ns
    Source Clock Delay      (SCD):    0.013ns
    Clock Pessimism Removal (CPR):    -0.000ns

    Location             Delay type                Incr(ns)  Path(ns)    Netlist Resource(s)
  -------------------------------------------------------------------    -------------------
                         (clock core_clk rise edge)
                                                      0.000     0.000 r  
                                                      0.000     0.000 r  clk (IN)
                         net (fo=28818, unset)        0.013     0.013    core/genblk1[0].lanes[4].lane/clk
    SLICE_X187Y33        FDRE                                         r  core/genblk1[0].lanes[4].lane/order_q_reg[pre][special_value][13]/C
  -------------------------------------------------------------------    -------------------
    SLICE_X187Y33        FDRE (Prop_CFF_SLICEM_C_Q)
                                                      0.038     0.051 r  core/genblk1[0].lanes[4].lane/order_q_reg[pre][special_value][13]/Q
                         net (fo=1, routed)           0.058     0.109    core/genblk1[0].lanes[4].lane/order_q_reg[pre][special_value][13]
    SLICE_X187Y32        SRL16E                                       r  core/genblk1[0].lanes[4].lane/control_q_reg[raw][special_value][13]_srl3/D
  -------------------------------------------------------------------    -------------------

                         (clock core_clk rise edge)
                                                      0.000     0.000 r  
                                                      0.000     0.000 r  clk (IN)
                         net (fo=28818, unset)        0.039     0.039    core/genblk1[0].lanes[4].lane/clk
    SLICE_X187Y32        SRL16E                                       r  core/genblk1[0].lanes[4].lane/control_q_reg[raw][special_value][13]_srl3/CLK
                         clock pessimism              0.000     0.039    
    SLICE_X187Y32        SRL16E (Hold_F5LUT_SLICEM_CLK_D)
                                                      0.046     0.085    core/genblk1[0].lanes[4].lane/control_q_reg[raw][special_value][13]_srl3
  -------------------------------------------------------------------
                         required time                         -0.085    
                         arrival time                           0.109    
  -------------------------------------------------------------------
                         slack                                  0.024    

Slack (MET) :             0.024ns  (arrival time - required time)
  Source:                 core/genblk1[0].lanes[8].lane/order_q_reg[pre][special_value][9]/C
                            (rising edge-triggered cell FDRE clocked by core_clk  {rise@0.000ns fall@1.650ns period=3.300ns})
  Destination:            core/genblk1[0].lanes[8].lane/control_q_reg[raw][special_value][9]_srl3/D
                            (rising edge-triggered cell SRL16E clocked by core_clk  {rise@0.000ns fall@1.650ns period=3.300ns})
  Path Group:             core_clk
  Path Type:              Hold (Min at Fast Process Corner)
  Requirement:            0.000ns  (core_clk rise@0.000ns - core_clk rise@0.000ns)
  Data Path Delay:        0.095ns  (logic 0.039ns (41.053%)  route 0.056ns (58.947%))
  Logic Levels:           0  
  Clock Path Skew:        0.026ns (DCD - SCD - CPR)
    Destination Clock Delay (DCD):    0.039ns
    Source Clock Delay      (SCD):    0.013ns
    Clock Pessimism Removal (CPR):    -0.000ns

    Location             Delay type                Incr(ns)  Path(ns)    Netlist Resource(s)
  -------------------------------------------------------------------    -------------------
                         (clock core_clk rise edge)
                                                      0.000     0.000 r  
                                                      0.000     0.000 r  clk (IN)
                         net (fo=28818, unset)        0.013     0.013    core/genblk1[0].lanes[8].lane/clk
    SLICE_X190Y18        FDRE                                         r  core/genblk1[0].lanes[8].lane/order_q_reg[pre][special_value][9]/C
  -------------------------------------------------------------------    -------------------
    SLICE_X190Y18        FDRE (Prop_HFF2_SLICEL_C_Q)
                                                      0.039     0.052 r  core/genblk1[0].lanes[8].lane/order_q_reg[pre][special_value][9]/Q
                         net (fo=1, routed)           0.056     0.108    core/genblk1[0].lanes[8].lane/order_q_reg[pre][special_value][9]
    SLICE_X191Y18        SRL16E                                       r  core/genblk1[0].lanes[8].lane/control_q_reg[raw][special_value][9]_srl3/D
  -------------------------------------------------------------------    -------------------

                         (clock core_clk rise edge)
                                                      0.000     0.000 r  
                                                      0.000     0.000 r  clk (IN)
                         net (fo=28818, unset)        0.039     0.039    core/genblk1[0].lanes[8].lane/clk
    SLICE_X191Y18        SRL16E                                       r  core/genblk1[0].lanes[8].lane/control_q_reg[raw][special_value][9]_srl3/CLK
                         clock pessimism              0.000     0.039    
    SLICE_X191Y18        SRL16E (Hold_B5LUT_SLICEM_CLK_D)
                                                      0.045     0.084    core/genblk1[0].lanes[8].lane/control_q_reg[raw][special_value][9]_srl3
  -------------------------------------------------------------------
                         required time                         -0.084    
                         arrival time                           0.108    
  -------------------------------------------------------------------
                         slack                                  0.024    

Slack (MET) :             0.024ns  (arrival time - required time)
  Source:                 core/genblk1[0].lanes[9].lane/order_q_reg[pre][special_value][29]/C
                            (rising edge-triggered cell FDSE clocked by core_clk  {rise@0.000ns fall@1.650ns period=3.300ns})
  Destination:            core/genblk1[0].lanes[9].lane/control_q_reg[raw][special_value][29]_srl3/D
                            (rising edge-triggered cell SRL16E clocked by core_clk  {rise@0.000ns fall@1.650ns period=3.300ns})
  Path Group:             core_clk
  Path Type:              Hold (Min at Fast Process Corner)
  Requirement:            0.000ns  (core_clk rise@0.000ns - core_clk rise@0.000ns)
  Data Path Delay:        0.096ns  (logic 0.038ns (39.583%)  route 0.058ns (60.417%))
  Logic Levels:           0  
  Clock Path Skew:        0.026ns (DCD - SCD - CPR)
    Destination Clock Delay (DCD):    0.039ns
    Source Clock Delay      (SCD):    0.013ns
    Clock Pessimism Removal (CPR):    -0.000ns

    Location             Delay type                Incr(ns)  Path(ns)    Netlist Resource(s)
  -------------------------------------------------------------------    -------------------
                         (clock core_clk rise edge)
                                                      0.000     0.000 r  
                                                      0.000     0.000 r  clk (IN)
                         net (fo=28818, unset)        0.013     0.013    core/genblk1[0].lanes[9].lane/clk
    SLICE_X201Y55        FDSE                                         r  core/genblk1[0].lanes[9].lane/order_q_reg[pre][special_value][29]/C
  -------------------------------------------------------------------    -------------------
    SLICE_X201Y55        FDSE (Prop_CFF_SLICEM_C_Q)
                                                      0.038     0.051 r  core/genblk1[0].lanes[9].lane/order_q_reg[pre][special_value][29]/Q
                         net (fo=1, routed)           0.058     0.109    core/genblk1[0].lanes[9].lane/order_q_reg[pre][special_value][29]
    SLICE_X201Y54        SRL16E                                       r  core/genblk1[0].lanes[9].lane/control_q_reg[raw][special_value][29]_srl3/D
  -------------------------------------------------------------------    -------------------

                         (clock core_clk rise edge)
                                                      0.000     0.000 r  
                                                      0.000     0.000 r  clk (IN)
                         net (fo=28818, unset)        0.039     0.039    core/genblk1[0].lanes[9].lane/clk
    SLICE_X201Y54        SRL16E                                       r  core/genblk1[0].lanes[9].lane/control_q_reg[raw][special_value][29]_srl3/CLK
                         clock pessimism              0.000     0.039    
    SLICE_X201Y54        SRL16E (Hold_F5LUT_SLICEM_CLK_D)
                                                      0.046     0.085    core/genblk1[0].lanes[9].lane/control_q_reg[raw][special_value][29]_srl3
  -------------------------------------------------------------------
                         required time                         -0.085    
                         arrival time                           0.109    
  -------------------------------------------------------------------
                         slack                                  0.024    





Pulse Width Checks
--------------------------------------------------------------------------------------
Clock Name:         core_clk
Waveform(ns):       { 0.000 1.650 }
Period(ns):         3.300
Sources:            { clk }

Check Type        Corner  Lib Pin             Reference Pin  Required(ns)  Actual(ns)  Slack(ns)  Location       Pin
Min Period        n/a     RAMB36E2/CLKARDCLK  n/a            1.569         3.300       1.731      RAMB36_X11Y11  core/acc_store/banks[2].parity[0].ram/mem_reg_0/CLKARDCLK
Min Period        n/a     RAMB36E2/CLKBWRCLK  n/a            1.569         3.300       1.731      RAMB36_X11Y11  core/acc_store/banks[2].parity[0].ram/mem_reg_0/CLKBWRCLK
Min Period        n/a     RAMB36E2/CLKARDCLK  n/a            1.569         3.300       1.731      RAMB36_X11Y7   core/acc_store/banks[2].parity[0].ram/mem_reg_1/CLKARDCLK
Min Period        n/a     RAMB36E2/CLKBWRCLK  n/a            1.569         3.300       1.731      RAMB36_X11Y7   core/acc_store/banks[2].parity[0].ram/mem_reg_1/CLKBWRCLK
Min Period        n/a     RAMB36E2/CLKARDCLK  n/a            1.569         3.300       1.731      RAMB36_X11Y8   core/acc_store/banks[2].parity[0].ram/mem_reg_2/CLKARDCLK
Min Period        n/a     RAMB36E2/CLKBWRCLK  n/a            1.569         3.300       1.731      RAMB36_X11Y8   core/acc_store/banks[2].parity[0].ram/mem_reg_2/CLKBWRCLK
Min Period        n/a     RAMB36E2/CLKARDCLK  n/a            1.569         3.300       1.731      RAMB36_X11Y9   core/acc_store/banks[2].parity[0].ram/mem_reg_3/CLKARDCLK
Min Period        n/a     RAMB36E2/CLKBWRCLK  n/a            1.569         3.300       1.731      RAMB36_X11Y9   core/acc_store/banks[2].parity[0].ram/mem_reg_3/CLKBWRCLK
Min Period        n/a     RAMB36E2/CLKARDCLK  n/a            1.569         3.300       1.731      RAMB36_X11Y12  core/acc_store/banks[2].parity[0].ram/mem_reg_4/CLKARDCLK
Min Period        n/a     RAMB36E2/CLKBWRCLK  n/a            1.569         3.300       1.731      RAMB36_X11Y12  core/acc_store/banks[2].parity[0].ram/mem_reg_4/CLKBWRCLK
Min Period        n/a     RAMB36E2/CLKARDCLK  n/a            1.569         3.300       1.731      RAMB36_X11Y14  core/acc_store/banks[2].parity[0].ram/mem_reg_5/CLKARDCLK
Min Period        n/a     RAMB36E2/CLKBWRCLK  n/a            1.569         3.300       1.731      RAMB36_X11Y14  core/acc_store/banks[2].parity[0].ram/mem_reg_5/CLKBWRCLK
Min Period        n/a     RAMB36E2/CLKARDCLK  n/a            1.569         3.300       1.731      RAMB36_X11Y13  core/acc_store/banks[2].parity[0].ram/mem_reg_6/CLKARDCLK
Min Period        n/a     RAMB36E2/CLKBWRCLK  n/a            1.569         3.300       1.731      RAMB36_X11Y13  core/acc_store/banks[2].parity[0].ram/mem_reg_6/CLKBWRCLK
Min Period        n/a     RAMB18E2/CLKARDCLK  n/a            1.569         3.300       1.731      RAMB18_X11Y30  core/acc_store/banks[2].parity[0].ram/mem_reg_7/CLKARDCLK
Min Period        n/a     RAMB18E2/CLKBWRCLK  n/a            1.569         3.300       1.731      RAMB18_X11Y30  core/acc_store/banks[2].parity[0].ram/mem_reg_7/CLKBWRCLK
Min Period        n/a     RAMB36E2/CLKARDCLK  n/a            1.569         3.300       1.731      RAMB36_X9Y7    core/acc_store/banks[2].parity[1].ram/mem_reg_0/CLKARDCLK
Min Period        n/a     RAMB36E2/CLKBWRCLK  n/a            1.569         3.300       1.731      RAMB36_X9Y7    core/acc_store/banks[2].parity[1].ram/mem_reg_0/CLKBWRCLK
Min Period        n/a     RAMB36E2/CLKARDCLK  n/a            1.569         3.300       1.731      RAMB36_X9Y8    core/acc_store/banks[2].parity[1].ram/mem_reg_1/CLKARDCLK
Min Period        n/a     RAMB36E2/CLKBWRCLK  n/a            1.569         3.300       1.731      RAMB36_X9Y8    core/acc_store/banks[2].parity[1].ram/mem_reg_1/CLKBWRCLK
Low Pulse Width   Slow    RAMB36E2/CLKARDCLK  n/a            0.542         1.650       1.108      RAMB36_X11Y11  core/acc_store/banks[2].parity[0].ram/mem_reg_0/CLKARDCLK
Low Pulse Width   Fast    RAMB36E2/CLKARDCLK  n/a            0.542         1.650       1.108      RAMB36_X11Y11  core/acc_store/banks[2].parity[0].ram/mem_reg_0/CLKARDCLK
Low Pulse Width   Slow    RAMB36E2/CLKBWRCLK  n/a            0.542         1.650       1.108      RAMB36_X11Y11  core/acc_store/banks[2].parity[0].ram/mem_reg_0/CLKBWRCLK
Low Pulse Width   Fast    RAMB36E2/CLKBWRCLK  n/a            0.542         1.650       1.108      RAMB36_X11Y11  core/acc_store/banks[2].parity[0].ram/mem_reg_0/CLKBWRCLK
Low Pulse Width   Slow    RAMB36E2/CLKARDCLK  n/a            0.542         1.650       1.108      RAMB36_X11Y7   core/acc_store/banks[2].parity[0].ram/mem_reg_1/CLKARDCLK
Low Pulse Width   Fast    RAMB36E2/CLKARDCLK  n/a            0.542         1.650       1.108      RAMB36_X11Y7   core/acc_store/banks[2].parity[0].ram/mem_reg_1/CLKARDCLK
Low Pulse Width   Slow    RAMB36E2/CLKBWRCLK  n/a            0.542         1.650       1.108      RAMB36_X11Y7   core/acc_store/banks[2].parity[0].ram/mem_reg_1/CLKBWRCLK
Low Pulse Width   Fast    RAMB36E2/CLKBWRCLK  n/a            0.542         1.650       1.108      RAMB36_X11Y7   core/acc_store/banks[2].parity[0].ram/mem_reg_1/CLKBWRCLK
Low Pulse Width   Slow    RAMB36E2/CLKARDCLK  n/a            0.542         1.650       1.108      RAMB36_X11Y8   core/acc_store/banks[2].parity[0].ram/mem_reg_2/CLKARDCLK
Low Pulse Width   Fast    RAMB36E2/CLKARDCLK  n/a            0.542         1.650       1.108      RAMB36_X11Y8   core/acc_store/banks[2].parity[0].ram/mem_reg_2/CLKARDCLK
Low Pulse Width   Slow    RAMB36E2/CLKBWRCLK  n/a            0.542         1.650       1.108      RAMB36_X11Y8   core/acc_store/banks[2].parity[0].ram/mem_reg_2/CLKBWRCLK
Low Pulse Width   Fast    RAMB36E2/CLKBWRCLK  n/a            0.542         1.650       1.108      RAMB36_X11Y8   core/acc_store/banks[2].parity[0].ram/mem_reg_2/CLKBWRCLK
Low Pulse Width   Slow    RAMB36E2/CLKARDCLK  n/a            0.542         1.650       1.108      RAMB36_X11Y9   core/acc_store/banks[2].parity[0].ram/mem_reg_3/CLKARDCLK
Low Pulse Width   Fast    RAMB36E2/CLKARDCLK  n/a            0.542         1.650       1.108      RAMB36_X11Y9   core/acc_store/banks[2].parity[0].ram/mem_reg_3/CLKARDCLK
Low Pulse Width   Slow    RAMB36E2/CLKBWRCLK  n/a            0.542         1.650       1.108      RAMB36_X11Y9   core/acc_store/banks[2].parity[0].ram/mem_reg_3/CLKBWRCLK
Low Pulse Width   Fast    RAMB36E2/CLKBWRCLK  n/a            0.542         1.650       1.108      RAMB36_X11Y9   core/acc_store/banks[2].parity[0].ram/mem_reg_3/CLKBWRCLK
Low Pulse Width   Slow    RAMB36E2/CLKARDCLK  n/a            0.542         1.650       1.108      RAMB36_X11Y12  core/acc_store/banks[2].parity[0].ram/mem_reg_4/CLKARDCLK
Low Pulse Width   Fast    RAMB36E2/CLKARDCLK  n/a            0.542         1.650       1.108      RAMB36_X11Y12  core/acc_store/banks[2].parity[0].ram/mem_reg_4/CLKARDCLK
Low Pulse Width   Slow    RAMB36E2/CLKBWRCLK  n/a            0.542         1.650       1.108      RAMB36_X11Y12  core/acc_store/banks[2].parity[0].ram/mem_reg_4/CLKBWRCLK
Low Pulse Width   Fast    RAMB36E2/CLKBWRCLK  n/a            0.542         1.650       1.108      RAMB36_X11Y12  core/acc_store/banks[2].parity[0].ram/mem_reg_4/CLKBWRCLK
High Pulse Width  Slow    RAMB36E2/CLKARDCLK  n/a            0.542         1.650       1.108      RAMB36_X11Y11  core/acc_store/banks[2].parity[0].ram/mem_reg_0/CLKARDCLK
High Pulse Width  Fast    RAMB36E2/CLKARDCLK  n/a            0.542         1.650       1.108      RAMB36_X11Y11  core/acc_store/banks[2].parity[0].ram/mem_reg_0/CLKARDCLK
High Pulse Width  Slow    RAMB36E2/CLKBWRCLK  n/a            0.542         1.650       1.108      RAMB36_X11Y11  core/acc_store/banks[2].parity[0].ram/mem_reg_0/CLKBWRCLK
High Pulse Width  Fast    RAMB36E2/CLKBWRCLK  n/a            0.542         1.650       1.108      RAMB36_X11Y11  core/acc_store/banks[2].parity[0].ram/mem_reg_0/CLKBWRCLK
High Pulse Width  Slow    RAMB36E2/CLKARDCLK  n/a            0.542         1.650       1.108      RAMB36_X11Y7   core/acc_store/banks[2].parity[0].ram/mem_reg_1/CLKARDCLK
High Pulse Width  Fast    RAMB36E2/CLKARDCLK  n/a            0.542         1.650       1.108      RAMB36_X11Y7   core/acc_store/banks[2].parity[0].ram/mem_reg_1/CLKARDCLK
High Pulse Width  Slow    RAMB36E2/CLKBWRCLK  n/a            0.542         1.650       1.108      RAMB36_X11Y7   core/acc_store/banks[2].parity[0].ram/mem_reg_1/CLKBWRCLK
High Pulse Width  Fast    RAMB36E2/CLKBWRCLK  n/a            0.542         1.650       1.108      RAMB36_X11Y7   core/acc_store/banks[2].parity[0].ram/mem_reg_1/CLKBWRCLK
High Pulse Width  Slow    RAMB36E2/CLKARDCLK  n/a            0.542         1.650       1.108      RAMB36_X11Y8   core/acc_store/banks[2].parity[0].ram/mem_reg_2/CLKARDCLK
High Pulse Width  Fast    RAMB36E2/CLKARDCLK  n/a            0.542         1.650       1.108      RAMB36_X11Y8   core/acc_store/banks[2].parity[0].ram/mem_reg_2/CLKARDCLK
High Pulse Width  Slow    RAMB36E2/CLKBWRCLK  n/a            0.542         1.650       1.108      RAMB36_X11Y8   core/acc_store/banks[2].parity[0].ram/mem_reg_2/CLKBWRCLK
High Pulse Width  Fast    RAMB36E2/CLKBWRCLK  n/a            0.542         1.650       1.108      RAMB36_X11Y8   core/acc_store/banks[2].parity[0].ram/mem_reg_2/CLKBWRCLK
High Pulse Width  Slow    RAMB36E2/CLKARDCLK  n/a            0.542         1.650       1.108      RAMB36_X11Y9   core/acc_store/banks[2].parity[0].ram/mem_reg_3/CLKARDCLK
High Pulse Width  Fast    RAMB36E2/CLKARDCLK  n/a            0.542         1.650       1.108      RAMB36_X11Y9   core/acc_store/banks[2].parity[0].ram/mem_reg_3/CLKARDCLK
High Pulse Width  Slow    RAMB36E2/CLKBWRCLK  n/a            0.542         1.650       1.108      RAMB36_X11Y9   core/acc_store/banks[2].parity[0].ram/mem_reg_3/CLKBWRCLK
High Pulse Width  Fast    RAMB36E2/CLKBWRCLK  n/a            0.542         1.650       1.108      RAMB36_X11Y9   core/acc_store/banks[2].parity[0].ram/mem_reg_3/CLKBWRCLK
High Pulse Width  Slow    RAMB36E2/CLKARDCLK  n/a            0.542         1.650       1.108      RAMB36_X11Y12  core/acc_store/banks[2].parity[0].ram/mem_reg_4/CLKARDCLK
High Pulse Width  Fast    RAMB36E2/CLKARDCLK  n/a            0.542         1.650       1.108      RAMB36_X11Y12  core/acc_store/banks[2].parity[0].ram/mem_reg_4/CLKARDCLK
High Pulse Width  Slow    RAMB36E2/CLKBWRCLK  n/a            0.542         1.650       1.108      RAMB36_X11Y12  core/acc_store/banks[2].parity[0].ram/mem_reg_4/CLKBWRCLK
High Pulse Width  Fast    RAMB36E2/CLKBWRCLK  n/a            0.542         1.650       1.108      RAMB36_X11Y12  core/acc_store/banks[2].parity[0].ram/mem_reg_4/CLKBWRCLK



