Copyright 1986-2022 Xilinx, Inc. All Rights Reserved.
-------------------------------------------------------------------------------------------------------------------------------------------------------------------
| Tool Version      : Vivado v.2022.2 (win64) Build 3671981 Fri Oct 14 05:00:03 MDT 2022
| Date              : Wed Sep 30 18:13:14 2026
| Host              : FLY running 64-bit major release  (build 9200)
| Command           : report_timing_summary -delay_type min_max -max_paths 20 -file C:/Users/fly04/Desktop/VLA/PCore_2.0/v3/reports/DEQACC_3.3ns/routed_timing.rpt
| Design            : DEQACC_3_3ns_timing_shell
| Device            : xcu50-fsvh2104
| Speed File        : -2  PRODUCTION 1.30 05-01-2022
| Temperature Grade : E
-------------------------------------------------------------------------------------------------------------------------------------------------------------------

Timing Summary Report

------------------------------------------------------------------------------------------------
| Timer Settings
| --------------
------------------------------------------------------------------------------------------------

  Enable Multi Corner Analysis               :  Yes
  Enable Pessimism Removal                   :  Yes
  Pessimism Removal Resolution               :  Nearest Common Node
  Enable Input Delay Default Clock           :  No
  Enable Preset / Clear Arcs                 :  No
  Disable Flight Delays                      :  No
  Ignore I/O Paths                           :  No
  Timing Early Launch at Borrowing Latches   :  No
  Borrow Time for Max Delay Exceptions       :  Yes
  Merge Timing Exceptions                    :  Yes

  Corner  Analyze    Analyze    
  Name    Max Paths  Min Paths  
  ------  ---------  ---------  
  Slow    Yes        Yes        
  Fast    Yes        Yes        


------------------------------------------------------------------------------------------------
| Report Methodology
| ------------------
------------------------------------------------------------------------------------------------

No report available as report_methodology has not been run prior. Run report_methodology on the current design for the summary of methodology violations.



check_timing report

Table of Contents
-----------------
1. checking no_clock (0)
2. checking constant_clock (0)
3. checking pulse_width_clock (0)
4. checking unconstrained_internal_endpoints (0)
5. checking no_input_delay (2258)
6. checking no_output_delay (1062)
7. checking multiple_clock (0)
8. checking generated_clocks (0)
9. checking loops (0)
10. checking partial_input_delay (0)
11. checking partial_output_delay (0)
12. checking latch_loops (0)

1. checking no_clock (0)
------------------------
 There are 0 register/latch pins with no clock.


2. checking constant_clock (0)
------------------------------
 There are 0 register/latch pins with constant_clock.


3. checking pulse_width_clock (0)
---------------------------------
 There are 0 register/latch pins which need pulse_width check


4. checking unconstrained_internal_endpoints (0)
------------------------------------------------
 There are 0 pins that are not constrained for maximum delay.

 There are 0 pins that are not constrained for maximum delay due to constant clock.


5. checking no_input_delay (2258)
---------------------------------
 There are 2258 input ports with no input delay specified. (HIGH)

 There are 0 input ports with no input delay but user has a false path constraint.


6. checking no_output_delay (1062)
----------------------------------
 There are 1062 ports with no output delay specified. (HIGH)

 There are 0 ports with no output delay but user has a false path constraint

 There are 0 ports with no output delay but with a timing clock defined on it or propagating through it


7. checking multiple_clock (0)
------------------------------
 There are 0 register/latch pins with multiple clocks.


8. checking generated_clocks (0)
--------------------------------
 There are 0 generated clocks that are not connected to a clock source.


9. checking loops (0)
---------------------
 There are 0 combinational loops in the design.


10. checking partial_input_delay (0)
------------------------------------
 There are 0 input ports with partial input delay specified.


11. checking partial_output_delay (0)
-------------------------------------
 There are 0 ports with partial output delay specified.


12. checking latch_loops (0)
----------------------------
 There are 0 combinational latch loops in the design through latch input



------------------------------------------------------------------------------------------------
| Design Timing Summary
| ---------------------
------------------------------------------------------------------------------------------------

    WNS(ns)      TNS(ns)  TNS Failing Endpoints  TNS Total Endpoints      WHS(ns)      THS(ns)  THS Failing Endpoints  THS Total Endpoints     WPWS(ns)     TPWS(ns)  TPWS Failing Endpoints  TPWS Total Endpoints  
    -------      -------  ---------------------  -------------------      -------      -------  ---------------------  -------------------     --------     --------  ----------------------  --------------------  
      0.458        0.000                      0                48444        0.019        0.000                      0                48444        1.458        0.000                       0                 28819  


All user specified timing constraints are met.


------------------------------------------------------------------------------------------------
| Clock Summary
| -------------
------------------------------------------------------------------------------------------------

Clock     Waveform(ns)         Period(ns)      Frequency(MHz)
-----     ------------         ----------      --------------
core_clk  {0.000 2.000}        4.000           250.000         


------------------------------------------------------------------------------------------------
| Intra Clock Table
| -----------------
------------------------------------------------------------------------------------------------

Clock             WNS(ns)      TNS(ns)  TNS Failing Endpoints  TNS Total Endpoints      WHS(ns)      THS(ns)  THS Failing Endpoints  THS Total Endpoints     WPWS(ns)     TPWS(ns)  TPWS Failing Endpoints  TPWS Total Endpoints  
-----             -------      -------  ---------------------  -------------------      -------      -------  ---------------------  -------------------     --------     --------  ----------------------  --------------------  
core_clk            0.458        0.000                      0                48444        0.019        0.000                      0                48444        1.458        0.000                       0                 28819  


------------------------------------------------------------------------------------------------
| Inter Clock Table
| -----------------
------------------------------------------------------------------------------------------------

From Clock    To Clock          WNS(ns)      TNS(ns)  TNS Failing Endpoints  TNS Total Endpoints      WHS(ns)      THS(ns)  THS Failing Endpoints  THS Total Endpoints  
----------    --------          -------      -------  ---------------------  -------------------      -------      -------  ---------------------  -------------------  


------------------------------------------------------------------------------------------------
| Other Path Groups Table
| -----------------------
------------------------------------------------------------------------------------------------

Path Group    From Clock    To Clock          WNS(ns)      TNS(ns)  TNS Failing Endpoints  TNS Total Endpoints      WHS(ns)      THS(ns)  THS Failing Endpoints  THS Total Endpoints  
----------    ----------    --------          -------      -------  ---------------------  -------------------      -------      -------  ---------------------  -------------------  


------------------------------------------------------------------------------------------------
| Timing Details
| --------------
------------------------------------------------------------------------------------------------


---------------------------------------------------------------------------------------------------
From Clock:  core_clk
  To Clock:  core_clk

Setup :            0  Failing Endpoints,  Worst Slack        0.458ns,  Total Violation        0.000ns
Hold  :            0  Failing Endpoints,  Worst Slack        0.019ns,  Total Violation        0.000ns
PW    :            0  Failing Endpoints,  Worst Slack        1.458ns,  Total Violation        0.000ns
---------------------------------------------------------------------------------------------------


Max Delay Paths
--------------------------------------------------------------------------------------
Slack (MET) :             0.458ns  (required time - arrival time)
  Source:                 core/acc_store/result_sel_q_reg[1]/C
                            (rising edge-triggered cell FDRE clocked by core_clk  {rise@0.000ns fall@2.000ns period=4.000ns})
  Destination:            result_even_data_reg[1][7]/D
                            (rising edge-triggered cell FDRE clocked by core_clk  {rise@0.000ns fall@2.000ns period=4.000ns})
  Path Group:             core_clk
  Path Type:              Setup (Max at Slow Process Corner)
  Requirement:            4.000ns  (core_clk rise@4.000ns - core_clk rise@0.000ns)
  Data Path Delay:        3.521ns  (logic 0.111ns (3.152%)  route 3.410ns (96.848%))
  Logic Levels:           1  (LUT5=1)
  Clock Path Skew:        -0.010ns (DCD - SCD + CPR)
    Destination Clock Delay (DCD):    0.020ns = ( 4.020 - 4.000 ) 
    Source Clock Delay      (SCD):    0.030ns
    Clock Pessimism Removal (CPR):    0.000ns
  Clock Uncertainty:      0.035ns  ((TSJ^2 + TIJ^2)^1/2 + DJ) / 2 + PE
    Total System Jitter     (TSJ):    0.071ns
    Total Input Jitter      (TIJ):    0.000ns
    Discrete Jitter          (DJ):    0.000ns
    Phase Error              (PE):    0.000ns

    Location             Delay type                Incr(ns)  Path(ns)    Netlist Resource(s)
  -------------------------------------------------------------------    -------------------
                         (clock core_clk rise edge)
                                                      0.000     0.000 r  
                                                      0.000     0.000 r  clk (IN)
                         net (fo=28818, unset)        0.030     0.030    core/acc_store/clk
    SLICE_X154Y62        FDRE                                         r  core/acc_store/result_sel_q_reg[1]/C
  -------------------------------------------------------------------    -------------------
    SLICE_X154Y62        FDRE (Prop_EFF_SLICEM_C_Q)
                                                      0.076     0.106 r  core/acc_store/result_sel_q_reg[1]/Q
                         net (fo=1024, routed)        3.359     3.465    core/acc_store/banks[2].parity[0].ram/result_even_data_reg[15][31][1]
    SLICE_X177Y54        LUT5 (Prop_F6LUT_SLICEL_I3_O)
                                                      0.035     3.500 r  core/acc_store/banks[2].parity[0].ram/result_even_data[1][7]_i_1/O
                         net (fo=1, routed)           0.051     3.551    even_i[1][7]
    SLICE_X177Y54        FDRE                                         r  result_even_data_reg[1][7]/D
  -------------------------------------------------------------------    -------------------

                         (clock core_clk rise edge)
                                                      4.000     4.000 r  
                                                      0.000     4.000 r  clk (IN)
                         net (fo=28818, unset)        0.020     4.020    clk
    SLICE_X177Y54        FDRE                                         r  result_even_data_reg[1][7]/C
                         clock pessimism              0.000     4.020    
                         clock uncertainty           -0.035     3.985    
    SLICE_X177Y54        FDRE (Setup_FFF_SLICEL_C_D)
                                                      0.025     4.010    result_even_data_reg[1][7]
  -------------------------------------------------------------------
                         required time                          4.010    
                         arrival time                          -3.551    
  -------------------------------------------------------------------
                         slack                                  0.458    

Slack (MET) :             0.470ns  (required time - arrival time)
  Source:                 core/context_q_reg[1][meta][add_old]/C
                            (rising edge-triggered cell FDRE clocked by core_clk  {rise@0.000ns fall@2.000ns period=4.000ns})
  Destination:            core/acc_store/banks[1].parity[0].ram/data_q_reg[201]/CE
                            (rising edge-triggered cell FDRE clocked by core_clk  {rise@0.000ns fall@2.000ns period=4.000ns})
  Path Group:             core_clk
  Path Type:              Setup (Max at Slow Process Corner)
  Requirement:            4.000ns  (core_clk rise@4.000ns - core_clk rise@0.000ns)
  Data Path Delay:        3.425ns  (logic 0.368ns (10.746%)  route 3.057ns (89.254%))
  Logic Levels:           6  (LUT2=3 LUT5=1 LUT6=2)
  Clock Path Skew:        -0.009ns (DCD - SCD + CPR)
    Destination Clock Delay (DCD):    0.021ns = ( 4.021 - 4.000 ) 
    Source Clock Delay      (SCD):    0.030ns
    Clock Pessimism Removal (CPR):    0.000ns
  Clock Uncertainty:      0.035ns  ((TSJ^2 + TIJ^2)^1/2 + DJ) / 2 + PE
    Total System Jitter     (TSJ):    0.071ns
    Total Input Jitter      (TIJ):    0.000ns
    Discrete Jitter          (DJ):    0.000ns
    Phase Error              (PE):    0.000ns

    Location             Delay type                Incr(ns)  Path(ns)    Netlist Resource(s)
  -------------------------------------------------------------------    -------------------
                         (clock core_clk rise edge)
                                                      0.000     0.000 r  
                                                      0.000     0.000 r  clk (IN)
                         net (fo=28818, unset)        0.030     0.030    core/clk
    SLICE_X150Y62        FDRE                                         r  core/context_q_reg[1][meta][add_old]/C
  -------------------------------------------------------------------    -------------------
    SLICE_X150Y62        FDRE (Prop_EFF_SLICEM_C_Q)
                                                      0.076     0.106 f  core/context_q_reg[1][meta][add_old]/Q
                         net (fo=3, routed)           0.355     0.461    core/acc_store/banks[1].parity[1].ram/context_q_reg[1][meta][add_old]__0
    SLICE_X151Y74        LUT2 (Prop_G6LUT_SLICEL_I1_O)
                                                      0.035     0.496 f  core/acc_store/banks[1].parity[1].ram/rd_sel_q[1]_i_1/O
                         net (fo=101, routed)         0.482     0.978    core/acc_store/banks[1].parity[1].ram/rd_valid
    SLICE_X155Y62        LUT5 (Prop_D5LUT_SLICEL_I0_O)
                                                      0.066     1.044 f  core/acc_store/banks[1].parity[1].ram/result_rd_ready_i_3/O
                         net (fo=1, routed)           0.159     1.203    core/acc_store/banks[1].parity[1].ram/result_rd_ready220_out
    SLICE_X155Y62        LUT6 (Prop_G6LUT_SLICEL_I3_O)
                                                      0.035     1.238 r  core/acc_store/banks[1].parity[1].ram/result_rd_ready_i_1/O
                         net (fo=2, routed)           0.091     1.329    core/acc_store/banks[1].parity[1].ram/rd_ready_i
    SLICE_X155Y62        LUT2 (Prop_C6LUT_SLICEL_I1_O)
                                                      0.050     1.379 r  core/acc_store/banks[1].parity[1].ram/result_sel_q[1]_i_1/O
                         net (fo=6, routed)           0.297     1.676    core/acc_store/banks[1].parity[1].ram/p_25_in
    SLICE_X154Y62        LUT6 (Prop_H6LUT_SLICEM_I5_O)
                                                      0.053     1.729 r  core/acc_store/banks[1].parity[1].ram/data_q[511]_i_2__2/O
                         net (fo=4, routed)           0.822     2.551    core/acc_store/banks[1].parity[0].ram/rd_en00_out
    SLICE_X184Y62        LUT2 (Prop_H6LUT_SLICEM_I0_O)
                                                      0.053     2.604 r  core/acc_store/banks[1].parity[0].ram/data_q[511]_i_1__1/O
                         net (fo=512, routed)         0.851     3.455    core/acc_store/banks[1].parity[0].ram/data_q0
    SLICE_X194Y41        FDRE                                         r  core/acc_store/banks[1].parity[0].ram/data_q_reg[201]/CE
  -------------------------------------------------------------------    -------------------

                         (clock core_clk rise edge)
                                                      4.000     4.000 r  
                                                      0.000     4.000 r  clk (IN)
                         net (fo=28818, unset)        0.021     4.021    core/acc_store/banks[1].parity[0].ram/clk
    SLICE_X194Y41        FDRE                                         r  core/acc_store/banks[1].parity[0].ram/data_q_reg[201]/C
                         clock pessimism              0.000     4.021    
                         clock uncertainty           -0.035     3.986    
    SLICE_X194Y41        FDRE (Setup_EFF2_SLICEM_C_CE)
                                                     -0.061     3.925    core/acc_store/banks[1].parity[0].ram/data_q_reg[201]
  -------------------------------------------------------------------
                         required time                          3.925    
                         arrival time                          -3.455    
  -------------------------------------------------------------------
                         slack                                  0.470    

Slack (MET) :             0.470ns  (required time - arrival time)
  Source:                 core/context_q_reg[1][meta][add_old]/C
                            (rising edge-triggered cell FDRE clocked by core_clk  {rise@0.000ns fall@2.000ns period=4.000ns})
  Destination:            core/acc_store/banks[1].parity[0].ram/data_q_reg[209]/CE
                            (rising edge-triggered cell FDRE clocked by core_clk  {rise@0.000ns fall@2.000ns period=4.000ns})
  Path Group:             core_clk
  Path Type:              Setup (Max at Slow Process Corner)
  Requirement:            4.000ns  (core_clk rise@4.000ns - core_clk rise@0.000ns)
  Data Path Delay:        3.425ns  (logic 0.368ns (10.746%)  route 3.057ns (89.254%))
  Logic Levels:           6  (LUT2=3 LUT5=1 LUT6=2)
  Clock Path Skew:        -0.009ns (DCD - SCD + CPR)
    Destination Clock Delay (DCD):    0.021ns = ( 4.021 - 4.000 ) 
    Source Clock Delay      (SCD):    0.030ns
    Clock Pessimism Removal (CPR):    0.000ns
  Clock Uncertainty:      0.035ns  ((TSJ^2 + TIJ^2)^1/2 + DJ) / 2 + PE
    Total System Jitter     (TSJ):    0.071ns
    Total Input Jitter      (TIJ):    0.000ns
    Discrete Jitter          (DJ):    0.000ns
    Phase Error              (PE):    0.000ns

    Location             Delay type                Incr(ns)  Path(ns)    Netlist Resource(s)
  -------------------------------------------------------------------    -------------------
                         (clock core_clk rise edge)
                                                      0.000     0.000 r  
                                                      0.000     0.000 r  clk (IN)
                         net (fo=28818, unset)        0.030     0.030    core/clk
    SLICE_X150Y62        FDRE                                         r  core/context_q_reg[1][meta][add_old]/C
  -------------------------------------------------------------------    -------------------
    SLICE_X150Y62        FDRE (Prop_EFF_SLICEM_C_Q)
                                                      0.076     0.106 f  core/context_q_reg[1][meta][add_old]/Q
                         net (fo=3, routed)           0.355     0.461    core/acc_store/banks[1].parity[1].ram/context_q_reg[1][meta][add_old]__0
    SLICE_X151Y74        LUT2 (Prop_G6LUT_SLICEL_I1_O)
                                                      0.035     0.496 f  core/acc_store/banks[1].parity[1].ram/rd_sel_q[1]_i_1/O
                         net (fo=101, routed)         0.482     0.978    core/acc_store/banks[1].parity[1].ram/rd_valid
    SLICE_X155Y62        LUT5 (Prop_D5LUT_SLICEL_I0_O)
                                                      0.066     1.044 f  core/acc_store/banks[1].parity[1].ram/result_rd_ready_i_3/O
                         net (fo=1, routed)           0.159     1.203    core/acc_store/banks[1].parity[1].ram/result_rd_ready220_out
    SLICE_X155Y62        LUT6 (Prop_G6LUT_SLICEL_I3_O)
                                                      0.035     1.238 r  core/acc_store/banks[1].parity[1].ram/result_rd_ready_i_1/O
                         net (fo=2, routed)           0.091     1.329    core/acc_store/banks[1].parity[1].ram/rd_ready_i
    SLICE_X155Y62        LUT2 (Prop_C6LUT_SLICEL_I1_O)
                                                      0.050     1.379 r  core/acc_store/banks[1].parity[1].ram/result_sel_q[1]_i_1/O
                         net (fo=6, routed)           0.297     1.676    core/acc_store/banks[1].parity[1].ram/p_25_in
    SLICE_X154Y62        LUT6 (Prop_H6LUT_SLICEM_I5_O)
                                                      0.053     1.729 r  core/acc_store/banks[1].parity[1].ram/data_q[511]_i_2__2/O
                         net (fo=4, routed)           0.822     2.551    core/acc_store/banks[1].parity[0].ram/rd_en00_out
    SLICE_X184Y62        LUT2 (Prop_H6LUT_SLICEM_I0_O)
                                                      0.053     2.604 r  core/acc_store/banks[1].parity[0].ram/data_q[511]_i_1__1/O
                         net (fo=512, routed)         0.851     3.455    core/acc_store/banks[1].parity[0].ram/data_q0
    SLICE_X194Y41        FDRE                                         r  core/acc_store/banks[1].parity[0].ram/data_q_reg[209]/CE
  -------------------------------------------------------------------    -------------------

                         (clock core_clk rise edge)
                                                      4.000     4.000 r  
                                                      0.000     4.000 r  clk (IN)
                         net (fo=28818, unset)        0.021     4.021    core/acc_store/banks[1].parity[0].ram/clk
    SLICE_X194Y41        FDRE                                         r  core/acc_store/banks[1].parity[0].ram/data_q_reg[209]/C
                         clock pessimism              0.000     4.021    
                         clock uncertainty           -0.035     3.986    
    SLICE_X194Y41        FDRE (Setup_FFF2_SLICEM_C_CE)
                                                     -0.061     3.925    core/acc_store/banks[1].parity[0].ram/data_q_reg[209]
  -------------------------------------------------------------------
                         required time                          3.925    
                         arrival time                          -3.455    
  -------------------------------------------------------------------
                         slack                                  0.470    

Slack (MET) :             0.472ns  (required time - arrival time)
  Source:                 core/context_q_reg[1][meta][add_old]/C
                            (rising edge-triggered cell FDRE clocked by core_clk  {rise@0.000ns fall@2.000ns period=4.000ns})
  Destination:            core/acc_store/banks[1].parity[0].ram/data_q_reg[200]/CE
                            (rising edge-triggered cell FDRE clocked by core_clk  {rise@0.000ns fall@2.000ns period=4.000ns})
  Path Group:             core_clk
  Path Type:              Setup (Max at Slow Process Corner)
  Requirement:            4.000ns  (core_clk rise@4.000ns - core_clk rise@0.000ns)
  Data Path Delay:        3.423ns  (logic 0.368ns (10.752%)  route 3.055ns (89.248%))
  Logic Levels:           6  (LUT2=3 LUT5=1 LUT6=2)
  Clock Path Skew:        -0.009ns (DCD - SCD + CPR)
    Destination Clock Delay (DCD):    0.021ns = ( 4.021 - 4.000 ) 
    Source Clock Delay      (SCD):    0.030ns
    Clock Pessimism Removal (CPR):    0.000ns
  Clock Uncertainty:      0.035ns  ((TSJ^2 + TIJ^2)^1/2 + DJ) / 2 + PE
    Total System Jitter     (TSJ):    0.071ns
    Total Input Jitter      (TIJ):    0.000ns
    Discrete Jitter          (DJ):    0.000ns
    Phase Error              (PE):    0.000ns

    Location             Delay type                Incr(ns)  Path(ns)    Netlist Resource(s)
  -------------------------------------------------------------------    -------------------
                         (clock core_clk rise edge)
                                                      0.000     0.000 r  
                                                      0.000     0.000 r  clk (IN)
                         net (fo=28818, unset)        0.030     0.030    core/clk
    SLICE_X150Y62        FDRE                                         r  core/context_q_reg[1][meta][add_old]/C
  -------------------------------------------------------------------    -------------------
    SLICE_X150Y62        FDRE (Prop_EFF_SLICEM_C_Q)
                                                      0.076     0.106 f  core/context_q_reg[1][meta][add_old]/Q
                         net (fo=3, routed)           0.355     0.461    core/acc_store/banks[1].parity[1].ram/context_q_reg[1][meta][add_old]__0
    SLICE_X151Y74        LUT2 (Prop_G6LUT_SLICEL_I1_O)
                                                      0.035     0.496 f  core/acc_store/banks[1].parity[1].ram/rd_sel_q[1]_i_1/O
                         net (fo=101, routed)         0.482     0.978    core/acc_store/banks[1].parity[1].ram/rd_valid
    SLICE_X155Y62        LUT5 (Prop_D5LUT_SLICEL_I0_O)
                                                      0.066     1.044 f  core/acc_store/banks[1].parity[1].ram/result_rd_ready_i_3/O
                         net (fo=1, routed)           0.159     1.203    core/acc_store/banks[1].parity[1].ram/result_rd_ready220_out
    SLICE_X155Y62        LUT6 (Prop_G6LUT_SLICEL_I3_O)
                                                      0.035     1.238 r  core/acc_store/banks[1].parity[1].ram/result_rd_ready_i_1/O
                         net (fo=2, routed)           0.091     1.329    core/acc_store/banks[1].parity[1].ram/rd_ready_i
    SLICE_X155Y62        LUT2 (Prop_C6LUT_SLICEL_I1_O)
                                                      0.050     1.379 r  core/acc_store/banks[1].parity[1].ram/result_sel_q[1]_i_1/O
                         net (fo=6, routed)           0.297     1.676    core/acc_store/banks[1].parity[1].ram/p_25_in
    SLICE_X154Y62        LUT6 (Prop_H6LUT_SLICEM_I5_O)
                                                      0.053     1.729 r  core/acc_store/banks[1].parity[1].ram/data_q[511]_i_2__2/O
                         net (fo=4, routed)           0.822     2.551    core/acc_store/banks[1].parity[0].ram/rd_en00_out
    SLICE_X184Y62        LUT2 (Prop_H6LUT_SLICEM_I0_O)
                                                      0.053     2.604 r  core/acc_store/banks[1].parity[0].ram/data_q[511]_i_1__1/O
                         net (fo=512, routed)         0.849     3.453    core/acc_store/banks[1].parity[0].ram/data_q0
    SLICE_X194Y41        FDRE                                         r  core/acc_store/banks[1].parity[0].ram/data_q_reg[200]/CE
  -------------------------------------------------------------------    -------------------

                         (clock core_clk rise edge)
                                                      4.000     4.000 r  
                                                      0.000     4.000 r  clk (IN)
                         net (fo=28818, unset)        0.021     4.021    core/acc_store/banks[1].parity[0].ram/clk
    SLICE_X194Y41        FDRE                                         r  core/acc_store/banks[1].parity[0].ram/data_q_reg[200]/C
                         clock pessimism              0.000     4.021    
                         clock uncertainty           -0.035     3.986    
    SLICE_X194Y41        FDRE (Setup_EFF_SLICEM_C_CE)
                                                     -0.061     3.925    core/acc_store/banks[1].parity[0].ram/data_q_reg[200]
  -------------------------------------------------------------------
                         required time                          3.925    
                         arrival time                          -3.453    
  -------------------------------------------------------------------
                         slack                                  0.472    

Slack (MET) :             0.472ns  (required time - arrival time)
  Source:                 core/context_q_reg[1][meta][add_old]/C
                            (rising edge-triggered cell FDRE clocked by core_clk  {rise@0.000ns fall@2.000ns period=4.000ns})
  Destination:            core/acc_store/banks[1].parity[0].ram/data_q_reg[202]/CE
                            (rising edge-triggered cell FDRE clocked by core_clk  {rise@0.000ns fall@2.000ns period=4.000ns})
  Path Group:             core_clk
  Path Type:              Setup (Max at Slow Process Corner)
  Requirement:            4.000ns  (core_clk rise@4.000ns - core_clk rise@0.000ns)
  Data Path Delay:        3.423ns  (logic 0.368ns (10.752%)  route 3.055ns (89.248%))
  Logic Levels:           6  (LUT2=3 LUT5=1 LUT6=2)
  Clock Path Skew:        -0.009ns (DCD - SCD + CPR)
    Destination Clock Delay (DCD):    0.021ns = ( 4.021 - 4.000 ) 
    Source Clock Delay      (SCD):    0.030ns
    Clock Pessimism Removal (CPR):    0.000ns
  Clock Uncertainty:      0.035ns  ((TSJ^2 + TIJ^2)^1/2 + DJ) / 2 + PE
    Total System Jitter     (TSJ):    0.071ns
    Total Input Jitter      (TIJ):    0.000ns
    Discrete Jitter          (DJ):    0.000ns
    Phase Error              (PE):    0.000ns

    Location             Delay type                Incr(ns)  Path(ns)    Netlist Resource(s)
  -------------------------------------------------------------------    -------------------
                         (clock core_clk rise edge)
                                                      0.000     0.000 r  
                                                      0.000     0.000 r  clk (IN)
                         net (fo=28818, unset)        0.030     0.030    core/clk
    SLICE_X150Y62        FDRE                                         r  core/context_q_reg[1][meta][add_old]/C
  -------------------------------------------------------------------    -------------------
    SLICE_X150Y62        FDRE (Prop_EFF_SLICEM_C_Q)
                                                      0.076     0.106 f  core/context_q_reg[1][meta][add_old]/Q
                         net (fo=3, routed)           0.355     0.461    core/acc_store/banks[1].parity[1].ram/context_q_reg[1][meta][add_old]__0
    SLICE_X151Y74        LUT2 (Prop_G6LUT_SLICEL_I1_O)
                                                      0.035     0.496 f  core/acc_store/banks[1].parity[1].ram/rd_sel_q[1]_i_1/O
                         net (fo=101, routed)         0.482     0.978    core/acc_store/banks[1].parity[1].ram/rd_valid
    SLICE_X155Y62        LUT5 (Prop_D5LUT_SLICEL_I0_O)
                                                      0.066     1.044 f  core/acc_store/banks[1].parity[1].ram/result_rd_ready_i_3/O
                         net (fo=1, routed)           0.159     1.203    core/acc_store/banks[1].parity[1].ram/result_rd_ready220_out
    SLICE_X155Y62        LUT6 (Prop_G6LUT_SLICEL_I3_O)
                                                      0.035     1.238 r  core/acc_store/banks[1].parity[1].ram/result_rd_ready_i_1/O
                         net (fo=2, routed)           0.091     1.329    core/acc_store/banks[1].parity[1].ram/rd_ready_i
    SLICE_X155Y62        LUT2 (Prop_C6LUT_SLICEL_I1_O)
                                                      0.050     1.379 r  core/acc_store/banks[1].parity[1].ram/result_sel_q[1]_i_1/O
                         net (fo=6, routed)           0.297     1.676    core/acc_store/banks[1].parity[1].ram/p_25_in
    SLICE_X154Y62        LUT6 (Prop_H6LUT_SLICEM_I5_O)
                                                      0.053     1.729 r  core/acc_store/banks[1].parity[1].ram/data_q[511]_i_2__2/O
                         net (fo=4, routed)           0.822     2.551    core/acc_store/banks[1].parity[0].ram/rd_en00_out
    SLICE_X184Y62        LUT2 (Prop_H6LUT_SLICEM_I0_O)
                                                      0.053     2.604 r  core/acc_store/banks[1].parity[0].ram/data_q[511]_i_1__1/O
                         net (fo=512, routed)         0.849     3.453    core/acc_store/banks[1].parity[0].ram/data_q0
    SLICE_X194Y41        FDRE                                         r  core/acc_store/banks[1].parity[0].ram/data_q_reg[202]/CE
  -------------------------------------------------------------------    -------------------

                         (clock core_clk rise edge)
                                                      4.000     4.000 r  
                                                      0.000     4.000 r  clk (IN)
                         net (fo=28818, unset)        0.021     4.021    core/acc_store/banks[1].parity[0].ram/clk
    SLICE_X194Y41        FDRE                                         r  core/acc_store/banks[1].parity[0].ram/data_q_reg[202]/C
                         clock pessimism              0.000     4.021    
                         clock uncertainty           -0.035     3.986    
    SLICE_X194Y41        FDRE (Setup_FFF_SLICEM_C_CE)
                                                     -0.061     3.925    core/acc_store/banks[1].parity[0].ram/data_q_reg[202]
  -------------------------------------------------------------------
                         required time                          3.925    
                         arrival time                          -3.453    
  -------------------------------------------------------------------
                         slack                                  0.472    

Slack (MET) :             0.486ns  (required time - arrival time)
  Source:                 core/context_q_reg[1][meta][add_old]/C
                            (rising edge-triggered cell FDRE clocked by core_clk  {rise@0.000ns fall@2.000ns period=4.000ns})
  Destination:            core/acc_store/banks[1].parity[0].ram/data_q_reg[214]/CE
                            (rising edge-triggered cell FDRE clocked by core_clk  {rise@0.000ns fall@2.000ns period=4.000ns})
  Path Group:             core_clk
  Path Type:              Setup (Max at Slow Process Corner)
  Requirement:            4.000ns  (core_clk rise@4.000ns - core_clk rise@0.000ns)
  Data Path Delay:        3.408ns  (logic 0.368ns (10.797%)  route 3.040ns (89.203%))
  Logic Levels:           6  (LUT2=3 LUT5=1 LUT6=2)
  Clock Path Skew:        -0.009ns (DCD - SCD + CPR)
    Destination Clock Delay (DCD):    0.021ns = ( 4.021 - 4.000 ) 
    Source Clock Delay      (SCD):    0.030ns
    Clock Pessimism Removal (CPR):    0.000ns
  Clock Uncertainty:      0.035ns  ((TSJ^2 + TIJ^2)^1/2 + DJ) / 2 + PE
    Total System Jitter     (TSJ):    0.071ns
    Total Input Jitter      (TIJ):    0.000ns
    Discrete Jitter          (DJ):    0.000ns
    Phase Error              (PE):    0.000ns

    Location             Delay type                Incr(ns)  Path(ns)    Netlist Resource(s)
  -------------------------------------------------------------------    -------------------
                         (clock core_clk rise edge)
                                                      0.000     0.000 r  
                                                      0.000     0.000 r  clk (IN)
                         net (fo=28818, unset)        0.030     0.030    core/clk
    SLICE_X150Y62        FDRE                                         r  core/context_q_reg[1][meta][add_old]/C
  -------------------------------------------------------------------    -------------------
    SLICE_X150Y62        FDRE (Prop_EFF_SLICEM_C_Q)
                                                      0.076     0.106 f  core/context_q_reg[1][meta][add_old]/Q
                         net (fo=3, routed)           0.355     0.461    core/acc_store/banks[1].parity[1].ram/context_q_reg[1][meta][add_old]__0
    SLICE_X151Y74        LUT2 (Prop_G6LUT_SLICEL_I1_O)
                                                      0.035     0.496 f  core/acc_store/banks[1].parity[1].ram/rd_sel_q[1]_i_1/O
                         net (fo=101, routed)         0.482     0.978    core/acc_store/banks[1].parity[1].ram/rd_valid
    SLICE_X155Y62        LUT5 (Prop_D5LUT_SLICEL_I0_O)
                                                      0.066     1.044 f  core/acc_store/banks[1].parity[1].ram/result_rd_ready_i_3/O
                         net (fo=1, routed)           0.159     1.203    core/acc_store/banks[1].parity[1].ram/result_rd_ready220_out
    SLICE_X155Y62        LUT6 (Prop_G6LUT_SLICEL_I3_O)
                                                      0.035     1.238 r  core/acc_store/banks[1].parity[1].ram/result_rd_ready_i_1/O
                         net (fo=2, routed)           0.091     1.329    core/acc_store/banks[1].parity[1].ram/rd_ready_i
    SLICE_X155Y62        LUT2 (Prop_C6LUT_SLICEL_I1_O)
                                                      0.050     1.379 r  core/acc_store/banks[1].parity[1].ram/result_sel_q[1]_i_1/O
                         net (fo=6, routed)           0.297     1.676    core/acc_store/banks[1].parity[1].ram/p_25_in
    SLICE_X154Y62        LUT6 (Prop_H6LUT_SLICEM_I5_O)
                                                      0.053     1.729 r  core/acc_store/banks[1].parity[1].ram/data_q[511]_i_2__2/O
                         net (fo=4, routed)           0.822     2.551    core/acc_store/banks[1].parity[0].ram/rd_en00_out
    SLICE_X184Y62        LUT2 (Prop_H6LUT_SLICEM_I0_O)
                                                      0.053     2.604 r  core/acc_store/banks[1].parity[0].ram/data_q[511]_i_1__1/O
                         net (fo=512, routed)         0.834     3.438    core/acc_store/banks[1].parity[0].ram/data_q0
    SLICE_X197Y47        FDRE                                         r  core/acc_store/banks[1].parity[0].ram/data_q_reg[214]/CE
  -------------------------------------------------------------------    -------------------

                         (clock core_clk rise edge)
                                                      4.000     4.000 r  
                                                      0.000     4.000 r  clk (IN)
                         net (fo=28818, unset)        0.021     4.021    core/acc_store/banks[1].parity[0].ram/clk
    SLICE_X197Y47        FDRE                                         r  core/acc_store/banks[1].parity[0].ram/data_q_reg[214]/C
                         clock pessimism              0.000     4.021    
                         clock uncertainty           -0.035     3.986    
    SLICE_X197Y47        FDRE (Setup_HFF2_SLICEM_C_CE)
                                                     -0.061     3.925    core/acc_store/banks[1].parity[0].ram/data_q_reg[214]
  -------------------------------------------------------------------
                         required time                          3.925    
                         arrival time                          -3.438    
  -------------------------------------------------------------------
                         slack                                  0.486    

Slack (MET) :             0.486ns  (required time - arrival time)
  Source:                 core/context_q_reg[1][meta][add_old]/C
                            (rising edge-triggered cell FDRE clocked by core_clk  {rise@0.000ns fall@2.000ns period=4.000ns})
  Destination:            core/acc_store/banks[1].parity[0].ram/data_q_reg[240]/CE
                            (rising edge-triggered cell FDRE clocked by core_clk  {rise@0.000ns fall@2.000ns period=4.000ns})
  Path Group:             core_clk
  Path Type:              Setup (Max at Slow Process Corner)
  Requirement:            4.000ns  (core_clk rise@4.000ns - core_clk rise@0.000ns)
  Data Path Delay:        3.408ns  (logic 0.368ns (10.797%)  route 3.040ns (89.203%))
  Logic Levels:           6  (LUT2=3 LUT5=1 LUT6=2)
  Clock Path Skew:        -0.010ns (DCD - SCD + CPR)
    Destination Clock Delay (DCD):    0.020ns = ( 4.020 - 4.000 ) 
    Source Clock Delay      (SCD):    0.030ns
    Clock Pessimism Removal (CPR):    0.000ns
  Clock Uncertainty:      0.035ns  ((TSJ^2 + TIJ^2)^1/2 + DJ) / 2 + PE
    Total System Jitter     (TSJ):    0.071ns
    Total Input Jitter      (TIJ):    0.000ns
    Discrete Jitter          (DJ):    0.000ns
    Phase Error              (PE):    0.000ns

    Location             Delay type                Incr(ns)  Path(ns)    Netlist Resource(s)
  -------------------------------------------------------------------    -------------------
                         (clock core_clk rise edge)
                                                      0.000     0.000 r  
                                                      0.000     0.000 r  clk (IN)
                         net (fo=28818, unset)        0.030     0.030    core/clk
    SLICE_X150Y62        FDRE                                         r  core/context_q_reg[1][meta][add_old]/C
  -------------------------------------------------------------------    -------------------
    SLICE_X150Y62        FDRE (Prop_EFF_SLICEM_C_Q)
                                                      0.076     0.106 f  core/context_q_reg[1][meta][add_old]/Q
                         net (fo=3, routed)           0.355     0.461    core/acc_store/banks[1].parity[1].ram/context_q_reg[1][meta][add_old]__0
    SLICE_X151Y74        LUT2 (Prop_G6LUT_SLICEL_I1_O)
                                                      0.035     0.496 f  core/acc_store/banks[1].parity[1].ram/rd_sel_q[1]_i_1/O
                         net (fo=101, routed)         0.482     0.978    core/acc_store/banks[1].parity[1].ram/rd_valid
    SLICE_X155Y62        LUT5 (Prop_D5LUT_SLICEL_I0_O)
                                                      0.066     1.044 f  core/acc_store/banks[1].parity[1].ram/result_rd_ready_i_3/O
                         net (fo=1, routed)           0.159     1.203    core/acc_store/banks[1].parity[1].ram/result_rd_ready220_out
    SLICE_X155Y62        LUT6 (Prop_G6LUT_SLICEL_I3_O)
                                                      0.035     1.238 r  core/acc_store/banks[1].parity[1].ram/result_rd_ready_i_1/O
                         net (fo=2, routed)           0.091     1.329    core/acc_store/banks[1].parity[1].ram/rd_ready_i
    SLICE_X155Y62        LUT2 (Prop_C6LUT_SLICEL_I1_O)
                                                      0.050     1.379 r  core/acc_store/banks[1].parity[1].ram/result_sel_q[1]_i_1/O
                         net (fo=6, routed)           0.297     1.676    core/acc_store/banks[1].parity[1].ram/p_25_in
    SLICE_X154Y62        LUT6 (Prop_H6LUT_SLICEM_I5_O)
                                                      0.053     1.729 r  core/acc_store/banks[1].parity[1].ram/data_q[511]_i_2__2/O
                         net (fo=4, routed)           0.822     2.551    core/acc_store/banks[1].parity[0].ram/rd_en00_out
    SLICE_X184Y62        LUT2 (Prop_H6LUT_SLICEM_I0_O)
                                                      0.053     2.604 r  core/acc_store/banks[1].parity[0].ram/data_q[511]_i_1__1/O
                         net (fo=512, routed)         0.834     3.438    core/acc_store/banks[1].parity[0].ram/data_q0
    SLICE_X198Y47        FDRE                                         r  core/acc_store/banks[1].parity[0].ram/data_q_reg[240]/CE
  -------------------------------------------------------------------    -------------------

                         (clock core_clk rise edge)
                                                      4.000     4.000 r  
                                                      0.000     4.000 r  clk (IN)
                         net (fo=28818, unset)        0.020     4.020    core/acc_store/banks[1].parity[0].ram/clk
    SLICE_X198Y47        FDRE                                         r  core/acc_store/banks[1].parity[0].ram/data_q_reg[240]/C
                         clock pessimism              0.000     4.020    
                         clock uncertainty           -0.035     3.985    
    SLICE_X198Y47        FDRE (Setup_EFF2_SLICEL_C_CE)
                                                     -0.060     3.925    core/acc_store/banks[1].parity[0].ram/data_q_reg[240]
  -------------------------------------------------------------------
                         required time                          3.925    
                         arrival time                          -3.438    
  -------------------------------------------------------------------
                         slack                                  0.486    

Slack (MET) :             0.486ns  (required time - arrival time)
  Source:                 core/context_q_reg[1][meta][add_old]/C
                            (rising edge-triggered cell FDRE clocked by core_clk  {rise@0.000ns fall@2.000ns period=4.000ns})
  Destination:            core/acc_store/banks[1].parity[0].ram/data_q_reg[244]/CE
                            (rising edge-triggered cell FDRE clocked by core_clk  {rise@0.000ns fall@2.000ns period=4.000ns})
  Path Group:             core_clk
  Path Type:              Setup (Max at Slow Process Corner)
  Requirement:            4.000ns  (core_clk rise@4.000ns - core_clk rise@0.000ns)
  Data Path Delay:        3.408ns  (logic 0.368ns (10.797%)  route 3.040ns (89.203%))
  Logic Levels:           6  (LUT2=3 LUT5=1 LUT6=2)
  Clock Path Skew:        -0.009ns (DCD - SCD + CPR)
    Destination Clock Delay (DCD):    0.021ns = ( 4.021 - 4.000 ) 
    Source Clock Delay      (SCD):    0.030ns
    Clock Pessimism Removal (CPR):    0.000ns
  Clock Uncertainty:      0.035ns  ((TSJ^2 + TIJ^2)^1/2 + DJ) / 2 + PE
    Total System Jitter     (TSJ):    0.071ns
    Total Input Jitter      (TIJ):    0.000ns
    Discrete Jitter          (DJ):    0.000ns
    Phase Error              (PE):    0.000ns

    Location             Delay type                Incr(ns)  Path(ns)    Netlist Resource(s)
  -------------------------------------------------------------------    -------------------
                         (clock core_clk rise edge)
                                                      0.000     0.000 r  
                                                      0.000     0.000 r  clk (IN)
                         net (fo=28818, unset)        0.030     0.030    core/clk
    SLICE_X150Y62        FDRE                                         r  core/context_q_reg[1][meta][add_old]/C
  -------------------------------------------------------------------    -------------------
    SLICE_X150Y62        FDRE (Prop_EFF_SLICEM_C_Q)
                                                      0.076     0.106 f  core/context_q_reg[1][meta][add_old]/Q
                         net (fo=3, routed)           0.355     0.461    core/acc_store/banks[1].parity[1].ram/context_q_reg[1][meta][add_old]__0
    SLICE_X151Y74        LUT2 (Prop_G6LUT_SLICEL_I1_O)
                                                      0.035     0.496 f  core/acc_store/banks[1].parity[1].ram/rd_sel_q[1]_i_1/O
                         net (fo=101, routed)         0.482     0.978    core/acc_store/banks[1].parity[1].ram/rd_valid
    SLICE_X155Y62        LUT5 (Prop_D5LUT_SLICEL_I0_O)
                                                      0.066     1.044 f  core/acc_store/banks[1].parity[1].ram/result_rd_ready_i_3/O
                         net (fo=1, routed)           0.159     1.203    core/acc_store/banks[1].parity[1].ram/result_rd_ready220_out
    SLICE_X155Y62        LUT6 (Prop_G6LUT_SLICEL_I3_O)
                                                      0.035     1.238 r  core/acc_store/banks[1].parity[1].ram/result_rd_ready_i_1/O
                         net (fo=2, routed)           0.091     1.329    core/acc_store/banks[1].parity[1].ram/rd_ready_i
    SLICE_X155Y62        LUT2 (Prop_C6LUT_SLICEL_I1_O)
                                                      0.050     1.379 r  core/acc_store/banks[1].parity[1].ram/result_sel_q[1]_i_1/O
                         net (fo=6, routed)           0.297     1.676    core/acc_store/banks[1].parity[1].ram/p_25_in
    SLICE_X154Y62        LUT6 (Prop_H6LUT_SLICEM_I5_O)
                                                      0.053     1.729 r  core/acc_store/banks[1].parity[1].ram/data_q[511]_i_2__2/O
                         net (fo=4, routed)           0.822     2.551    core/acc_store/banks[1].parity[0].ram/rd_en00_out
    SLICE_X184Y62        LUT2 (Prop_H6LUT_SLICEM_I0_O)
                                                      0.053     2.604 r  core/acc_store/banks[1].parity[0].ram/data_q[511]_i_1__1/O
                         net (fo=512, routed)         0.834     3.438    core/acc_store/banks[1].parity[0].ram/data_q0
    SLICE_X197Y47        FDRE                                         r  core/acc_store/banks[1].parity[0].ram/data_q_reg[244]/CE
  -------------------------------------------------------------------    -------------------

                         (clock core_clk rise edge)
                                                      4.000     4.000 r  
                                                      0.000     4.000 r  clk (IN)
                         net (fo=28818, unset)        0.021     4.021    core/acc_store/banks[1].parity[0].ram/clk
    SLICE_X197Y47        FDRE                                         r  core/acc_store/banks[1].parity[0].ram/data_q_reg[244]/C
                         clock pessimism              0.000     4.021    
                         clock uncertainty           -0.035     3.986    
    SLICE_X197Y47        FDRE (Setup_GFF2_SLICEM_C_CE)
                                                     -0.061     3.925    core/acc_store/banks[1].parity[0].ram/data_q_reg[244]
  -------------------------------------------------------------------
                         required time                          3.925    
                         arrival time                          -3.438    
  -------------------------------------------------------------------
                         slack                                  0.486    

Slack (MET) :             0.486ns  (required time - arrival time)
  Source:                 core/context_q_reg[1][meta][add_old]/C
                            (rising edge-triggered cell FDRE clocked by core_clk  {rise@0.000ns fall@2.000ns period=4.000ns})
  Destination:            core/acc_store/banks[1].parity[0].ram/data_q_reg[248]/CE
                            (rising edge-triggered cell FDRE clocked by core_clk  {rise@0.000ns fall@2.000ns period=4.000ns})
  Path Group:             core_clk
  Path Type:              Setup (Max at Slow Process Corner)
  Requirement:            4.000ns  (core_clk rise@4.000ns - core_clk rise@0.000ns)
  Data Path Delay:        3.408ns  (logic 0.368ns (10.797%)  route 3.040ns (89.203%))
  Logic Levels:           6  (LUT2=3 LUT5=1 LUT6=2)
  Clock Path Skew:        -0.009ns (DCD - SCD + CPR)
    Destination Clock Delay (DCD):    0.021ns = ( 4.021 - 4.000 ) 
    Source Clock Delay      (SCD):    0.030ns
    Clock Pessimism Removal (CPR):    0.000ns
  Clock Uncertainty:      0.035ns  ((TSJ^2 + TIJ^2)^1/2 + DJ) / 2 + PE
    Total System Jitter     (TSJ):    0.071ns
    Total Input Jitter      (TIJ):    0.000ns
    Discrete Jitter          (DJ):    0.000ns
    Phase Error              (PE):    0.000ns

    Location             Delay type                Incr(ns)  Path(ns)    Netlist Resource(s)
  -------------------------------------------------------------------    -------------------
                         (clock core_clk rise edge)
                                                      0.000     0.000 r  
                                                      0.000     0.000 r  clk (IN)
                         net (fo=28818, unset)        0.030     0.030    core/clk
    SLICE_X150Y62        FDRE                                         r  core/context_q_reg[1][meta][add_old]/C
  -------------------------------------------------------------------    -------------------
    SLICE_X150Y62        FDRE (Prop_EFF_SLICEM_C_Q)
                                                      0.076     0.106 f  core/context_q_reg[1][meta][add_old]/Q
                         net (fo=3, routed)           0.355     0.461    core/acc_store/banks[1].parity[1].ram/context_q_reg[1][meta][add_old]__0
    SLICE_X151Y74        LUT2 (Prop_G6LUT_SLICEL_I1_O)
                                                      0.035     0.496 f  core/acc_store/banks[1].parity[1].ram/rd_sel_q[1]_i_1/O
                         net (fo=101, routed)         0.482     0.978    core/acc_store/banks[1].parity[1].ram/rd_valid
    SLICE_X155Y62        LUT5 (Prop_D5LUT_SLICEL_I0_O)
                                                      0.066     1.044 f  core/acc_store/banks[1].parity[1].ram/result_rd_ready_i_3/O
                         net (fo=1, routed)           0.159     1.203    core/acc_store/banks[1].parity[1].ram/result_rd_ready220_out
    SLICE_X155Y62        LUT6 (Prop_G6LUT_SLICEL_I3_O)
                                                      0.035     1.238 r  core/acc_store/banks[1].parity[1].ram/result_rd_ready_i_1/O
                         net (fo=2, routed)           0.091     1.329    core/acc_store/banks[1].parity[1].ram/rd_ready_i
    SLICE_X155Y62        LUT2 (Prop_C6LUT_SLICEL_I1_O)
                                                      0.050     1.379 r  core/acc_store/banks[1].parity[1].ram/result_sel_q[1]_i_1/O
                         net (fo=6, routed)           0.297     1.676    core/acc_store/banks[1].parity[1].ram/p_25_in
    SLICE_X154Y62        LUT6 (Prop_H6LUT_SLICEM_I5_O)
                                                      0.053     1.729 r  core/acc_store/banks[1].parity[1].ram/data_q[511]_i_2__2/O
                         net (fo=4, routed)           0.822     2.551    core/acc_store/banks[1].parity[0].ram/rd_en00_out
    SLICE_X184Y62        LUT2 (Prop_H6LUT_SLICEM_I0_O)
                                                      0.053     2.604 r  core/acc_store/banks[1].parity[0].ram/data_q[511]_i_1__1/O
                         net (fo=512, routed)         0.834     3.438    core/acc_store/banks[1].parity[0].ram/data_q0
    SLICE_X197Y47        FDRE                                         r  core/acc_store/banks[1].parity[0].ram/data_q_reg[248]/CE
  -------------------------------------------------------------------    -------------------

                         (clock core_clk rise edge)
                                                      4.000     4.000 r  
                                                      0.000     4.000 r  clk (IN)
                         net (fo=28818, unset)        0.021     4.021    core/acc_store/banks[1].parity[0].ram/clk
    SLICE_X197Y47        FDRE                                         r  core/acc_store/banks[1].parity[0].ram/data_q_reg[248]/C
                         clock pessimism              0.000     4.021    
                         clock uncertainty           -0.035     3.986    
    SLICE_X197Y47        FDRE (Setup_FFF2_SLICEM_C_CE)
                                                     -0.061     3.925    core/acc_store/banks[1].parity[0].ram/data_q_reg[248]
  -------------------------------------------------------------------
                         required time                          3.925    
                         arrival time                          -3.438    
  -------------------------------------------------------------------
                         slack                                  0.486    

Slack (MET) :             0.488ns  (required time - arrival time)
  Source:                 core/context_q_reg[1][meta][add_old]/C
                            (rising edge-triggered cell FDRE clocked by core_clk  {rise@0.000ns fall@2.000ns period=4.000ns})
  Destination:            core/acc_store/banks[1].parity[0].ram/data_q_reg[238]/CE
                            (rising edge-triggered cell FDRE clocked by core_clk  {rise@0.000ns fall@2.000ns period=4.000ns})
  Path Group:             core_clk
  Path Type:              Setup (Max at Slow Process Corner)
  Requirement:            4.000ns  (core_clk rise@4.000ns - core_clk rise@0.000ns)
  Data Path Delay:        3.406ns  (logic 0.368ns (10.804%)  route 3.038ns (89.196%))
  Logic Levels:           6  (LUT2=3 LUT5=1 LUT6=2)
  Clock Path Skew:        -0.010ns (DCD - SCD + CPR)
    Destination Clock Delay (DCD):    0.020ns = ( 4.020 - 4.000 ) 
    Source Clock Delay      (SCD):    0.030ns
    Clock Pessimism Removal (CPR):    0.000ns
  Clock Uncertainty:      0.035ns  ((TSJ^2 + TIJ^2)^1/2 + DJ) / 2 + PE
    Total System Jitter     (TSJ):    0.071ns
    Total Input Jitter      (TIJ):    0.000ns
    Discrete Jitter          (DJ):    0.000ns
    Phase Error              (PE):    0.000ns

    Location             Delay type                Incr(ns)  Path(ns)    Netlist Resource(s)
  -------------------------------------------------------------------    -------------------
                         (clock core_clk rise edge)
                                                      0.000     0.000 r  
                                                      0.000     0.000 r  clk (IN)
                         net (fo=28818, unset)        0.030     0.030    core/clk
    SLICE_X150Y62        FDRE                                         r  core/context_q_reg[1][meta][add_old]/C
  -------------------------------------------------------------------    -------------------
    SLICE_X150Y62        FDRE (Prop_EFF_SLICEM_C_Q)
                                                      0.076     0.106 f  core/context_q_reg[1][meta][add_old]/Q
                         net (fo=3, routed)           0.355     0.461    core/acc_store/banks[1].parity[1].ram/context_q_reg[1][meta][add_old]__0
    SLICE_X151Y74        LUT2 (Prop_G6LUT_SLICEL_I1_O)
                                                      0.035     0.496 f  core/acc_store/banks[1].parity[1].ram/rd_sel_q[1]_i_1/O
                         net (fo=101, routed)         0.482     0.978    core/acc_store/banks[1].parity[1].ram/rd_valid
    SLICE_X155Y62        LUT5 (Prop_D5LUT_SLICEL_I0_O)
                                                      0.066     1.044 f  core/acc_store/banks[1].parity[1].ram/result_rd_ready_i_3/O
                         net (fo=1, routed)           0.159     1.203    core/acc_store/banks[1].parity[1].ram/result_rd_ready220_out
    SLICE_X155Y62        LUT6 (Prop_G6LUT_SLICEL_I3_O)
                                                      0.035     1.238 r  core/acc_store/banks[1].parity[1].ram/result_rd_ready_i_1/O
                         net (fo=2, routed)           0.091     1.329    core/acc_store/banks[1].parity[1].ram/rd_ready_i
    SLICE_X155Y62        LUT2 (Prop_C6LUT_SLICEL_I1_O)
                                                      0.050     1.379 r  core/acc_store/banks[1].parity[1].ram/result_sel_q[1]_i_1/O
                         net (fo=6, routed)           0.297     1.676    core/acc_store/banks[1].parity[1].ram/p_25_in
    SLICE_X154Y62        LUT6 (Prop_H6LUT_SLICEM_I5_O)
                                                      0.053     1.729 r  core/acc_store/banks[1].parity[1].ram/data_q[511]_i_2__2/O
                         net (fo=4, routed)           0.822     2.551    core/acc_store/banks[1].parity[0].ram/rd_en00_out
    SLICE_X184Y62        LUT2 (Prop_H6LUT_SLICEM_I0_O)
                                                      0.053     2.604 r  core/acc_store/banks[1].parity[0].ram/data_q[511]_i_1__1/O
                         net (fo=512, routed)         0.832     3.436    core/acc_store/banks[1].parity[0].ram/data_q0
    SLICE_X198Y47        FDRE                                         r  core/acc_store/banks[1].parity[0].ram/data_q_reg[238]/CE
  -------------------------------------------------------------------    -------------------

                         (clock core_clk rise edge)
                                                      4.000     4.000 r  
                                                      0.000     4.000 r  clk (IN)
                         net (fo=28818, unset)        0.020     4.020    core/acc_store/banks[1].parity[0].ram/clk
    SLICE_X198Y47        FDRE                                         r  core/acc_store/banks[1].parity[0].ram/data_q_reg[238]/C
                         clock pessimism              0.000     4.020    
                         clock uncertainty           -0.035     3.985    
    SLICE_X198Y47        FDRE (Setup_EFF_SLICEL_C_CE)
                                                     -0.060     3.925    core/acc_store/banks[1].parity[0].ram/data_q_reg[238]
  -------------------------------------------------------------------
                         required time                          3.925    
                         arrival time                          -3.436    
  -------------------------------------------------------------------
                         slack                                  0.488    

Slack (MET) :             0.488ns  (required time - arrival time)
  Source:                 core/context_q_reg[1][meta][add_old]/C
                            (rising edge-triggered cell FDRE clocked by core_clk  {rise@0.000ns fall@2.000ns period=4.000ns})
  Destination:            core/acc_store/banks[1].parity[0].ram/data_q_reg[242]/CE
                            (rising edge-triggered cell FDRE clocked by core_clk  {rise@0.000ns fall@2.000ns period=4.000ns})
  Path Group:             core_clk
  Path Type:              Setup (Max at Slow Process Corner)
  Requirement:            4.000ns  (core_clk rise@4.000ns - core_clk rise@0.000ns)
  Data Path Delay:        3.406ns  (logic 0.368ns (10.804%)  route 3.038ns (89.196%))
  Logic Levels:           6  (LUT2=3 LUT5=1 LUT6=2)
  Clock Path Skew:        -0.010ns (DCD - SCD + CPR)
    Destination Clock Delay (DCD):    0.020ns = ( 4.020 - 4.000 ) 
    Source Clock Delay      (SCD):    0.030ns
    Clock Pessimism Removal (CPR):    0.000ns
  Clock Uncertainty:      0.035ns  ((TSJ^2 + TIJ^2)^1/2 + DJ) / 2 + PE
    Total System Jitter     (TSJ):    0.071ns
    Total Input Jitter      (TIJ):    0.000ns
    Discrete Jitter          (DJ):    0.000ns
    Phase Error              (PE):    0.000ns

    Location             Delay type                Incr(ns)  Path(ns)    Netlist Resource(s)
  -------------------------------------------------------------------    -------------------
                         (clock core_clk rise edge)
                                                      0.000     0.000 r  
                                                      0.000     0.000 r  clk (IN)
                         net (fo=28818, unset)        0.030     0.030    core/clk
    SLICE_X150Y62        FDRE                                         r  core/context_q_reg[1][meta][add_old]/C
  -------------------------------------------------------------------    -------------------
    SLICE_X150Y62        FDRE (Prop_EFF_SLICEM_C_Q)
                                                      0.076     0.106 f  core/context_q_reg[1][meta][add_old]/Q
                         net (fo=3, routed)           0.355     0.461    core/acc_store/banks[1].parity[1].ram/context_q_reg[1][meta][add_old]__0
    SLICE_X151Y74        LUT2 (Prop_G6LUT_SLICEL_I1_O)
                                                      0.035     0.496 f  core/acc_store/banks[1].parity[1].ram/rd_sel_q[1]_i_1/O
                         net (fo=101, routed)         0.482     0.978    core/acc_store/banks[1].parity[1].ram/rd_valid
    SLICE_X155Y62        LUT5 (Prop_D5LUT_SLICEL_I0_O)
                                                      0.066     1.044 f  core/acc_store/banks[1].parity[1].ram/result_rd_ready_i_3/O
                         net (fo=1, routed)           0.159     1.203    core/acc_store/banks[1].parity[1].ram/result_rd_ready220_out
    SLICE_X155Y62        LUT6 (Prop_G6LUT_SLICEL_I3_O)
                                                      0.035     1.238 r  core/acc_store/banks[1].parity[1].ram/result_rd_ready_i_1/O
                         net (fo=2, routed)           0.091     1.329    core/acc_store/banks[1].parity[1].ram/rd_ready_i
    SLICE_X155Y62        LUT2 (Prop_C6LUT_SLICEL_I1_O)
                                                      0.050     1.379 r  core/acc_store/banks[1].parity[1].ram/result_sel_q[1]_i_1/O
                         net (fo=6, routed)           0.297     1.676    core/acc_store/banks[1].parity[1].ram/p_25_in
    SLICE_X154Y62        LUT6 (Prop_H6LUT_SLICEM_I5_O)
                                                      0.053     1.729 r  core/acc_store/banks[1].parity[1].ram/data_q[511]_i_2__2/O
                         net (fo=4, routed)           0.822     2.551    core/acc_store/banks[1].parity[0].ram/rd_en00_out
    SLICE_X184Y62        LUT2 (Prop_H6LUT_SLICEM_I0_O)
                                                      0.053     2.604 r  core/acc_store/banks[1].parity[0].ram/data_q[511]_i_1__1/O
                         net (fo=512, routed)         0.832     3.436    core/acc_store/banks[1].parity[0].ram/data_q0
    SLICE_X198Y47        FDRE                                         r  core/acc_store/banks[1].parity[0].ram/data_q_reg[242]/CE
  -------------------------------------------------------------------    -------------------

                         (clock core_clk rise edge)
                                                      4.000     4.000 r  
                                                      0.000     4.000 r  clk (IN)
                         net (fo=28818, unset)        0.020     4.020    core/acc_store/banks[1].parity[0].ram/clk
    SLICE_X198Y47        FDRE                                         r  core/acc_store/banks[1].parity[0].ram/data_q_reg[242]/C
                         clock pessimism              0.000     4.020    
                         clock uncertainty           -0.035     3.985    
    SLICE_X198Y47        FDRE (Setup_FFF_SLICEL_C_CE)
                                                     -0.060     3.925    core/acc_store/banks[1].parity[0].ram/data_q_reg[242]
  -------------------------------------------------------------------
                         required time                          3.925    
                         arrival time                          -3.436    
  -------------------------------------------------------------------
                         slack                                  0.488    

Slack (MET) :             0.489ns  (required time - arrival time)
  Source:                 core/acc_store/result_sel_q_reg[1]/C
                            (rising edge-triggered cell FDRE clocked by core_clk  {rise@0.000ns fall@2.000ns period=4.000ns})
  Destination:            result_even_data_reg[9][14]/D
                            (rising edge-triggered cell FDRE clocked by core_clk  {rise@0.000ns fall@2.000ns period=4.000ns})
  Path Group:             core_clk
  Path Type:              Setup (Max at Slow Process Corner)
  Requirement:            4.000ns  (core_clk rise@4.000ns - core_clk rise@0.000ns)
  Data Path Delay:        3.492ns  (logic 0.201ns (5.757%)  route 3.291ns (94.243%))
  Logic Levels:           1  (LUT5=1)
  Clock Path Skew:        -0.009ns (DCD - SCD + CPR)
    Destination Clock Delay (DCD):    0.021ns = ( 4.021 - 4.000 ) 
    Source Clock Delay      (SCD):    0.030ns
    Clock Pessimism Removal (CPR):    0.000ns
  Clock Uncertainty:      0.035ns  ((TSJ^2 + TIJ^2)^1/2 + DJ) / 2 + PE
    Total System Jitter     (TSJ):    0.071ns
    Total Input Jitter      (TIJ):    0.000ns
    Discrete Jitter          (DJ):    0.000ns
    Phase Error              (PE):    0.000ns

    Location             Delay type                Incr(ns)  Path(ns)    Netlist Resource(s)
  -------------------------------------------------------------------    -------------------
                         (clock core_clk rise edge)
                                                      0.000     0.000 r  
                                                      0.000     0.000 r  clk (IN)
                         net (fo=28818, unset)        0.030     0.030    core/acc_store/clk
    SLICE_X154Y62        FDRE                                         r  core/acc_store/result_sel_q_reg[1]/C
  -------------------------------------------------------------------    -------------------
    SLICE_X154Y62        FDRE (Prop_EFF_SLICEM_C_Q)
                                                      0.076     0.106 r  core/acc_store/result_sel_q_reg[1]/Q
                         net (fo=1024, routed)        3.233     3.339    core/acc_store/banks[2].parity[0].ram/result_even_data_reg[15][31][1]
    SLICE_X192Y60        LUT5 (Prop_H6LUT_SLICEM_I3_O)
                                                      0.125     3.464 r  core/acc_store/banks[2].parity[0].ram/result_even_data[9][14]_i_1/O
                         net (fo=1, routed)           0.058     3.522    even_i[9][14]
    SLICE_X192Y60        FDRE                                         r  result_even_data_reg[9][14]/D
  -------------------------------------------------------------------    -------------------

                         (clock core_clk rise edge)
                                                      4.000     4.000 r  
                                                      0.000     4.000 r  clk (IN)
                         net (fo=28818, unset)        0.021     4.021    clk
    SLICE_X192Y60        FDRE                                         r  result_even_data_reg[9][14]/C
                         clock pessimism              0.000     4.021    
                         clock uncertainty           -0.035     3.986    
    SLICE_X192Y60        FDRE (Setup_HFF_SLICEM_C_D)
                                                      0.025     4.011    result_even_data_reg[9][14]
  -------------------------------------------------------------------
                         required time                          4.011    
                         arrival time                          -3.522    
  -------------------------------------------------------------------
                         slack                                  0.489    

Slack (MET) :             0.490ns  (required time - arrival time)
  Source:                 core/acc_store/result_sel_q_reg[1]/C
                            (rising edge-triggered cell FDRE clocked by core_clk  {rise@0.000ns fall@2.000ns period=4.000ns})
  Destination:            result_even_data_reg[8][29]/D
                            (rising edge-triggered cell FDRE clocked by core_clk  {rise@0.000ns fall@2.000ns period=4.000ns})
  Path Group:             core_clk
  Path Type:              Setup (Max at Slow Process Corner)
  Requirement:            4.000ns  (core_clk rise@4.000ns - core_clk rise@0.000ns)
  Data Path Delay:        3.490ns  (logic 0.222ns (6.361%)  route 3.268ns (93.639%))
  Logic Levels:           1  (LUT5=1)
  Clock Path Skew:        -0.010ns (DCD - SCD + CPR)
    Destination Clock Delay (DCD):    0.020ns = ( 4.020 - 4.000 ) 
    Source Clock Delay      (SCD):    0.030ns
    Clock Pessimism Removal (CPR):    0.000ns
  Clock Uncertainty:      0.035ns  ((TSJ^2 + TIJ^2)^1/2 + DJ) / 2 + PE
    Total System Jitter     (TSJ):    0.071ns
    Total Input Jitter      (TIJ):    0.000ns
    Discrete Jitter          (DJ):    0.000ns
    Phase Error              (PE):    0.000ns

    Location             Delay type                Incr(ns)  Path(ns)    Netlist Resource(s)
  -------------------------------------------------------------------    -------------------
                         (clock core_clk rise edge)
                                                      0.000     0.000 r  
                                                      0.000     0.000 r  clk (IN)
                         net (fo=28818, unset)        0.030     0.030    core/acc_store/clk
    SLICE_X154Y62        FDRE                                         r  core/acc_store/result_sel_q_reg[1]/C
  -------------------------------------------------------------------    -------------------
    SLICE_X154Y62        FDRE (Prop_EFF_SLICEM_C_Q)
                                                      0.076     0.106 r  core/acc_store/result_sel_q_reg[1]/Q
                         net (fo=1024, routed)        3.219     3.325    core/acc_store/banks[2].parity[0].ram/result_even_data_reg[15][31][1]
    SLICE_X190Y55        LUT5 (Prop_D6LUT_SLICEL_I3_O)
                                                      0.146     3.471 r  core/acc_store/banks[2].parity[0].ram/result_even_data[8][29]_i_1/O
                         net (fo=1, routed)           0.049     3.520    even_i[8][29]
    SLICE_X190Y55        FDRE                                         r  result_even_data_reg[8][29]/D
  -------------------------------------------------------------------    -------------------

                         (clock core_clk rise edge)
                                                      4.000     4.000 r  
                                                      0.000     4.000 r  clk (IN)
                         net (fo=28818, unset)        0.020     4.020    clk
    SLICE_X190Y55        FDRE                                         r  result_even_data_reg[8][29]/C
                         clock pessimism              0.000     4.020    
                         clock uncertainty           -0.035     3.985    
    SLICE_X190Y55        FDRE (Setup_DFF_SLICEL_C_D)
                                                      0.025     4.010    result_even_data_reg[8][29]
  -------------------------------------------------------------------
                         required time                          4.010    
                         arrival time                          -3.520    
  -------------------------------------------------------------------
                         slack                                  0.490    

Slack (MET) :             0.490ns  (required time - arrival time)
  Source:                 core/context_q_reg[1][meta][add_old]/C
                            (rising edge-triggered cell FDRE clocked by core_clk  {rise@0.000ns fall@2.000ns period=4.000ns})
  Destination:            core/acc_store/banks[1].parity[0].ram/data_q_reg[235]/CE
                            (rising edge-triggered cell FDRE clocked by core_clk  {rise@0.000ns fall@2.000ns period=4.000ns})
  Path Group:             core_clk
  Path Type:              Setup (Max at Slow Process Corner)
  Requirement:            4.000ns  (core_clk rise@4.000ns - core_clk rise@0.000ns)
  Data Path Delay:        3.404ns  (logic 0.368ns (10.810%)  route 3.036ns (89.190%))
  Logic Levels:           6  (LUT2=3 LUT5=1 LUT6=2)
  Clock Path Skew:        -0.009ns (DCD - SCD + CPR)
    Destination Clock Delay (DCD):    0.021ns = ( 4.021 - 4.000 ) 
    Source Clock Delay      (SCD):    0.030ns
    Clock Pessimism Removal (CPR):    0.000ns
  Clock Uncertainty:      0.035ns  ((TSJ^2 + TIJ^2)^1/2 + DJ) / 2 + PE
    Total System Jitter     (TSJ):    0.071ns
    Total Input Jitter      (TIJ):    0.000ns
    Discrete Jitter          (DJ):    0.000ns
    Phase Error              (PE):    0.000ns

    Location             Delay type                Incr(ns)  Path(ns)    Netlist Resource(s)
  -------------------------------------------------------------------    -------------------
                         (clock core_clk rise edge)
                                                      0.000     0.000 r  
                                                      0.000     0.000 r  clk (IN)
                         net (fo=28818, unset)        0.030     0.030    core/clk
    SLICE_X150Y62        FDRE                                         r  core/context_q_reg[1][meta][add_old]/C
  -------------------------------------------------------------------    -------------------
    SLICE_X150Y62        FDRE (Prop_EFF_SLICEM_C_Q)
                                                      0.076     0.106 f  core/context_q_reg[1][meta][add_old]/Q
                         net (fo=3, routed)           0.355     0.461    core/acc_store/banks[1].parity[1].ram/context_q_reg[1][meta][add_old]__0
    SLICE_X151Y74        LUT2 (Prop_G6LUT_SLICEL_I1_O)
                                                      0.035     0.496 f  core/acc_store/banks[1].parity[1].ram/rd_sel_q[1]_i_1/O
                         net (fo=101, routed)         0.482     0.978    core/acc_store/banks[1].parity[1].ram/rd_valid
    SLICE_X155Y62        LUT5 (Prop_D5LUT_SLICEL_I0_O)
                                                      0.066     1.044 f  core/acc_store/banks[1].parity[1].ram/result_rd_ready_i_3/O
                         net (fo=1, routed)           0.159     1.203    core/acc_store/banks[1].parity[1].ram/result_rd_ready220_out
    SLICE_X155Y62        LUT6 (Prop_G6LUT_SLICEL_I3_O)
                                                      0.035     1.238 r  core/acc_store/banks[1].parity[1].ram/result_rd_ready_i_1/O
                         net (fo=2, routed)           0.091     1.329    core/acc_store/banks[1].parity[1].ram/rd_ready_i
    SLICE_X155Y62        LUT2 (Prop_C6LUT_SLICEL_I1_O)
                                                      0.050     1.379 r  core/acc_store/banks[1].parity[1].ram/result_sel_q[1]_i_1/O
                         net (fo=6, routed)           0.297     1.676    core/acc_store/banks[1].parity[1].ram/p_25_in
    SLICE_X154Y62        LUT6 (Prop_H6LUT_SLICEM_I5_O)
                                                      0.053     1.729 r  core/acc_store/banks[1].parity[1].ram/data_q[511]_i_2__2/O
                         net (fo=4, routed)           0.822     2.551    core/acc_store/banks[1].parity[0].ram/rd_en00_out
    SLICE_X184Y62        LUT2 (Prop_H6LUT_SLICEM_I0_O)
                                                      0.053     2.604 r  core/acc_store/banks[1].parity[0].ram/data_q[511]_i_1__1/O
                         net (fo=512, routed)         0.830     3.434    core/acc_store/banks[1].parity[0].ram/data_q0
    SLICE_X197Y51        FDRE                                         r  core/acc_store/banks[1].parity[0].ram/data_q_reg[235]/CE
  -------------------------------------------------------------------    -------------------

                         (clock core_clk rise edge)
                                                      4.000     4.000 r  
                                                      0.000     4.000 r  clk (IN)
                         net (fo=28818, unset)        0.021     4.021    core/acc_store/banks[1].parity[0].ram/clk
    SLICE_X197Y51        FDRE                                         r  core/acc_store/banks[1].parity[0].ram/data_q_reg[235]/C
                         clock pessimism              0.000     4.021    
                         clock uncertainty           -0.035     3.986    
    SLICE_X197Y51        FDRE (Setup_HFF2_SLICEM_C_CE)
                                                     -0.061     3.925    core/acc_store/banks[1].parity[0].ram/data_q_reg[235]
  -------------------------------------------------------------------
                         required time                          3.925    
                         arrival time                          -3.434    
  -------------------------------------------------------------------
                         slack                                  0.490    

Slack (MET) :             0.490ns  (required time - arrival time)
  Source:                 core/context_q_reg[1][meta][add_old]/C
                            (rising edge-triggered cell FDRE clocked by core_clk  {rise@0.000ns fall@2.000ns period=4.000ns})
  Destination:            core/acc_store/banks[1].parity[0].ram/data_q_reg[236]/CE
                            (rising edge-triggered cell FDRE clocked by core_clk  {rise@0.000ns fall@2.000ns period=4.000ns})
  Path Group:             core_clk
  Path Type:              Setup (Max at Slow Process Corner)
  Requirement:            4.000ns  (core_clk rise@4.000ns - core_clk rise@0.000ns)
  Data Path Delay:        3.404ns  (logic 0.368ns (10.810%)  route 3.036ns (89.190%))
  Logic Levels:           6  (LUT2=3 LUT5=1 LUT6=2)
  Clock Path Skew:        -0.009ns (DCD - SCD + CPR)
    Destination Clock Delay (DCD):    0.021ns = ( 4.021 - 4.000 ) 
    Source Clock Delay      (SCD):    0.030ns
    Clock Pessimism Removal (CPR):    0.000ns
  Clock Uncertainty:      0.035ns  ((TSJ^2 + TIJ^2)^1/2 + DJ) / 2 + PE
    Total System Jitter     (TSJ):    0.071ns
    Total Input Jitter      (TIJ):    0.000ns
    Discrete Jitter          (DJ):    0.000ns
    Phase Error              (PE):    0.000ns

    Location             Delay type                Incr(ns)  Path(ns)    Netlist Resource(s)
  -------------------------------------------------------------------    -------------------
                         (clock core_clk rise edge)
                                                      0.000     0.000 r  
                                                      0.000     0.000 r  clk (IN)
                         net (fo=28818, unset)        0.030     0.030    core/clk
    SLICE_X150Y62        FDRE                                         r  core/context_q_reg[1][meta][add_old]/C
  -------------------------------------------------------------------    -------------------
    SLICE_X150Y62        FDRE (Prop_EFF_SLICEM_C_Q)
                                                      0.076     0.106 f  core/context_q_reg[1][meta][add_old]/Q
                         net (fo=3, routed)           0.355     0.461    core/acc_store/banks[1].parity[1].ram/context_q_reg[1][meta][add_old]__0
    SLICE_X151Y74        LUT2 (Prop_G6LUT_SLICEL_I1_O)
                                                      0.035     0.496 f  core/acc_store/banks[1].parity[1].ram/rd_sel_q[1]_i_1/O
                         net (fo=101, routed)         0.482     0.978    core/acc_store/banks[1].parity[1].ram/rd_valid
    SLICE_X155Y62        LUT5 (Prop_D5LUT_SLICEL_I0_O)
                                                      0.066     1.044 f  core/acc_store/banks[1].parity[1].ram/result_rd_ready_i_3/O
                         net (fo=1, routed)           0.159     1.203    core/acc_store/banks[1].parity[1].ram/result_rd_ready220_out
    SLICE_X155Y62        LUT6 (Prop_G6LUT_SLICEL_I3_O)
                                                      0.035     1.238 r  core/acc_store/banks[1].parity[1].ram/result_rd_ready_i_1/O
                         net (fo=2, routed)           0.091     1.329    core/acc_store/banks[1].parity[1].ram/rd_ready_i
    SLICE_X155Y62        LUT2 (Prop_C6LUT_SLICEL_I1_O)
                                                      0.050     1.379 r  core/acc_store/banks[1].parity[1].ram/result_sel_q[1]_i_1/O
                         net (fo=6, routed)           0.297     1.676    core/acc_store/banks[1].parity[1].ram/p_25_in
    SLICE_X154Y62        LUT6 (Prop_H6LUT_SLICEM_I5_O)
                                                      0.053     1.729 r  core/acc_store/banks[1].parity[1].ram/data_q[511]_i_2__2/O
                         net (fo=4, routed)           0.822     2.551    core/acc_store/banks[1].parity[0].ram/rd_en00_out
    SLICE_X184Y62        LUT2 (Prop_H6LUT_SLICEM_I0_O)
                                                      0.053     2.604 r  core/acc_store/banks[1].parity[0].ram/data_q[511]_i_1__1/O
                         net (fo=512, routed)         0.830     3.434    core/acc_store/banks[1].parity[0].ram/data_q0
    SLICE_X197Y51        FDRE                                         r  core/acc_store/banks[1].parity[0].ram/data_q_reg[236]/CE
  -------------------------------------------------------------------    -------------------

                         (clock core_clk rise edge)
                                                      4.000     4.000 r  
                                                      0.000     4.000 r  clk (IN)
                         net (fo=28818, unset)        0.021     4.021    core/acc_store/banks[1].parity[0].ram/clk
    SLICE_X197Y51        FDRE                                         r  core/acc_store/banks[1].parity[0].ram/data_q_reg[236]/C
                         clock pessimism              0.000     4.021    
                         clock uncertainty           -0.035     3.986    
    SLICE_X197Y51        FDRE (Setup_GFF2_SLICEM_C_CE)
                                                     -0.061     3.925    core/acc_store/banks[1].parity[0].ram/data_q_reg[236]
  -------------------------------------------------------------------
                         required time                          3.925    
                         arrival time                          -3.434    
  -------------------------------------------------------------------
                         slack                                  0.490    

Slack (MET) :             0.490ns  (required time - arrival time)
  Source:                 core/context_q_reg[1][meta][add_old]/C
                            (rising edge-triggered cell FDRE clocked by core_clk  {rise@0.000ns fall@2.000ns period=4.000ns})
  Destination:            core/acc_store/banks[1].parity[0].ram/data_q_reg[245]/CE
                            (rising edge-triggered cell FDRE clocked by core_clk  {rise@0.000ns fall@2.000ns period=4.000ns})
  Path Group:             core_clk
  Path Type:              Setup (Max at Slow Process Corner)
  Requirement:            4.000ns  (core_clk rise@4.000ns - core_clk rise@0.000ns)
  Data Path Delay:        3.404ns  (logic 0.368ns (10.810%)  route 3.036ns (89.190%))
  Logic Levels:           6  (LUT2=3 LUT5=1 LUT6=2)
  Clock Path Skew:        -0.009ns (DCD - SCD + CPR)
    Destination Clock Delay (DCD):    0.021ns = ( 4.021 - 4.000 ) 
    Source Clock Delay      (SCD):    0.030ns
    Clock Pessimism Removal (CPR):    0.000ns
  Clock Uncertainty:      0.035ns  ((TSJ^2 + TIJ^2)^1/2 + DJ) / 2 + PE
    Total System Jitter     (TSJ):    0.071ns
    Total Input Jitter      (TIJ):    0.000ns
    Discrete Jitter          (DJ):    0.000ns
    Phase Error              (PE):    0.000ns

    Location             Delay type                Incr(ns)  Path(ns)    Netlist Resource(s)
  -------------------------------------------------------------------    -------------------
                         (clock core_clk rise edge)
                                                      0.000     0.000 r  
                                                      0.000     0.000 r  clk (IN)
                         net (fo=28818, unset)        0.030     0.030    core/clk
    SLICE_X150Y62        FDRE                                         r  core/context_q_reg[1][meta][add_old]/C
  -------------------------------------------------------------------    -------------------
    SLICE_X150Y62        FDRE (Prop_EFF_SLICEM_C_Q)
                                                      0.076     0.106 f  core/context_q_reg[1][meta][add_old]/Q
                         net (fo=3, routed)           0.355     0.461    core/acc_store/banks[1].parity[1].ram/context_q_reg[1][meta][add_old]__0
    SLICE_X151Y74        LUT2 (Prop_G6LUT_SLICEL_I1_O)
                                                      0.035     0.496 f  core/acc_store/banks[1].parity[1].ram/rd_sel_q[1]_i_1/O
                         net (fo=101, routed)         0.482     0.978    core/acc_store/banks[1].parity[1].ram/rd_valid
    SLICE_X155Y62        LUT5 (Prop_D5LUT_SLICEL_I0_O)
                                                      0.066     1.044 f  core/acc_store/banks[1].parity[1].ram/result_rd_ready_i_3/O
                         net (fo=1, routed)           0.159     1.203    core/acc_store/banks[1].parity[1].ram/result_rd_ready220_out
    SLICE_X155Y62        LUT6 (Prop_G6LUT_SLICEL_I3_O)
                                                      0.035     1.238 r  core/acc_store/banks[1].parity[1].ram/result_rd_ready_i_1/O
                         net (fo=2, routed)           0.091     1.329    core/acc_store/banks[1].parity[1].ram/rd_ready_i
    SLICE_X155Y62        LUT2 (Prop_C6LUT_SLICEL_I1_O)
                                                      0.050     1.379 r  core/acc_store/banks[1].parity[1].ram/result_sel_q[1]_i_1/O
                         net (fo=6, routed)           0.297     1.676    core/acc_store/banks[1].parity[1].ram/p_25_in
    SLICE_X154Y62        LUT6 (Prop_H6LUT_SLICEM_I5_O)
                                                      0.053     1.729 r  core/acc_store/banks[1].parity[1].ram/data_q[511]_i_2__2/O
                         net (fo=4, routed)           0.822     2.551    core/acc_store/banks[1].parity[0].ram/rd_en00_out
    SLICE_X184Y62        LUT2 (Prop_H6LUT_SLICEM_I0_O)
                                                      0.053     2.604 r  core/acc_store/banks[1].parity[0].ram/data_q[511]_i_1__1/O
                         net (fo=512, routed)         0.830     3.434    core/acc_store/banks[1].parity[0].ram/data_q0
    SLICE_X197Y51        FDRE                                         r  core/acc_store/banks[1].parity[0].ram/data_q_reg[245]/CE
  -------------------------------------------------------------------    -------------------

                         (clock core_clk rise edge)
                                                      4.000     4.000 r  
                                                      0.000     4.000 r  clk (IN)
                         net (fo=28818, unset)        0.021     4.021    core/acc_store/banks[1].parity[0].ram/clk
    SLICE_X197Y51        FDRE                                         r  core/acc_store/banks[1].parity[0].ram/data_q_reg[245]/C
                         clock pessimism              0.000     4.021    
                         clock uncertainty           -0.035     3.986    
    SLICE_X197Y51        FDRE (Setup_FFF2_SLICEM_C_CE)
                                                     -0.061     3.925    core/acc_store/banks[1].parity[0].ram/data_q_reg[245]
  -------------------------------------------------------------------
                         required time                          3.925    
                         arrival time                          -3.434    
  -------------------------------------------------------------------
                         slack                                  0.490    

Slack (MET) :             0.494ns  (required time - arrival time)
  Source:                 core/acc_store/result_sel_q_reg[1]/C
                            (rising edge-triggered cell FDRE clocked by core_clk  {rise@0.000ns fall@2.000ns period=4.000ns})
  Destination:            result_even_data_reg[1][0]/D
                            (rising edge-triggered cell FDRE clocked by core_clk  {rise@0.000ns fall@2.000ns period=4.000ns})
  Path Group:             core_clk
  Path Type:              Setup (Max at Slow Process Corner)
  Requirement:            4.000ns  (core_clk rise@4.000ns - core_clk rise@0.000ns)
  Data Path Delay:        3.486ns  (logic 0.126ns (3.615%)  route 3.360ns (96.385%))
  Logic Levels:           1  (LUT5=1)
  Clock Path Skew:        -0.010ns (DCD - SCD + CPR)
    Destination Clock Delay (DCD):    0.020ns = ( 4.020 - 4.000 ) 
    Source Clock Delay      (SCD):    0.030ns
    Clock Pessimism Removal (CPR):    0.000ns
  Clock Uncertainty:      0.035ns  ((TSJ^2 + TIJ^2)^1/2 + DJ) / 2 + PE
    Total System Jitter     (TSJ):    0.071ns
    Total Input Jitter      (TIJ):    0.000ns
    Discrete Jitter          (DJ):    0.000ns
    Phase Error              (PE):    0.000ns

    Location             Delay type                Incr(ns)  Path(ns)    Netlist Resource(s)
  -------------------------------------------------------------------    -------------------
                         (clock core_clk rise edge)
                                                      0.000     0.000 r  
                                                      0.000     0.000 r  clk (IN)
                         net (fo=28818, unset)        0.030     0.030    core/acc_store/clk
    SLICE_X154Y62        FDRE                                         r  core/acc_store/result_sel_q_reg[1]/C
  -------------------------------------------------------------------    -------------------
    SLICE_X154Y62        FDRE (Prop_EFF_SLICEM_C_Q)
                                                      0.076     0.106 r  core/acc_store/result_sel_q_reg[1]/Q
                         net (fo=1024, routed)        3.312     3.418    core/acc_store/banks[2].parity[0].ram/result_even_data_reg[15][31][1]
    SLICE_X177Y56        LUT5 (Prop_A6LUT_SLICEL_I3_O)
                                                      0.050     3.468 r  core/acc_store/banks[2].parity[0].ram/result_even_data[1][0]_i_1/O
                         net (fo=1, routed)           0.048     3.516    even_i[1][0]
    SLICE_X177Y56        FDRE                                         r  result_even_data_reg[1][0]/D
  -------------------------------------------------------------------    -------------------

                         (clock core_clk rise edge)
                                                      4.000     4.000 r  
                                                      0.000     4.000 r  clk (IN)
                         net (fo=28818, unset)        0.020     4.020    clk
    SLICE_X177Y56        FDRE                                         r  result_even_data_reg[1][0]/C
                         clock pessimism              0.000     4.020    
                         clock uncertainty           -0.035     3.985    
    SLICE_X177Y56        FDRE (Setup_AFF_SLICEL_C_D)
                                                      0.025     4.010    result_even_data_reg[1][0]
  -------------------------------------------------------------------
                         required time                          4.010    
                         arrival time                          -3.516    
  -------------------------------------------------------------------
                         slack                                  0.494    

Slack (MET) :             0.495ns  (required time - arrival time)
  Source:                 core/acc_store/result_sel_q_reg[1]/C
                            (rising edge-triggered cell FDRE clocked by core_clk  {rise@0.000ns fall@2.000ns period=4.000ns})
  Destination:            result_even_data_reg[9][20]/D
                            (rising edge-triggered cell FDRE clocked by core_clk  {rise@0.000ns fall@2.000ns period=4.000ns})
  Path Group:             core_clk
  Path Type:              Setup (Max at Slow Process Corner)
  Requirement:            4.000ns  (core_clk rise@4.000ns - core_clk rise@0.000ns)
  Data Path Delay:        3.486ns  (logic 0.199ns (5.709%)  route 3.287ns (94.291%))
  Logic Levels:           1  (LUT5=1)
  Clock Path Skew:        -0.009ns (DCD - SCD + CPR)
    Destination Clock Delay (DCD):    0.021ns = ( 4.021 - 4.000 ) 
    Source Clock Delay      (SCD):    0.030ns
    Clock Pessimism Removal (CPR):    0.000ns
  Clock Uncertainty:      0.035ns  ((TSJ^2 + TIJ^2)^1/2 + DJ) / 2 + PE
    Total System Jitter     (TSJ):    0.071ns
    Total Input Jitter      (TIJ):    0.000ns
    Discrete Jitter          (DJ):    0.000ns
    Phase Error              (PE):    0.000ns

    Location             Delay type                Incr(ns)  Path(ns)    Netlist Resource(s)
  -------------------------------------------------------------------    -------------------
                         (clock core_clk rise edge)
                                                      0.000     0.000 r  
                                                      0.000     0.000 r  clk (IN)
                         net (fo=28818, unset)        0.030     0.030    core/acc_store/clk
    SLICE_X154Y62        FDRE                                         r  core/acc_store/result_sel_q_reg[1]/C
  -------------------------------------------------------------------    -------------------
    SLICE_X154Y62        FDRE (Prop_EFF_SLICEM_C_Q)
                                                      0.076     0.106 r  core/acc_store/result_sel_q_reg[1]/Q
                         net (fo=1024, routed)        3.228     3.334    core/acc_store/banks[2].parity[0].ram/result_even_data_reg[15][31][1]
    SLICE_X192Y60        LUT5 (Prop_G6LUT_SLICEM_I3_O)
                                                      0.123     3.457 r  core/acc_store/banks[2].parity[0].ram/result_even_data[9][20]_i_1/O
                         net (fo=1, routed)           0.059     3.516    even_i[9][20]
    SLICE_X192Y60        FDRE                                         r  result_even_data_reg[9][20]/D
  -------------------------------------------------------------------    -------------------

                         (clock core_clk rise edge)
                                                      4.000     4.000 r  
                                                      0.000     4.000 r  clk (IN)
                         net (fo=28818, unset)        0.021     4.021    clk
    SLICE_X192Y60        FDRE                                         r  result_even_data_reg[9][20]/C
                         clock pessimism              0.000     4.021    
                         clock uncertainty           -0.035     3.986    
    SLICE_X192Y60        FDRE (Setup_GFF_SLICEM_C_D)
                                                      0.025     4.011    result_even_data_reg[9][20]
  -------------------------------------------------------------------
                         required time                          4.011    
                         arrival time                          -3.516    
  -------------------------------------------------------------------
                         slack                                  0.495    

Slack (MET) :             0.506ns  (required time - arrival time)
  Source:                 core/context_q_reg[1][meta][add_old]/C
                            (rising edge-triggered cell FDRE clocked by core_clk  {rise@0.000ns fall@2.000ns period=4.000ns})
  Destination:            core/acc_store/banks[1].parity[0].ram/data_q_reg[215]/CE
                            (rising edge-triggered cell FDRE clocked by core_clk  {rise@0.000ns fall@2.000ns period=4.000ns})
  Path Group:             core_clk
  Path Type:              Setup (Max at Slow Process Corner)
  Requirement:            4.000ns  (core_clk rise@4.000ns - core_clk rise@0.000ns)
  Data Path Delay:        3.389ns  (logic 0.368ns (10.860%)  route 3.021ns (89.140%))
  Logic Levels:           6  (LUT2=3 LUT5=1 LUT6=2)
  Clock Path Skew:        -0.009ns (DCD - SCD + CPR)
    Destination Clock Delay (DCD):    0.021ns = ( 4.021 - 4.000 ) 
    Source Clock Delay      (SCD):    0.030ns
    Clock Pessimism Removal (CPR):    0.000ns
  Clock Uncertainty:      0.035ns  ((TSJ^2 + TIJ^2)^1/2 + DJ) / 2 + PE
    Total System Jitter     (TSJ):    0.071ns
    Total Input Jitter      (TIJ):    0.000ns
    Discrete Jitter          (DJ):    0.000ns
    Phase Error              (PE):    0.000ns

    Location             Delay type                Incr(ns)  Path(ns)    Netlist Resource(s)
  -------------------------------------------------------------------    -------------------
                         (clock core_clk rise edge)
                                                      0.000     0.000 r  
                                                      0.000     0.000 r  clk (IN)
                         net (fo=28818, unset)        0.030     0.030    core/clk
    SLICE_X150Y62        FDRE                                         r  core/context_q_reg[1][meta][add_old]/C
  -------------------------------------------------------------------    -------------------
    SLICE_X150Y62        FDRE (Prop_EFF_SLICEM_C_Q)
                                                      0.076     0.106 f  core/context_q_reg[1][meta][add_old]/Q
                         net (fo=3, routed)           0.355     0.461    core/acc_store/banks[1].parity[1].ram/context_q_reg[1][meta][add_old]__0
    SLICE_X151Y74        LUT2 (Prop_G6LUT_SLICEL_I1_O)
                                                      0.035     0.496 f  core/acc_store/banks[1].parity[1].ram/rd_sel_q[1]_i_1/O
                         net (fo=101, routed)         0.482     0.978    core/acc_store/banks[1].parity[1].ram/rd_valid
    SLICE_X155Y62        LUT5 (Prop_D5LUT_SLICEL_I0_O)
                                                      0.066     1.044 f  core/acc_store/banks[1].parity[1].ram/result_rd_ready_i_3/O
                         net (fo=1, routed)           0.159     1.203    core/acc_store/banks[1].parity[1].ram/result_rd_ready220_out
    SLICE_X155Y62        LUT6 (Prop_G6LUT_SLICEL_I3_O)
                                                      0.035     1.238 r  core/acc_store/banks[1].parity[1].ram/result_rd_ready_i_1/O
                         net (fo=2, routed)           0.091     1.329    core/acc_store/banks[1].parity[1].ram/rd_ready_i
    SLICE_X155Y62        LUT2 (Prop_C6LUT_SLICEL_I1_O)
                                                      0.050     1.379 r  core/acc_store/banks[1].parity[1].ram/result_sel_q[1]_i_1/O
                         net (fo=6, routed)           0.297     1.676    core/acc_store/banks[1].parity[1].ram/p_25_in
    SLICE_X154Y62        LUT6 (Prop_H6LUT_SLICEM_I5_O)
                                                      0.053     1.729 r  core/acc_store/banks[1].parity[1].ram/data_q[511]_i_2__2/O
                         net (fo=4, routed)           0.822     2.551    core/acc_store/banks[1].parity[0].ram/rd_en00_out
    SLICE_X184Y62        LUT2 (Prop_H6LUT_SLICEM_I0_O)
                                                      0.053     2.604 r  core/acc_store/banks[1].parity[0].ram/data_q[511]_i_1__1/O
                         net (fo=512, routed)         0.814     3.419    core/acc_store/banks[1].parity[0].ram/data_q0
    SLICE_X197Y46        FDRE                                         r  core/acc_store/banks[1].parity[0].ram/data_q_reg[215]/CE
  -------------------------------------------------------------------    -------------------

                         (clock core_clk rise edge)
                                                      4.000     4.000 r  
                                                      0.000     4.000 r  clk (IN)
                         net (fo=28818, unset)        0.021     4.021    core/acc_store/banks[1].parity[0].ram/clk
    SLICE_X197Y46        FDRE                                         r  core/acc_store/banks[1].parity[0].ram/data_q_reg[215]/C
                         clock pessimism              0.000     4.021    
                         clock uncertainty           -0.035     3.986    
    SLICE_X197Y46        FDRE (Setup_HFF2_SLICEM_C_CE)
                                                     -0.061     3.925    core/acc_store/banks[1].parity[0].ram/data_q_reg[215]
  -------------------------------------------------------------------
                         required time                          3.925    
                         arrival time                          -3.419    
  -------------------------------------------------------------------
                         slack                                  0.506    

Slack (MET) :             0.506ns  (required time - arrival time)
  Source:                 core/context_q_reg[1][meta][add_old]/C
                            (rising edge-triggered cell FDRE clocked by core_clk  {rise@0.000ns fall@2.000ns period=4.000ns})
  Destination:            core/acc_store/banks[1].parity[0].ram/data_q_reg[221]/CE
                            (rising edge-triggered cell FDRE clocked by core_clk  {rise@0.000ns fall@2.000ns period=4.000ns})
  Path Group:             core_clk
  Path Type:              Setup (Max at Slow Process Corner)
  Requirement:            4.000ns  (core_clk rise@4.000ns - core_clk rise@0.000ns)
  Data Path Delay:        3.389ns  (logic 0.368ns (10.860%)  route 3.021ns (89.140%))
  Logic Levels:           6  (LUT2=3 LUT5=1 LUT6=2)
  Clock Path Skew:        -0.009ns (DCD - SCD + CPR)
    Destination Clock Delay (DCD):    0.021ns = ( 4.021 - 4.000 ) 
    Source Clock Delay      (SCD):    0.030ns
    Clock Pessimism Removal (CPR):    0.000ns
  Clock Uncertainty:      0.035ns  ((TSJ^2 + TIJ^2)^1/2 + DJ) / 2 + PE
    Total System Jitter     (TSJ):    0.071ns
    Total Input Jitter      (TIJ):    0.000ns
    Discrete Jitter          (DJ):    0.000ns
    Phase Error              (PE):    0.000ns

    Location             Delay type                Incr(ns)  Path(ns)    Netlist Resource(s)
  -------------------------------------------------------------------    -------------------
                         (clock core_clk rise edge)
                                                      0.000     0.000 r  
                                                      0.000     0.000 r  clk (IN)
                         net (fo=28818, unset)        0.030     0.030    core/clk
    SLICE_X150Y62        FDRE                                         r  core/context_q_reg[1][meta][add_old]/C
  -------------------------------------------------------------------    -------------------
    SLICE_X150Y62        FDRE (Prop_EFF_SLICEM_C_Q)
                                                      0.076     0.106 f  core/context_q_reg[1][meta][add_old]/Q
                         net (fo=3, routed)           0.355     0.461    core/acc_store/banks[1].parity[1].ram/context_q_reg[1][meta][add_old]__0
    SLICE_X151Y74        LUT2 (Prop_G6LUT_SLICEL_I1_O)
                                                      0.035     0.496 f  core/acc_store/banks[1].parity[1].ram/rd_sel_q[1]_i_1/O
                         net (fo=101, routed)         0.482     0.978    core/acc_store/banks[1].parity[1].ram/rd_valid
    SLICE_X155Y62        LUT5 (Prop_D5LUT_SLICEL_I0_O)
                                                      0.066     1.044 f  core/acc_store/banks[1].parity[1].ram/result_rd_ready_i_3/O
                         net (fo=1, routed)           0.159     1.203    core/acc_store/banks[1].parity[1].ram/result_rd_ready220_out
    SLICE_X155Y62        LUT6 (Prop_G6LUT_SLICEL_I3_O)
                                                      0.035     1.238 r  core/acc_store/banks[1].parity[1].ram/result_rd_ready_i_1/O
                         net (fo=2, routed)           0.091     1.329    core/acc_store/banks[1].parity[1].ram/rd_ready_i
    SLICE_X155Y62        LUT2 (Prop_C6LUT_SLICEL_I1_O)
                                                      0.050     1.379 r  core/acc_store/banks[1].parity[1].ram/result_sel_q[1]_i_1/O
                         net (fo=6, routed)           0.297     1.676    core/acc_store/banks[1].parity[1].ram/p_25_in
    SLICE_X154Y62        LUT6 (Prop_H6LUT_SLICEM_I5_O)
                                                      0.053     1.729 r  core/acc_store/banks[1].parity[1].ram/data_q[511]_i_2__2/O
                         net (fo=4, routed)           0.822     2.551    core/acc_store/banks[1].parity[0].ram/rd_en00_out
    SLICE_X184Y62        LUT2 (Prop_H6LUT_SLICEM_I0_O)
                                                      0.053     2.604 r  core/acc_store/banks[1].parity[0].ram/data_q[511]_i_1__1/O
                         net (fo=512, routed)         0.814     3.419    core/acc_store/banks[1].parity[0].ram/data_q0
    SLICE_X197Y46        FDRE                                         r  core/acc_store/banks[1].parity[0].ram/data_q_reg[221]/CE
  -------------------------------------------------------------------    -------------------

                         (clock core_clk rise edge)
                                                      4.000     4.000 r  
                                                      0.000     4.000 r  clk (IN)
                         net (fo=28818, unset)        0.021     4.021    core/acc_store/banks[1].parity[0].ram/clk
    SLICE_X197Y46        FDRE                                         r  core/acc_store/banks[1].parity[0].ram/data_q_reg[221]/C
                         clock pessimism              0.000     4.021    
                         clock uncertainty           -0.035     3.986    
    SLICE_X197Y46        FDRE (Setup_GFF2_SLICEM_C_CE)
                                                     -0.061     3.925    core/acc_store/banks[1].parity[0].ram/data_q_reg[221]
  -------------------------------------------------------------------
                         required time                          3.925    
                         arrival time                          -3.419    
  -------------------------------------------------------------------
                         slack                                  0.506    





Min Delay Paths
--------------------------------------------------------------------------------------
Slack (MET) :             0.019ns  (arrival time - required time)
  Source:                 core/genblk1[1].lanes[1].lane/order_q_reg[pre][big_x][25]/C
                            (rising edge-triggered cell FDRE clocked by core_clk  {rise@0.000ns fall@2.000ns period=4.000ns})
  Destination:            core/genblk1[1].lanes[1].lane/align_q_reg[pre][big_x][25]/D
                            (rising edge-triggered cell FDRE clocked by core_clk  {rise@0.000ns fall@2.000ns period=4.000ns})
  Path Group:             core_clk
  Path Type:              Hold (Min at Fast Process Corner)
  Requirement:            0.000ns  (core_clk rise@0.000ns - core_clk rise@0.000ns)
  Data Path Delay:        0.072ns  (logic 0.039ns (54.167%)  route 0.033ns (45.833%))
  Logic Levels:           0  
  Clock Path Skew:        0.006ns (DCD - SCD - CPR)
    Destination Clock Delay (DCD):    0.018ns
    Source Clock Delay      (SCD):    0.012ns
    Clock Pessimism Removal (CPR):    -0.000ns

    Location             Delay type                Incr(ns)  Path(ns)    Netlist Resource(s)
  -------------------------------------------------------------------    -------------------
                         (clock core_clk rise edge)
                                                      0.000     0.000 r  
                                                      0.000     0.000 r  clk (IN)
                         net (fo=28818, unset)        0.012     0.012    core/genblk1[1].lanes[1].lane/clk
    SLICE_X147Y36        FDRE                                         r  core/genblk1[1].lanes[1].lane/order_q_reg[pre][big_x][25]/C
  -------------------------------------------------------------------    -------------------
    SLICE_X147Y36        FDRE (Prop_BFF_SLICEL_C_Q)
                                                      0.039     0.051 r  core/genblk1[1].lanes[1].lane/order_q_reg[pre][big_x][25]/Q
                         net (fo=1, routed)           0.033     0.084    core/genblk1[1].lanes[1].lane/order_q_reg[pre][big_x][25]
    SLICE_X147Y36        FDRE                                         r  core/genblk1[1].lanes[1].lane/align_q_reg[pre][big_x][25]/D
  -------------------------------------------------------------------    -------------------

                         (clock core_clk rise edge)
                                                      0.000     0.000 r  
                                                      0.000     0.000 r  clk (IN)
                         net (fo=28818, unset)        0.018     0.018    core/genblk1[1].lanes[1].lane/clk
    SLICE_X147Y36        FDRE                                         r  core/genblk1[1].lanes[1].lane/align_q_reg[pre][big_x][25]/C
                         clock pessimism              0.000     0.018    
    SLICE_X147Y36        FDRE (Hold_CFF2_SLICEL_C_D)
                                                      0.047     0.065    core/genblk1[1].lanes[1].lane/align_q_reg[pre][big_x][25]
  -------------------------------------------------------------------
                         required time                         -0.065    
                         arrival time                           0.084    
  -------------------------------------------------------------------
                         slack                                  0.019    

Slack (MET) :             0.021ns  (arrival time - required time)
  Source:                 core/genblk1[1].lanes[11].lane/order_q_reg[pre][special_value][25]/C
                            (rising edge-triggered cell FDSE clocked by core_clk  {rise@0.000ns fall@2.000ns period=4.000ns})
  Destination:            core/genblk1[1].lanes[11].lane/control_q_reg[raw][special_value][25]_srl3/D
                            (rising edge-triggered cell SRL16E clocked by core_clk  {rise@0.000ns fall@2.000ns period=4.000ns})
  Path Group:             core_clk
  Path Type:              Hold (Min at Fast Process Corner)
  Requirement:            0.000ns  (core_clk rise@0.000ns - core_clk rise@0.000ns)
  Data Path Delay:        0.092ns  (logic 0.038ns (41.304%)  route 0.054ns (58.696%))
  Logic Levels:           0  
  Clock Path Skew:        0.026ns (DCD - SCD - CPR)
    Destination Clock Delay (DCD):    0.039ns
    Source Clock Delay      (SCD):    0.013ns
    Clock Pessimism Removal (CPR):    -0.000ns

    Location             Delay type                Incr(ns)  Path(ns)    Netlist Resource(s)
  -------------------------------------------------------------------    -------------------
                         (clock core_clk rise edge)
                                                      0.000     0.000 r  
                                                      0.000     0.000 r  clk (IN)
                         net (fo=28818, unset)        0.013     0.013    core/genblk1[1].lanes[11].lane/clk
    SLICE_X139Y28        FDSE                                         r  core/genblk1[1].lanes[11].lane/order_q_reg[pre][special_value][25]/C
  -------------------------------------------------------------------    -------------------
    SLICE_X139Y28        FDSE (Prop_BFF_SLICEM_C_Q)
                                                      0.038     0.051 r  core/genblk1[1].lanes[11].lane/order_q_reg[pre][special_value][25]/Q
                         net (fo=1, routed)           0.054     0.105    core/genblk1[1].lanes[11].lane/order_q_reg[pre][special_value][25]
    SLICE_X139Y27        SRL16E                                       r  core/genblk1[1].lanes[11].lane/control_q_reg[raw][special_value][25]_srl3/D
  -------------------------------------------------------------------    -------------------

                         (clock core_clk rise edge)
                                                      0.000     0.000 r  
                                                      0.000     0.000 r  clk (IN)
                         net (fo=28818, unset)        0.039     0.039    core/genblk1[1].lanes[11].lane/clk
    SLICE_X139Y27        SRL16E                                       r  core/genblk1[1].lanes[11].lane/control_q_reg[raw][special_value][25]_srl3/CLK
                         clock pessimism              0.000     0.039    
    SLICE_X139Y27        SRL16E (Hold_B5LUT_SLICEM_CLK_D)
                                                      0.045     0.084    core/genblk1[1].lanes[11].lane/control_q_reg[raw][special_value][25]_srl3
  -------------------------------------------------------------------
                         required time                         -0.084    
                         arrival time                           0.105    
  -------------------------------------------------------------------
                         slack                                  0.021    

Slack (MET) :             0.021ns  (arrival time - required time)
  Source:                 core/commit_meta_reg[nt][2]/C
                            (rising edge-triggered cell FDRE clocked by core_clk  {rise@0.000ns fall@2.000ns period=4.000ns})
  Destination:            commit_meta_reg[nt][2]/D
                            (rising edge-triggered cell FDRE clocked by core_clk  {rise@0.000ns fall@2.000ns period=4.000ns})
  Path Group:             core_clk
  Path Type:              Hold (Min at Fast Process Corner)
  Requirement:            0.000ns  (core_clk rise@0.000ns - core_clk rise@0.000ns)
  Data Path Delay:        0.074ns  (logic 0.039ns (52.703%)  route 0.035ns (47.297%))
  Logic Levels:           0  
  Clock Path Skew:        0.006ns (DCD - SCD - CPR)
    Destination Clock Delay (DCD):    0.019ns
    Source Clock Delay      (SCD):    0.013ns
    Clock Pessimism Removal (CPR):    -0.000ns

    Location             Delay type                Incr(ns)  Path(ns)    Netlist Resource(s)
  -------------------------------------------------------------------    -------------------
                         (clock core_clk rise edge)
                                                      0.000     0.000 r  
                                                      0.000     0.000 r  clk (IN)
                         net (fo=28818, unset)        0.013     0.013    core/clk
    SLICE_X159Y66        FDRE                                         r  core/commit_meta_reg[nt][2]/C
  -------------------------------------------------------------------    -------------------
    SLICE_X159Y66        FDRE (Prop_GFF_SLICEL_C_Q)
                                                      0.039     0.052 r  core/commit_meta_reg[nt][2]/Q
                         net (fo=1, routed)           0.035     0.087    meta_i[nt][2]
    SLICE_X159Y66        FDRE                                         r  commit_meta_reg[nt][2]/D
  -------------------------------------------------------------------    -------------------

                         (clock core_clk rise edge)
                                                      0.000     0.000 r  
                                                      0.000     0.000 r  clk (IN)
                         net (fo=28818, unset)        0.019     0.019    clk
    SLICE_X159Y66        FDRE                                         r  commit_meta_reg[nt][2]/C
                         clock pessimism              0.000     0.019    
    SLICE_X159Y66        FDRE (Hold_EFF2_SLICEL_C_D)
                                                      0.047     0.066    commit_meta_reg[nt][2]
  -------------------------------------------------------------------
                         required time                         -0.066    
                         arrival time                           0.087    
  -------------------------------------------------------------------
                         slack                                  0.021    

Slack (MET) :             0.021ns  (arrival time - required time)
  Source:                 rsp_q_reg[e_stat][5][5]/C
                            (rising edge-triggered cell FDRE clocked by core_clk  {rise@0.000ns fall@2.000ns period=4.000ns})
  Destination:            core/magnitude_q_reg[0][5][b][5]/D
                            (rising edge-triggered cell FDRE clocked by core_clk  {rise@0.000ns fall@2.000ns period=4.000ns})
  Path Group:             core_clk
  Path Type:              Hold (Min at Fast Process Corner)
  Requirement:            0.000ns  (core_clk rise@0.000ns - core_clk rise@0.000ns)
  Data Path Delay:        0.074ns  (logic 0.039ns (52.703%)  route 0.035ns (47.297%))
  Logic Levels:           0  
  Clock Path Skew:        0.006ns (DCD - SCD - CPR)
    Destination Clock Delay (DCD):    0.019ns
    Source Clock Delay      (SCD):    0.013ns
    Clock Pessimism Removal (CPR):    -0.000ns

    Location             Delay type                Incr(ns)  Path(ns)    Netlist Resource(s)
  -------------------------------------------------------------------    -------------------
                         (clock core_clk rise edge)
                                                      0.000     0.000 r  
                                                      0.000     0.000 r  clk (IN)
                         net (fo=28818, unset)        0.013     0.013    clk
    SLICE_X163Y12        FDRE                                         r  rsp_q_reg[e_stat][5][5]/C
  -------------------------------------------------------------------    -------------------
    SLICE_X163Y12        FDRE (Prop_GFF_SLICEL_C_Q)
                                                      0.039     0.052 r  rsp_q_reg[e_stat][5][5]/Q
                         net (fo=2, routed)           0.035     0.087    core/magnitude_q_reg[0][5][b][7]_0[5]
    SLICE_X163Y12        FDRE                                         r  core/magnitude_q_reg[0][5][b][5]/D
  -------------------------------------------------------------------    -------------------

                         (clock core_clk rise edge)
                                                      0.000     0.000 r  
                                                      0.000     0.000 r  clk (IN)
                         net (fo=28818, unset)        0.019     0.019    core/clk
    SLICE_X163Y12        FDRE                                         r  core/magnitude_q_reg[0][5][b][5]/C
                         clock pessimism              0.000     0.019    
    SLICE_X163Y12        FDRE (Hold_EFF2_SLICEL_C_D)
                                                      0.047     0.066    core/magnitude_q_reg[0][5][b][5]
  -------------------------------------------------------------------
                         required time                         -0.066    
                         arrival time                           0.087    
  -------------------------------------------------------------------
                         slack                                  0.021    

Slack (MET) :             0.021ns  (arrival time - required time)
  Source:                 rsp_q_reg[e_stat][8][2]/C
                            (rising edge-triggered cell FDRE clocked by core_clk  {rise@0.000ns fall@2.000ns period=4.000ns})
  Destination:            core/magnitude_q_reg[0][8][b][2]/D
                            (rising edge-triggered cell FDRE clocked by core_clk  {rise@0.000ns fall@2.000ns period=4.000ns})
  Path Group:             core_clk
  Path Type:              Hold (Min at Fast Process Corner)
  Requirement:            0.000ns  (core_clk rise@0.000ns - core_clk rise@0.000ns)
  Data Path Delay:        0.074ns  (logic 0.039ns (52.703%)  route 0.035ns (47.297%))
  Logic Levels:           0  
  Clock Path Skew:        0.006ns (DCD - SCD - CPR)
    Destination Clock Delay (DCD):    0.019ns
    Source Clock Delay      (SCD):    0.013ns
    Clock Pessimism Removal (CPR):    -0.000ns

    Location             Delay type                Incr(ns)  Path(ns)    Netlist Resource(s)
  -------------------------------------------------------------------    -------------------
                         (clock core_clk rise edge)
                                                      0.000     0.000 r  
                                                      0.000     0.000 r  clk (IN)
                         net (fo=28818, unset)        0.013     0.013    clk
    SLICE_X160Y23        FDRE                                         r  rsp_q_reg[e_stat][8][2]/C
  -------------------------------------------------------------------    -------------------
    SLICE_X160Y23        FDRE (Prop_GFF_SLICEL_C_Q)
                                                      0.039     0.052 r  rsp_q_reg[e_stat][8][2]/Q
                         net (fo=2, routed)           0.035     0.087    core/magnitude_q_reg[0][8][b][7]_0[2]
    SLICE_X160Y23        FDRE                                         r  core/magnitude_q_reg[0][8][b][2]/D
  -------------------------------------------------------------------    -------------------

                         (clock core_clk rise edge)
                                                      0.000     0.000 r  
                                                      0.000     0.000 r  clk (IN)
                         net (fo=28818, unset)        0.019     0.019    core/clk
    SLICE_X160Y23        FDRE                                         r  core/magnitude_q_reg[0][8][b][2]/C
                         clock pessimism              0.000     0.019    
    SLICE_X160Y23        FDRE (Hold_EFF2_SLICEL_C_D)
                                                      0.047     0.066    core/magnitude_q_reg[0][8][b][2]
  -------------------------------------------------------------------
                         required time                         -0.066    
                         arrival time                           0.087    
  -------------------------------------------------------------------
                         slack                                  0.021    

Slack (MET) :             0.022ns  (arrival time - required time)
  Source:                 core/genblk1[0].lanes[2].lane/order_q_reg[pre][special_value][25]/C
                            (rising edge-triggered cell FDSE clocked by core_clk  {rise@0.000ns fall@2.000ns period=4.000ns})
  Destination:            core/genblk1[0].lanes[2].lane/control_q_reg[raw][special_value][25]_srl3/D
                            (rising edge-triggered cell SRL16E clocked by core_clk  {rise@0.000ns fall@2.000ns period=4.000ns})
  Path Group:             core_clk
  Path Type:              Hold (Min at Fast Process Corner)
  Requirement:            0.000ns  (core_clk rise@0.000ns - core_clk rise@0.000ns)
  Data Path Delay:        0.094ns  (logic 0.039ns (41.489%)  route 0.055ns (58.511%))
  Logic Levels:           0  
  Clock Path Skew:        0.027ns (DCD - SCD - CPR)
    Destination Clock Delay (DCD):    0.039ns
    Source Clock Delay      (SCD):    0.012ns
    Clock Pessimism Removal (CPR):    -0.000ns

    Location             Delay type                Incr(ns)  Path(ns)    Netlist Resource(s)
  -------------------------------------------------------------------    -------------------
                         (clock core_clk rise edge)
                                                      0.000     0.000 r  
                                                      0.000     0.000 r  clk (IN)
                         net (fo=28818, unset)        0.012     0.012    core/genblk1[0].lanes[2].lane/clk
    SLICE_X170Y31        FDSE                                         r  core/genblk1[0].lanes[2].lane/order_q_reg[pre][special_value][25]/C
  -------------------------------------------------------------------    -------------------
    SLICE_X170Y31        FDSE (Prop_CFF_SLICEL_C_Q)
                                                      0.039     0.051 r  core/genblk1[0].lanes[2].lane/order_q_reg[pre][special_value][25]/Q
                         net (fo=1, routed)           0.055     0.106    core/genblk1[0].lanes[2].lane/order_q_reg[pre][special_value][25]
    SLICE_X171Y31        SRL16E                                       r  core/genblk1[0].lanes[2].lane/control_q_reg[raw][special_value][25]_srl3/D
  -------------------------------------------------------------------    -------------------

                         (clock core_clk rise edge)
                                                      0.000     0.000 r  
                                                      0.000     0.000 r  clk (IN)
                         net (fo=28818, unset)        0.039     0.039    core/genblk1[0].lanes[2].lane/clk
    SLICE_X171Y31        SRL16E                                       r  core/genblk1[0].lanes[2].lane/control_q_reg[raw][special_value][25]_srl3/CLK
                         clock pessimism              0.000     0.039    
    SLICE_X171Y31        SRL16E (Hold_B5LUT_SLICEM_CLK_D)
                                                      0.045     0.084    core/genblk1[0].lanes[2].lane/control_q_reg[raw][special_value][25]_srl3
  -------------------------------------------------------------------
                         required time                         -0.084    
                         arrival time                           0.106    
  -------------------------------------------------------------------
                         slack                                  0.022    

Slack (MET) :             0.022ns  (arrival time - required time)
  Source:                 core/genblk1[0].lanes[7].lane/order_q_reg[pre][special_value][12]/C
                            (rising edge-triggered cell FDRE clocked by core_clk  {rise@0.000ns fall@2.000ns period=4.000ns})
  Destination:            core/genblk1[0].lanes[7].lane/control_q_reg[raw][special_value][12]_srl3/D
                            (rising edge-triggered cell SRL16E clocked by core_clk  {rise@0.000ns fall@2.000ns period=4.000ns})
  Path Group:             core_clk
  Path Type:              Hold (Min at Fast Process Corner)
  Requirement:            0.000ns  (core_clk rise@0.000ns - core_clk rise@0.000ns)
  Data Path Delay:        0.092ns  (logic 0.041ns (44.565%)  route 0.051ns (55.435%))
  Logic Levels:           0  
  Clock Path Skew:        0.027ns (DCD - SCD - CPR)
    Destination Clock Delay (DCD):    0.039ns
    Source Clock Delay      (SCD):    0.012ns
    Clock Pessimism Removal (CPR):    -0.000ns

    Location             Delay type                Incr(ns)  Path(ns)    Netlist Resource(s)
  -------------------------------------------------------------------    -------------------
                         (clock core_clk rise edge)
                                                      0.000     0.000 r  
                                                      0.000     0.000 r  clk (IN)
                         net (fo=28818, unset)        0.012     0.012    core/genblk1[0].lanes[7].lane/clk
    SLICE_X198Y33        FDRE                                         r  core/genblk1[0].lanes[7].lane/order_q_reg[pre][special_value][12]/C
  -------------------------------------------------------------------    -------------------
    SLICE_X198Y33        FDRE (Prop_DFF2_SLICEL_C_Q)
                                                      0.041     0.053 r  core/genblk1[0].lanes[7].lane/order_q_reg[pre][special_value][12]/Q
                         net (fo=1, routed)           0.051     0.104    core/genblk1[0].lanes[7].lane/order_q_reg[pre][special_value][12]
    SLICE_X197Y33        SRL16E                                       r  core/genblk1[0].lanes[7].lane/control_q_reg[raw][special_value][12]_srl3/D
  -------------------------------------------------------------------    -------------------

                         (clock core_clk rise edge)
                                                      0.000     0.000 r  
                                                      0.000     0.000 r  clk (IN)
                         net (fo=28818, unset)        0.039     0.039    core/genblk1[0].lanes[7].lane/clk
    SLICE_X197Y33        SRL16E                                       r  core/genblk1[0].lanes[7].lane/control_q_reg[raw][special_value][12]_srl3/CLK
                         clock pessimism              0.000     0.039    
    SLICE_X197Y33        SRL16E (Hold_E5LUT_SLICEM_CLK_D)
                                                      0.043     0.082    core/genblk1[0].lanes[7].lane/control_q_reg[raw][special_value][12]_srl3
  -------------------------------------------------------------------
                         required time                         -0.082    
                         arrival time                           0.104    
  -------------------------------------------------------------------
                         slack                                  0.022    

Slack (MET) :             0.023ns  (arrival time - required time)
  Source:                 rsp_q_reg[e_stat][12][2]/C
                            (rising edge-triggered cell FDRE clocked by core_clk  {rise@0.000ns fall@2.000ns period=4.000ns})
  Destination:            core/magnitude_q_reg[0][12][b][2]/D
                            (rising edge-triggered cell FDRE clocked by core_clk  {rise@0.000ns fall@2.000ns period=4.000ns})
  Path Group:             core_clk
  Path Type:              Hold (Min at Fast Process Corner)
  Requirement:            0.000ns  (core_clk rise@0.000ns - core_clk rise@0.000ns)
  Data Path Delay:        0.076ns  (logic 0.039ns (51.419%)  route 0.037ns (48.581%))
  Logic Levels:           0  
  Clock Path Skew:        0.006ns (DCD - SCD - CPR)
    Destination Clock Delay (DCD):    0.019ns
    Source Clock Delay      (SCD):    0.013ns
    Clock Pessimism Removal (CPR):    -0.000ns

    Location             Delay type                Incr(ns)  Path(ns)    Netlist Resource(s)
  -------------------------------------------------------------------    -------------------
                         (clock core_clk rise edge)
                                                      0.000     0.000 r  
                                                      0.000     0.000 r  clk (IN)
                         net (fo=28818, unset)        0.013     0.013    clk
    SLICE_X163Y72        FDRE                                         r  rsp_q_reg[e_stat][12][2]/C
  -------------------------------------------------------------------    -------------------
    SLICE_X163Y72        FDRE (Prop_GFF_SLICEL_C_Q)
                                                      0.039     0.052 r  rsp_q_reg[e_stat][12][2]/Q
                         net (fo=3, routed)           0.037     0.089    core/magnitude_q_reg[0][12][b][7]_0[2]
    SLICE_X163Y72        FDRE                                         r  core/magnitude_q_reg[0][12][b][2]/D
  -------------------------------------------------------------------    -------------------

                         (clock core_clk rise edge)
                                                      0.000     0.000 r  
                                                      0.000     0.000 r  clk (IN)
                         net (fo=28818, unset)        0.019     0.019    core/clk
    SLICE_X163Y72        FDRE                                         r  core/magnitude_q_reg[0][12][b][2]/C
                         clock pessimism              0.000     0.019    
    SLICE_X163Y72        FDRE (Hold_EFF2_SLICEL_C_D)
                                                      0.047     0.066    core/magnitude_q_reg[0][12][b][2]
  -------------------------------------------------------------------
                         required time                         -0.066    
                         arrival time                           0.089    
  -------------------------------------------------------------------
                         slack                                  0.023    

Slack (MET) :             0.023ns  (arrival time - required time)
  Source:                 core/genblk1[0].lanes[10].lane/order_q_reg[pre][special_value][13]/C
                            (rising edge-triggered cell FDRE clocked by core_clk  {rise@0.000ns fall@2.000ns period=4.000ns})
  Destination:            core/genblk1[0].lanes[10].lane/control_q_reg[raw][special_value][13]_srl3/D
                            (rising edge-triggered cell SRL16E clocked by core_clk  {rise@0.000ns fall@2.000ns period=4.000ns})
  Path Group:             core_clk
  Path Type:              Hold (Min at Fast Process Corner)
  Requirement:            0.000ns  (core_clk rise@0.000ns - core_clk rise@0.000ns)
  Data Path Delay:        0.095ns  (logic 0.039ns (41.053%)  route 0.056ns (58.947%))
  Logic Levels:           0  
  Clock Path Skew:        0.026ns (DCD - SCD - CPR)
    Destination Clock Delay (DCD):    0.039ns
    Source Clock Delay      (SCD):    0.013ns
    Clock Pessimism Removal (CPR):    -0.000ns

    Location             Delay type                Incr(ns)  Path(ns)    Netlist Resource(s)
  -------------------------------------------------------------------    -------------------
                         (clock core_clk rise edge)
                                                      0.000     0.000 r  
                                                      0.000     0.000 r  clk (IN)
                         net (fo=28818, unset)        0.013     0.013    core/genblk1[0].lanes[10].lane/clk
    SLICE_X196Y77        FDRE                                         r  core/genblk1[0].lanes[10].lane/order_q_reg[pre][special_value][13]/C
  -------------------------------------------------------------------    -------------------
    SLICE_X196Y77        FDRE (Prop_DFF_SLICEM_C_Q)
                                                      0.039     0.052 r  core/genblk1[0].lanes[10].lane/order_q_reg[pre][special_value][13]/Q
                         net (fo=1, routed)           0.056     0.108    core/genblk1[0].lanes[10].lane/order_q_reg[pre][special_value][13]
    SLICE_X196Y76        SRL16E                                       r  core/genblk1[0].lanes[10].lane/control_q_reg[raw][special_value][13]_srl3/D
  -------------------------------------------------------------------    -------------------

                         (clock core_clk rise edge)
                                                      0.000     0.000 r  
                                                      0.000     0.000 r  clk (IN)
                         net (fo=28818, unset)        0.039     0.039    core/genblk1[0].lanes[10].lane/clk
    SLICE_X196Y76        SRL16E                                       r  core/genblk1[0].lanes[10].lane/control_q_reg[raw][special_value][13]_srl3/CLK
                         clock pessimism              0.000     0.039    
    SLICE_X196Y76        SRL16E (Hold_F5LUT_SLICEM_CLK_D)
                                                      0.046     0.085    core/genblk1[0].lanes[10].lane/control_q_reg[raw][special_value][13]_srl3
  -------------------------------------------------------------------
                         required time                         -0.085    
                         arrival time                           0.108    
  -------------------------------------------------------------------
                         slack                                  0.023    

Slack (MET) :             0.023ns  (arrival time - required time)
  Source:                 core/genblk1[0].lanes[12].lane/order_q_reg[pre][special_value][8]/C
                            (rising edge-triggered cell FDRE clocked by core_clk  {rise@0.000ns fall@2.000ns period=4.000ns})
  Destination:            core/genblk1[0].lanes[12].lane/control_q_reg[raw][special_value][8]_srl3/D
                            (rising edge-triggered cell SRL16E clocked by core_clk  {rise@0.000ns fall@2.000ns period=4.000ns})
  Path Group:             core_clk
  Path Type:              Hold (Min at Fast Process Corner)
  Requirement:            0.000ns  (core_clk rise@0.000ns - core_clk rise@0.000ns)
  Data Path Delay:        0.095ns  (logic 0.039ns (41.053%)  route 0.056ns (58.947%))
  Logic Levels:           0  
  Clock Path Skew:        0.026ns (DCD - SCD - CPR)
    Destination Clock Delay (DCD):    0.039ns
    Source Clock Delay      (SCD):    0.013ns
    Clock Pessimism Removal (CPR):    -0.000ns

    Location             Delay type                Incr(ns)  Path(ns)    Netlist Resource(s)
  -------------------------------------------------------------------    -------------------
                         (clock core_clk rise edge)
                                                      0.000     0.000 r  
                                                      0.000     0.000 r  clk (IN)
                         net (fo=28818, unset)        0.013     0.013    core/genblk1[0].lanes[12].lane/clk
    SLICE_X196Y66        FDRE                                         r  core/genblk1[0].lanes[12].lane/order_q_reg[pre][special_value][8]/C
  -------------------------------------------------------------------    -------------------
    SLICE_X196Y66        FDRE (Prop_HFF2_SLICEM_C_Q)
                                                      0.039     0.052 r  core/genblk1[0].lanes[12].lane/order_q_reg[pre][special_value][8]/Q
                         net (fo=1, routed)           0.056     0.108    core/genblk1[0].lanes[12].lane/order_q_reg[pre][special_value][8]
    SLICE_X196Y67        SRL16E                                       r  core/genblk1[0].lanes[12].lane/control_q_reg[raw][special_value][8]_srl3/D
  -------------------------------------------------------------------    -------------------

                         (clock core_clk rise edge)
                                                      0.000     0.000 r  
                                                      0.000     0.000 r  clk (IN)
                         net (fo=28818, unset)        0.039     0.039    core/genblk1[0].lanes[12].lane/clk
    SLICE_X196Y67        SRL16E                                       r  core/genblk1[0].lanes[12].lane/control_q_reg[raw][special_value][8]_srl3/CLK
                         clock pessimism              0.000     0.039    
    SLICE_X196Y67        SRL16E (Hold_A5LUT_SLICEM_CLK_D)
                                                      0.046     0.085    core/genblk1[0].lanes[12].lane/control_q_reg[raw][special_value][8]_srl3
  -------------------------------------------------------------------
                         required time                         -0.085    
                         arrival time                           0.108    
  -------------------------------------------------------------------
                         slack                                  0.023    

Slack (MET) :             0.023ns  (arrival time - required time)
  Source:                 core/genblk1[0].lanes[15].lane/order_q_reg[pre][special_value][25]/C
                            (rising edge-triggered cell FDSE clocked by core_clk  {rise@0.000ns fall@2.000ns period=4.000ns})
  Destination:            core/genblk1[0].lanes[15].lane/control_q_reg[raw][special_value][25]_srl3/D
                            (rising edge-triggered cell SRL16E clocked by core_clk  {rise@0.000ns fall@2.000ns period=4.000ns})
  Path Group:             core_clk
  Path Type:              Hold (Min at Fast Process Corner)
  Requirement:            0.000ns  (core_clk rise@0.000ns - core_clk rise@0.000ns)
  Data Path Delay:        0.095ns  (logic 0.039ns (41.053%)  route 0.056ns (58.947%))
  Logic Levels:           0  
  Clock Path Skew:        0.027ns (DCD - SCD - CPR)
    Destination Clock Delay (DCD):    0.039ns
    Source Clock Delay      (SCD):    0.012ns
    Clock Pessimism Removal (CPR):    -0.000ns

    Location             Delay type                Incr(ns)  Path(ns)    Netlist Resource(s)
  -------------------------------------------------------------------    -------------------
                         (clock core_clk rise edge)
                                                      0.000     0.000 r  
                                                      0.000     0.000 r  clk (IN)
                         net (fo=28818, unset)        0.012     0.012    core/genblk1[0].lanes[15].lane/clk
    SLICE_X178Y101       FDSE                                         r  core/genblk1[0].lanes[15].lane/order_q_reg[pre][special_value][25]/C
  -------------------------------------------------------------------    -------------------
    SLICE_X178Y101       FDSE (Prop_DFF_SLICEL_C_Q)
                                                      0.039     0.051 r  core/genblk1[0].lanes[15].lane/order_q_reg[pre][special_value][25]/Q
                         net (fo=1, routed)           0.056     0.107    core/genblk1[0].lanes[15].lane/order_q_reg[pre][special_value][25]
    SLICE_X179Y101       SRL16E                                       r  core/genblk1[0].lanes[15].lane/control_q_reg[raw][special_value][25]_srl3/D
  -------------------------------------------------------------------    -------------------

                         (clock core_clk rise edge)
                                                      0.000     0.000 r  
                                                      0.000     0.000 r  clk (IN)
                         net (fo=28818, unset)        0.039     0.039    core/genblk1[0].lanes[15].lane/clk
    SLICE_X179Y101       SRL16E                                       r  core/genblk1[0].lanes[15].lane/control_q_reg[raw][special_value][25]_srl3/CLK
                         clock pessimism              0.000     0.039    
    SLICE_X179Y101       SRL16E (Hold_B5LUT_SLICEM_CLK_D)
                                                      0.045     0.084    core/genblk1[0].lanes[15].lane/control_q_reg[raw][special_value][25]_srl3
  -------------------------------------------------------------------
                         required time                         -0.084    
                         arrival time                           0.107    
  -------------------------------------------------------------------
                         slack                                  0.023    

Slack (MET) :             0.023ns  (arrival time - required time)
  Source:                 core/genblk1[0].lanes[1].lane/order_q_reg[pre][special_value][13]/C
                            (rising edge-triggered cell FDRE clocked by core_clk  {rise@0.000ns fall@2.000ns period=4.000ns})
  Destination:            core/genblk1[0].lanes[1].lane/control_q_reg[raw][special_value][13]_srl3/D
                            (rising edge-triggered cell SRL16E clocked by core_clk  {rise@0.000ns fall@2.000ns period=4.000ns})
  Path Group:             core_clk
  Path Type:              Hold (Min at Fast Process Corner)
  Requirement:            0.000ns  (core_clk rise@0.000ns - core_clk rise@0.000ns)
  Data Path Delay:        0.095ns  (logic 0.039ns (41.053%)  route 0.056ns (58.947%))
  Logic Levels:           0  
  Clock Path Skew:        0.026ns (DCD - SCD - CPR)
    Destination Clock Delay (DCD):    0.039ns
    Source Clock Delay      (SCD):    0.013ns
    Clock Pessimism Removal (CPR):    -0.000ns

    Location             Delay type                Incr(ns)  Path(ns)    Netlist Resource(s)
  -------------------------------------------------------------------    -------------------
                         (clock core_clk rise edge)
                                                      0.000     0.000 r  
                                                      0.000     0.000 r  clk (IN)
                         net (fo=28818, unset)        0.013     0.013    core/genblk1[0].lanes[1].lane/clk
    SLICE_X175Y58        FDRE                                         r  core/genblk1[0].lanes[1].lane/order_q_reg[pre][special_value][13]/C
  -------------------------------------------------------------------    -------------------
    SLICE_X175Y58        FDRE (Prop_DFF_SLICEM_C_Q)
                                                      0.039     0.052 r  core/genblk1[0].lanes[1].lane/order_q_reg[pre][special_value][13]/Q
                         net (fo=1, routed)           0.056     0.108    core/genblk1[0].lanes[1].lane/order_q_reg[pre][special_value][13]
    SLICE_X175Y57        SRL16E                                       r  core/genblk1[0].lanes[1].lane/control_q_reg[raw][special_value][13]_srl3/D
  -------------------------------------------------------------------    -------------------

                         (clock core_clk rise edge)
                                                      0.000     0.000 r  
                                                      0.000     0.000 r  clk (IN)
                         net (fo=28818, unset)        0.039     0.039    core/genblk1[0].lanes[1].lane/clk
    SLICE_X175Y57        SRL16E                                       r  core/genblk1[0].lanes[1].lane/control_q_reg[raw][special_value][13]_srl3/CLK
                         clock pessimism              0.000     0.039    
    SLICE_X175Y57        SRL16E (Hold_F5LUT_SLICEM_CLK_D)
                                                      0.046     0.085    core/genblk1[0].lanes[1].lane/control_q_reg[raw][special_value][13]_srl3
  -------------------------------------------------------------------
                         required time                         -0.085    
                         arrival time                           0.108    
  -------------------------------------------------------------------
                         slack                                  0.023    

Slack (MET) :             0.023ns  (arrival time - required time)
  Source:                 core/genblk1[1].lanes[0].lane/order_q_reg[pre][special_value][26]/C
                            (rising edge-triggered cell FDSE clocked by core_clk  {rise@0.000ns fall@2.000ns period=4.000ns})
  Destination:            core/genblk1[1].lanes[0].lane/control_q_reg[raw][special_value][26]_srl3/D
                            (rising edge-triggered cell SRL16E clocked by core_clk  {rise@0.000ns fall@2.000ns period=4.000ns})
  Path Group:             core_clk
  Path Type:              Hold (Min at Fast Process Corner)
  Requirement:            0.000ns  (core_clk rise@0.000ns - core_clk rise@0.000ns)
  Data Path Delay:        0.095ns  (logic 0.040ns (42.105%)  route 0.055ns (57.895%))
  Logic Levels:           0  
  Clock Path Skew:        0.026ns (DCD - SCD - CPR)
    Destination Clock Delay (DCD):    0.039ns
    Source Clock Delay      (SCD):    0.013ns
    Clock Pessimism Removal (CPR):    -0.000ns

    Location             Delay type                Incr(ns)  Path(ns)    Netlist Resource(s)
  -------------------------------------------------------------------    -------------------
                         (clock core_clk rise edge)
                                                      0.000     0.000 r  
                                                      0.000     0.000 r  clk (IN)
                         net (fo=28818, unset)        0.013     0.013    core/genblk1[1].lanes[0].lane/clk
    SLICE_X133Y9         FDSE                                         r  core/genblk1[1].lanes[0].lane/order_q_reg[pre][special_value][26]/C
  -------------------------------------------------------------------    -------------------
    SLICE_X133Y9         FDSE (Prop_BFF2_SLICEM_C_Q)
                                                      0.040     0.053 r  core/genblk1[1].lanes[0].lane/order_q_reg[pre][special_value][26]/Q
                         net (fo=1, routed)           0.055     0.108    core/genblk1[1].lanes[0].lane/order_q_reg[pre][special_value][26]
    SLICE_X133Y10        SRL16E                                       r  core/genblk1[1].lanes[0].lane/control_q_reg[raw][special_value][26]_srl3/D
  -------------------------------------------------------------------    -------------------

                         (clock core_clk rise edge)
                                                      0.000     0.000 r  
                                                      0.000     0.000 r  clk (IN)
                         net (fo=28818, unset)        0.039     0.039    core/genblk1[1].lanes[0].lane/clk
    SLICE_X133Y10        SRL16E                                       r  core/genblk1[1].lanes[0].lane/control_q_reg[raw][special_value][26]_srl3/CLK
                         clock pessimism              0.000     0.039    
    SLICE_X133Y10        SRL16E (Hold_C5LUT_SLICEM_CLK_D)
                                                      0.046     0.085    core/genblk1[1].lanes[0].lane/control_q_reg[raw][special_value][26]_srl3
  -------------------------------------------------------------------
                         required time                         -0.085    
                         arrival time                           0.108    
  -------------------------------------------------------------------
                         slack                                  0.023    

Slack (MET) :             0.023ns  (arrival time - required time)
  Source:                 core/genblk1[1].lanes[2].lane/order_q_reg[pre][special_value][25]/C
                            (rising edge-triggered cell FDSE clocked by core_clk  {rise@0.000ns fall@2.000ns period=4.000ns})
  Destination:            core/genblk1[1].lanes[2].lane/control_q_reg[raw][special_value][25]_srl3/D
                            (rising edge-triggered cell SRL16E clocked by core_clk  {rise@0.000ns fall@2.000ns period=4.000ns})
  Path Group:             core_clk
  Path Type:              Hold (Min at Fast Process Corner)
  Requirement:            0.000ns  (core_clk rise@0.000ns - core_clk rise@0.000ns)
  Data Path Delay:        0.094ns  (logic 0.038ns (40.426%)  route 0.056ns (59.574%))
  Logic Levels:           0  
  Clock Path Skew:        0.026ns (DCD - SCD - CPR)
    Destination Clock Delay (DCD):    0.039ns
    Source Clock Delay      (SCD):    0.013ns
    Clock Pessimism Removal (CPR):    -0.000ns

    Location             Delay type                Incr(ns)  Path(ns)    Netlist Resource(s)
  -------------------------------------------------------------------    -------------------
                         (clock core_clk rise edge)
                                                      0.000     0.000 r  
                                                      0.000     0.000 r  clk (IN)
                         net (fo=28818, unset)        0.013     0.013    core/genblk1[1].lanes[2].lane/clk
    SLICE_X126Y19        FDSE                                         r  core/genblk1[1].lanes[2].lane/order_q_reg[pre][special_value][25]/C
  -------------------------------------------------------------------    -------------------
    SLICE_X126Y19        FDSE (Prop_BFF_SLICEM_C_Q)
                                                      0.038     0.051 r  core/genblk1[1].lanes[2].lane/order_q_reg[pre][special_value][25]/Q
                         net (fo=1, routed)           0.056     0.107    core/genblk1[1].lanes[2].lane/order_q_reg[pre][special_value][25]
    SLICE_X126Y21        SRL16E                                       r  core/genblk1[1].lanes[2].lane/control_q_reg[raw][special_value][25]_srl3/D
  -------------------------------------------------------------------    -------------------

                         (clock core_clk rise edge)
                                                      0.000     0.000 r  
                                                      0.000     0.000 r  clk (IN)
                         net (fo=28818, unset)        0.039     0.039    core/genblk1[1].lanes[2].lane/clk
    SLICE_X126Y21        SRL16E                                       r  core/genblk1[1].lanes[2].lane/control_q_reg[raw][special_value][25]_srl3/CLK
                         clock pessimism              0.000     0.039    
    SLICE_X126Y21        SRL16E (Hold_B5LUT_SLICEM_CLK_D)
                                                      0.045     0.084    core/genblk1[1].lanes[2].lane/control_q_reg[raw][special_value][25]_srl3
  -------------------------------------------------------------------
                         required time                         -0.084    
                         arrival time                           0.107    
  -------------------------------------------------------------------
                         slack                                  0.023    

Slack (MET) :             0.023ns  (arrival time - required time)
  Source:                 core/genblk1[1].lanes[5].lane/order_q_reg[pre][special_value][8]/C
                            (rising edge-triggered cell FDRE clocked by core_clk  {rise@0.000ns fall@2.000ns period=4.000ns})
  Destination:            core/genblk1[1].lanes[5].lane/control_q_reg[raw][special_value][8]_srl3/D
                            (rising edge-triggered cell SRL16E clocked by core_clk  {rise@0.000ns fall@2.000ns period=4.000ns})
  Path Group:             core_clk
  Path Type:              Hold (Min at Fast Process Corner)
  Requirement:            0.000ns  (core_clk rise@0.000ns - core_clk rise@0.000ns)
  Data Path Delay:        0.095ns  (logic 0.039ns (41.053%)  route 0.056ns (58.947%))
  Logic Levels:           0  
  Clock Path Skew:        0.026ns (DCD - SCD - CPR)
    Destination Clock Delay (DCD):    0.039ns
    Source Clock Delay      (SCD):    0.013ns
    Clock Pessimism Removal (CPR):    -0.000ns

    Location             Delay type                Incr(ns)  Path(ns)    Netlist Resource(s)
  -------------------------------------------------------------------    -------------------
                         (clock core_clk rise edge)
                                                      0.000     0.000 r  
                                                      0.000     0.000 r  clk (IN)
                         net (fo=28818, unset)        0.013     0.013    core/genblk1[1].lanes[5].lane/clk
    SLICE_X122Y16        FDRE                                         r  core/genblk1[1].lanes[5].lane/order_q_reg[pre][special_value][8]/C
  -------------------------------------------------------------------    -------------------
    SLICE_X122Y16        FDRE (Prop_HFF2_SLICEM_C_Q)
                                                      0.039     0.052 r  core/genblk1[1].lanes[5].lane/order_q_reg[pre][special_value][8]/Q
                         net (fo=1, routed)           0.056     0.108    core/genblk1[1].lanes[5].lane/order_q_reg[pre][special_value][8]
    SLICE_X122Y17        SRL16E                                       r  core/genblk1[1].lanes[5].lane/control_q_reg[raw][special_value][8]_srl3/D
  -------------------------------------------------------------------    -------------------

                         (clock core_clk rise edge)
                                                      0.000     0.000 r  
                                                      0.000     0.000 r  clk (IN)
                         net (fo=28818, unset)        0.039     0.039    core/genblk1[1].lanes[5].lane/clk
    SLICE_X122Y17        SRL16E                                       r  core/genblk1[1].lanes[5].lane/control_q_reg[raw][special_value][8]_srl3/CLK
                         clock pessimism              0.000     0.039    
    SLICE_X122Y17        SRL16E (Hold_A5LUT_SLICEM_CLK_D)
                                                      0.046     0.085    core/genblk1[1].lanes[5].lane/control_q_reg[raw][special_value][8]_srl3
  -------------------------------------------------------------------
                         required time                         -0.085    
                         arrival time                           0.108    
  -------------------------------------------------------------------
                         slack                                  0.023    

Slack (MET) :             0.024ns  (arrival time - required time)
  Source:                 core/genblk1[0].lanes[14].lane/order_q_reg[pre][special_value][9]/C
                            (rising edge-triggered cell FDRE clocked by core_clk  {rise@0.000ns fall@2.000ns period=4.000ns})
  Destination:            core/genblk1[0].lanes[14].lane/control_q_reg[raw][special_value][9]_srl3/D
                            (rising edge-triggered cell SRL16E clocked by core_clk  {rise@0.000ns fall@2.000ns period=4.000ns})
  Path Group:             core_clk
  Path Type:              Hold (Min at Fast Process Corner)
  Requirement:            0.000ns  (core_clk rise@0.000ns - core_clk rise@0.000ns)
  Data Path Delay:        0.095ns  (logic 0.039ns (41.053%)  route 0.056ns (58.947%))
  Logic Levels:           0  
  Clock Path Skew:        0.026ns (DCD - SCD - CPR)
    Destination Clock Delay (DCD):    0.039ns
    Source Clock Delay      (SCD):    0.013ns
    Clock Pessimism Removal (CPR):    -0.000ns

    Location             Delay type                Incr(ns)  Path(ns)    Netlist Resource(s)
  -------------------------------------------------------------------    -------------------
                         (clock core_clk rise edge)
                                                      0.000     0.000 r  
                                                      0.000     0.000 r  clk (IN)
                         net (fo=28818, unset)        0.013     0.013    core/genblk1[0].lanes[14].lane/clk
    SLICE_X179Y88        FDRE                                         r  core/genblk1[0].lanes[14].lane/order_q_reg[pre][special_value][9]/C
  -------------------------------------------------------------------    -------------------
    SLICE_X179Y88        FDRE (Prop_HFF2_SLICEM_C_Q)
                                                      0.039     0.052 r  core/genblk1[0].lanes[14].lane/order_q_reg[pre][special_value][9]/Q
                         net (fo=1, routed)           0.056     0.108    core/genblk1[0].lanes[14].lane/order_q_reg[pre][special_value][9]
    SLICE_X179Y87        SRL16E                                       r  core/genblk1[0].lanes[14].lane/control_q_reg[raw][special_value][9]_srl3/D
  -------------------------------------------------------------------    -------------------

                         (clock core_clk rise edge)
                                                      0.000     0.000 r  
                                                      0.000     0.000 r  clk (IN)
                         net (fo=28818, unset)        0.039     0.039    core/genblk1[0].lanes[14].lane/clk
    SLICE_X179Y87        SRL16E                                       r  core/genblk1[0].lanes[14].lane/control_q_reg[raw][special_value][9]_srl3/CLK
                         clock pessimism              0.000     0.039    
    SLICE_X179Y87        SRL16E (Hold_B5LUT_SLICEM_CLK_D)
                                                      0.045     0.084    core/genblk1[0].lanes[14].lane/control_q_reg[raw][special_value][9]_srl3
  -------------------------------------------------------------------
                         required time                         -0.084    
                         arrival time                           0.108    
  -------------------------------------------------------------------
                         slack                                  0.024    

Slack (MET) :             0.024ns  (arrival time - required time)
  Source:                 core/genblk1[0].lanes[3].lane/order_q_reg[pre][special_value][15]/C
                            (rising edge-triggered cell FDRE clocked by core_clk  {rise@0.000ns fall@2.000ns period=4.000ns})
  Destination:            core/genblk1[0].lanes[3].lane/control_q_reg[raw][special_value][15]_srl3/D
                            (rising edge-triggered cell SRL16E clocked by core_clk  {rise@0.000ns fall@2.000ns period=4.000ns})
  Path Group:             core_clk
  Path Type:              Hold (Min at Fast Process Corner)
  Requirement:            0.000ns  (core_clk rise@0.000ns - core_clk rise@0.000ns)
  Data Path Delay:        0.112ns  (logic 0.038ns (33.929%)  route 0.074ns (66.071%))
  Logic Levels:           0  
  Clock Path Skew:        0.026ns (DCD - SCD - CPR)
    Destination Clock Delay (DCD):    0.039ns
    Source Clock Delay      (SCD):    0.013ns
    Clock Pessimism Removal (CPR):    -0.000ns

    Location             Delay type                Incr(ns)  Path(ns)    Netlist Resource(s)
  -------------------------------------------------------------------    -------------------
                         (clock core_clk rise edge)
                                                      0.000     0.000 r  
                                                      0.000     0.000 r  clk (IN)
                         net (fo=28818, unset)        0.013     0.013    core/genblk1[0].lanes[3].lane/clk
    SLICE_X179Y28        FDRE                                         r  core/genblk1[0].lanes[3].lane/order_q_reg[pre][special_value][15]/C
  -------------------------------------------------------------------    -------------------
    SLICE_X179Y28        FDRE (Prop_CFF_SLICEM_C_Q)
                                                      0.038     0.051 r  core/genblk1[0].lanes[3].lane/order_q_reg[pre][special_value][15]/Q
                         net (fo=1, routed)           0.074     0.125    core/genblk1[0].lanes[3].lane/order_q_reg[pre][special_value][15]
    SLICE_X179Y27        SRL16E                                       r  core/genblk1[0].lanes[3].lane/control_q_reg[raw][special_value][15]_srl3/D
  -------------------------------------------------------------------    -------------------

                         (clock core_clk rise edge)
                                                      0.000     0.000 r  
                                                      0.000     0.000 r  clk (IN)
                         net (fo=28818, unset)        0.039     0.039    core/genblk1[0].lanes[3].lane/clk
    SLICE_X179Y27        SRL16E                                       r  core/genblk1[0].lanes[3].lane/control_q_reg[raw][special_value][15]_srl3/CLK
                         clock pessimism              0.000     0.039    
    SLICE_X179Y27        SRL16E (Hold_H5LUT_SLICEM_CLK_D)
                                                      0.062     0.101    core/genblk1[0].lanes[3].lane/control_q_reg[raw][special_value][15]_srl3
  -------------------------------------------------------------------
                         required time                         -0.101    
                         arrival time                           0.125    
  -------------------------------------------------------------------
                         slack                                  0.024    

Slack (MET) :             0.024ns  (arrival time - required time)
  Source:                 core/genblk1[0].lanes[4].lane/order_q_reg[pre][special_value][13]/C
                            (rising edge-triggered cell FDRE clocked by core_clk  {rise@0.000ns fall@2.000ns period=4.000ns})
  Destination:            core/genblk1[0].lanes[4].lane/control_q_reg[raw][special_value][13]_srl3/D
                            (rising edge-triggered cell SRL16E clocked by core_clk  {rise@0.000ns fall@2.000ns period=4.000ns})
  Path Group:             core_clk
  Path Type:              Hold (Min at Fast Process Corner)
  Requirement:            0.000ns  (core_clk rise@0.000ns - core_clk rise@0.000ns)
  Data Path Delay:        0.096ns  (logic 0.038ns (39.583%)  route 0.058ns (60.417%))
  Logic Levels:           0  
  Clock Path Skew:        0.026ns (DCD - SCD - CPR)
    Destination Clock Delay (DCD):    0.039ns
    Source Clock Delay      (SCD):    0.013ns
    Clock Pessimism Removal (CPR):    -0.000ns

    Location             Delay type                Incr(ns)  Path(ns)    Netlist Resource(s)
  -------------------------------------------------------------------    -------------------
                         (clock core_clk rise edge)
                                                      0.000     0.000 r  
                                                      0.000     0.000 r  clk (IN)
                         net (fo=28818, unset)        0.013     0.013    core/genblk1[0].lanes[4].lane/clk
    SLICE_X187Y33        FDRE                                         r  core/genblk1[0].lanes[4].lane/order_q_reg[pre][special_value][13]/C
  -------------------------------------------------------------------    -------------------
    SLICE_X187Y33        FDRE (Prop_CFF_SLICEM_C_Q)
                                                      0.038     0.051 r  core/genblk1[0].lanes[4].lane/order_q_reg[pre][special_value][13]/Q
                         net (fo=1, routed)           0.058     0.109    core/genblk1[0].lanes[4].lane/order_q_reg[pre][special_value][13]
    SLICE_X187Y32        SRL16E                                       r  core/genblk1[0].lanes[4].lane/control_q_reg[raw][special_value][13]_srl3/D
  -------------------------------------------------------------------    -------------------

                         (clock core_clk rise edge)
                                                      0.000     0.000 r  
                                                      0.000     0.000 r  clk (IN)
                         net (fo=28818, unset)        0.039     0.039    core/genblk1[0].lanes[4].lane/clk
    SLICE_X187Y32        SRL16E                                       r  core/genblk1[0].lanes[4].lane/control_q_reg[raw][special_value][13]_srl3/CLK
                         clock pessimism              0.000     0.039    
    SLICE_X187Y32        SRL16E (Hold_F5LUT_SLICEM_CLK_D)
                                                      0.046     0.085    core/genblk1[0].lanes[4].lane/control_q_reg[raw][special_value][13]_srl3
  -------------------------------------------------------------------
                         required time                         -0.085    
                         arrival time                           0.109    
  -------------------------------------------------------------------
                         slack                                  0.024    

Slack (MET) :             0.024ns  (arrival time - required time)
  Source:                 core/genblk1[0].lanes[8].lane/order_q_reg[pre][special_value][9]/C
                            (rising edge-triggered cell FDRE clocked by core_clk  {rise@0.000ns fall@2.000ns period=4.000ns})
  Destination:            core/genblk1[0].lanes[8].lane/control_q_reg[raw][special_value][9]_srl3/D
                            (rising edge-triggered cell SRL16E clocked by core_clk  {rise@0.000ns fall@2.000ns period=4.000ns})
  Path Group:             core_clk
  Path Type:              Hold (Min at Fast Process Corner)
  Requirement:            0.000ns  (core_clk rise@0.000ns - core_clk rise@0.000ns)
  Data Path Delay:        0.095ns  (logic 0.039ns (41.053%)  route 0.056ns (58.947%))
  Logic Levels:           0  
  Clock Path Skew:        0.026ns (DCD - SCD - CPR)
    Destination Clock Delay (DCD):    0.039ns
    Source Clock Delay      (SCD):    0.013ns
    Clock Pessimism Removal (CPR):    -0.000ns

    Location             Delay type                Incr(ns)  Path(ns)    Netlist Resource(s)
  -------------------------------------------------------------------    -------------------
                         (clock core_clk rise edge)
                                                      0.000     0.000 r  
                                                      0.000     0.000 r  clk (IN)
                         net (fo=28818, unset)        0.013     0.013    core/genblk1[0].lanes[8].lane/clk
    SLICE_X190Y18        FDRE                                         r  core/genblk1[0].lanes[8].lane/order_q_reg[pre][special_value][9]/C
  -------------------------------------------------------------------    -------------------
    SLICE_X190Y18        FDRE (Prop_HFF2_SLICEL_C_Q)
                                                      0.039     0.052 r  core/genblk1[0].lanes[8].lane/order_q_reg[pre][special_value][9]/Q
                         net (fo=1, routed)           0.056     0.108    core/genblk1[0].lanes[8].lane/order_q_reg[pre][special_value][9]
    SLICE_X191Y18        SRL16E                                       r  core/genblk1[0].lanes[8].lane/control_q_reg[raw][special_value][9]_srl3/D
  -------------------------------------------------------------------    -------------------

                         (clock core_clk rise edge)
                                                      0.000     0.000 r  
                                                      0.000     0.000 r  clk (IN)
                         net (fo=28818, unset)        0.039     0.039    core/genblk1[0].lanes[8].lane/clk
    SLICE_X191Y18        SRL16E                                       r  core/genblk1[0].lanes[8].lane/control_q_reg[raw][special_value][9]_srl3/CLK
                         clock pessimism              0.000     0.039    
    SLICE_X191Y18        SRL16E (Hold_B5LUT_SLICEM_CLK_D)
                                                      0.045     0.084    core/genblk1[0].lanes[8].lane/control_q_reg[raw][special_value][9]_srl3
  -------------------------------------------------------------------
                         required time                         -0.084    
                         arrival time                           0.108    
  -------------------------------------------------------------------
                         slack                                  0.024    

Slack (MET) :             0.024ns  (arrival time - required time)
  Source:                 core/genblk1[0].lanes[9].lane/order_q_reg[pre][special_value][29]/C
                            (rising edge-triggered cell FDSE clocked by core_clk  {rise@0.000ns fall@2.000ns period=4.000ns})
  Destination:            core/genblk1[0].lanes[9].lane/control_q_reg[raw][special_value][29]_srl3/D
                            (rising edge-triggered cell SRL16E clocked by core_clk  {rise@0.000ns fall@2.000ns period=4.000ns})
  Path Group:             core_clk
  Path Type:              Hold (Min at Fast Process Corner)
  Requirement:            0.000ns  (core_clk rise@0.000ns - core_clk rise@0.000ns)
  Data Path Delay:        0.096ns  (logic 0.038ns (39.583%)  route 0.058ns (60.417%))
  Logic Levels:           0  
  Clock Path Skew:        0.026ns (DCD - SCD - CPR)
    Destination Clock Delay (DCD):    0.039ns
    Source Clock Delay      (SCD):    0.013ns
    Clock Pessimism Removal (CPR):    -0.000ns

    Location             Delay type                Incr(ns)  Path(ns)    Netlist Resource(s)
  -------------------------------------------------------------------    -------------------
                         (clock core_clk rise edge)
                                                      0.000     0.000 r  
                                                      0.000     0.000 r  clk (IN)
                         net (fo=28818, unset)        0.013     0.013    core/genblk1[0].lanes[9].lane/clk
    SLICE_X201Y55        FDSE                                         r  core/genblk1[0].lanes[9].lane/order_q_reg[pre][special_value][29]/C
  -------------------------------------------------------------------    -------------------
    SLICE_X201Y55        FDSE (Prop_CFF_SLICEM_C_Q)
                                                      0.038     0.051 r  core/genblk1[0].lanes[9].lane/order_q_reg[pre][special_value][29]/Q
                         net (fo=1, routed)           0.058     0.109    core/genblk1[0].lanes[9].lane/order_q_reg[pre][special_value][29]
    SLICE_X201Y54        SRL16E                                       r  core/genblk1[0].lanes[9].lane/control_q_reg[raw][special_value][29]_srl3/D
  -------------------------------------------------------------------    -------------------

                         (clock core_clk rise edge)
                                                      0.000     0.000 r  
                                                      0.000     0.000 r  clk (IN)
                         net (fo=28818, unset)        0.039     0.039    core/genblk1[0].lanes[9].lane/clk
    SLICE_X201Y54        SRL16E                                       r  core/genblk1[0].lanes[9].lane/control_q_reg[raw][special_value][29]_srl3/CLK
                         clock pessimism              0.000     0.039    
    SLICE_X201Y54        SRL16E (Hold_F5LUT_SLICEM_CLK_D)
                                                      0.046     0.085    core/genblk1[0].lanes[9].lane/control_q_reg[raw][special_value][29]_srl3
  -------------------------------------------------------------------
                         required time                         -0.085    
                         arrival time                           0.109    
  -------------------------------------------------------------------
                         slack                                  0.024    





Pulse Width Checks
--------------------------------------------------------------------------------------
Clock Name:         core_clk
Waveform(ns):       { 0.000 2.000 }
Period(ns):         4.000
Sources:            { clk }

Check Type        Corner  Lib Pin             Reference Pin  Required(ns)  Actual(ns)  Slack(ns)  Location       Pin
Min Period        n/a     RAMB36E2/CLKARDCLK  n/a            1.569         4.000       2.431      RAMB36_X11Y11  core/acc_store/banks[2].parity[0].ram/mem_reg_0/CLKARDCLK
Min Period        n/a     RAMB36E2/CLKBWRCLK  n/a            1.569         4.000       2.431      RAMB36_X11Y11  core/acc_store/banks[2].parity[0].ram/mem_reg_0/CLKBWRCLK
Min Period        n/a     RAMB36E2/CLKARDCLK  n/a            1.569         4.000       2.431      RAMB36_X11Y7   core/acc_store/banks[2].parity[0].ram/mem_reg_1/CLKARDCLK
Min Period        n/a     RAMB36E2/CLKBWRCLK  n/a            1.569         4.000       2.431      RAMB36_X11Y7   core/acc_store/banks[2].parity[0].ram/mem_reg_1/CLKBWRCLK
Min Period        n/a     RAMB36E2/CLKARDCLK  n/a            1.569         4.000       2.431      RAMB36_X11Y8   core/acc_store/banks[2].parity[0].ram/mem_reg_2/CLKARDCLK
Min Period        n/a     RAMB36E2/CLKBWRCLK  n/a            1.569         4.000       2.431      RAMB36_X11Y8   core/acc_store/banks[2].parity[0].ram/mem_reg_2/CLKBWRCLK
Min Period        n/a     RAMB36E2/CLKARDCLK  n/a            1.569         4.000       2.431      RAMB36_X11Y9   core/acc_store/banks[2].parity[0].ram/mem_reg_3/CLKARDCLK
Min Period        n/a     RAMB36E2/CLKBWRCLK  n/a            1.569         4.000       2.431      RAMB36_X11Y9   core/acc_store/banks[2].parity[0].ram/mem_reg_3/CLKBWRCLK
Min Period        n/a     RAMB36E2/CLKARDCLK  n/a            1.569         4.000       2.431      RAMB36_X11Y12  core/acc_store/banks[2].parity[0].ram/mem_reg_4/CLKARDCLK
Min Period        n/a     RAMB36E2/CLKBWRCLK  n/a            1.569         4.000       2.431      RAMB36_X11Y12  core/acc_store/banks[2].parity[0].ram/mem_reg_4/CLKBWRCLK
Min Period        n/a     RAMB36E2/CLKARDCLK  n/a            1.569         4.000       2.431      RAMB36_X11Y14  core/acc_store/banks[2].parity[0].ram/mem_reg_5/CLKARDCLK
Min Period        n/a     RAMB36E2/CLKBWRCLK  n/a            1.569         4.000       2.431      RAMB36_X11Y14  core/acc_store/banks[2].parity[0].ram/mem_reg_5/CLKBWRCLK
Min Period        n/a     RAMB36E2/CLKARDCLK  n/a            1.569         4.000       2.431      RAMB36_X11Y13  core/acc_store/banks[2].parity[0].ram/mem_reg_6/CLKARDCLK
Min Period        n/a     RAMB36E2/CLKBWRCLK  n/a            1.569         4.000       2.431      RAMB36_X11Y13  core/acc_store/banks[2].parity[0].ram/mem_reg_6/CLKBWRCLK
Min Period        n/a     RAMB18E2/CLKARDCLK  n/a            1.569         4.000       2.431      RAMB18_X11Y30  core/acc_store/banks[2].parity[0].ram/mem_reg_7/CLKARDCLK
Min Period        n/a     RAMB18E2/CLKBWRCLK  n/a            1.569         4.000       2.431      RAMB18_X11Y30  core/acc_store/banks[2].parity[0].ram/mem_reg_7/CLKBWRCLK
Min Period        n/a     RAMB36E2/CLKARDCLK  n/a            1.569         4.000       2.431      RAMB36_X9Y7    core/acc_store/banks[2].parity[1].ram/mem_reg_0/CLKARDCLK
Min Period        n/a     RAMB36E2/CLKBWRCLK  n/a            1.569         4.000       2.431      RAMB36_X9Y7    core/acc_store/banks[2].parity[1].ram/mem_reg_0/CLKBWRCLK
Min Period        n/a     RAMB36E2/CLKARDCLK  n/a            1.569         4.000       2.431      RAMB36_X9Y8    core/acc_store/banks[2].parity[1].ram/mem_reg_1/CLKARDCLK
Min Period        n/a     RAMB36E2/CLKBWRCLK  n/a            1.569         4.000       2.431      RAMB36_X9Y8    core/acc_store/banks[2].parity[1].ram/mem_reg_1/CLKBWRCLK
Low Pulse Width   Slow    RAMB36E2/CLKARDCLK  n/a            0.542         2.000       1.458      RAMB36_X11Y11  core/acc_store/banks[2].parity[0].ram/mem_reg_0/CLKARDCLK
Low Pulse Width   Fast    RAMB36E2/CLKARDCLK  n/a            0.542         2.000       1.458      RAMB36_X11Y11  core/acc_store/banks[2].parity[0].ram/mem_reg_0/CLKARDCLK
Low Pulse Width   Slow    RAMB36E2/CLKBWRCLK  n/a            0.542         2.000       1.458      RAMB36_X11Y11  core/acc_store/banks[2].parity[0].ram/mem_reg_0/CLKBWRCLK
Low Pulse Width   Fast    RAMB36E2/CLKBWRCLK  n/a            0.542         2.000       1.458      RAMB36_X11Y11  core/acc_store/banks[2].parity[0].ram/mem_reg_0/CLKBWRCLK
Low Pulse Width   Slow    RAMB36E2/CLKARDCLK  n/a            0.542         2.000       1.458      RAMB36_X11Y7   core/acc_store/banks[2].parity[0].ram/mem_reg_1/CLKARDCLK
Low Pulse Width   Fast    RAMB36E2/CLKARDCLK  n/a            0.542         2.000       1.458      RAMB36_X11Y7   core/acc_store/banks[2].parity[0].ram/mem_reg_1/CLKARDCLK
Low Pulse Width   Slow    RAMB36E2/CLKBWRCLK  n/a            0.542         2.000       1.458      RAMB36_X11Y7   core/acc_store/banks[2].parity[0].ram/mem_reg_1/CLKBWRCLK
Low Pulse Width   Fast    RAMB36E2/CLKBWRCLK  n/a            0.542         2.000       1.458      RAMB36_X11Y7   core/acc_store/banks[2].parity[0].ram/mem_reg_1/CLKBWRCLK
Low Pulse Width   Slow    RAMB36E2/CLKARDCLK  n/a            0.542         2.000       1.458      RAMB36_X11Y8   core/acc_store/banks[2].parity[0].ram/mem_reg_2/CLKARDCLK
Low Pulse Width   Fast    RAMB36E2/CLKARDCLK  n/a            0.542         2.000       1.458      RAMB36_X11Y8   core/acc_store/banks[2].parity[0].ram/mem_reg_2/CLKARDCLK
Low Pulse Width   Slow    RAMB36E2/CLKBWRCLK  n/a            0.542         2.000       1.458      RAMB36_X11Y8   core/acc_store/banks[2].parity[0].ram/mem_reg_2/CLKBWRCLK
Low Pulse Width   Fast    RAMB36E2/CLKBWRCLK  n/a            0.542         2.000       1.458      RAMB36_X11Y8   core/acc_store/banks[2].parity[0].ram/mem_reg_2/CLKBWRCLK
Low Pulse Width   Slow    RAMB36E2/CLKARDCLK  n/a            0.542         2.000       1.458      RAMB36_X11Y9   core/acc_store/banks[2].parity[0].ram/mem_reg_3/CLKARDCLK
Low Pulse Width   Fast    RAMB36E2/CLKARDCLK  n/a            0.542         2.000       1.458      RAMB36_X11Y9   core/acc_store/banks[2].parity[0].ram/mem_reg_3/CLKARDCLK
Low Pulse Width   Slow    RAMB36E2/CLKBWRCLK  n/a            0.542         2.000       1.458      RAMB36_X11Y9   core/acc_store/banks[2].parity[0].ram/mem_reg_3/CLKBWRCLK
Low Pulse Width   Fast    RAMB36E2/CLKBWRCLK  n/a            0.542         2.000       1.458      RAMB36_X11Y9   core/acc_store/banks[2].parity[0].ram/mem_reg_3/CLKBWRCLK
Low Pulse Width   Slow    RAMB36E2/CLKARDCLK  n/a            0.542         2.000       1.458      RAMB36_X11Y12  core/acc_store/banks[2].parity[0].ram/mem_reg_4/CLKARDCLK
Low Pulse Width   Fast    RAMB36E2/CLKARDCLK  n/a            0.542         2.000       1.458      RAMB36_X11Y12  core/acc_store/banks[2].parity[0].ram/mem_reg_4/CLKARDCLK
Low Pulse Width   Slow    RAMB36E2/CLKBWRCLK  n/a            0.542         2.000       1.458      RAMB36_X11Y12  core/acc_store/banks[2].parity[0].ram/mem_reg_4/CLKBWRCLK
Low Pulse Width   Fast    RAMB36E2/CLKBWRCLK  n/a            0.542         2.000       1.458      RAMB36_X11Y12  core/acc_store/banks[2].parity[0].ram/mem_reg_4/CLKBWRCLK
High Pulse Width  Slow    RAMB36E2/CLKARDCLK  n/a            0.542         2.000       1.458      RAMB36_X11Y11  core/acc_store/banks[2].parity[0].ram/mem_reg_0/CLKARDCLK
High Pulse Width  Fast    RAMB36E2/CLKARDCLK  n/a            0.542         2.000       1.458      RAMB36_X11Y11  core/acc_store/banks[2].parity[0].ram/mem_reg_0/CLKARDCLK
High Pulse Width  Slow    RAMB36E2/CLKBWRCLK  n/a            0.542         2.000       1.458      RAMB36_X11Y11  core/acc_store/banks[2].parity[0].ram/mem_reg_0/CLKBWRCLK
High Pulse Width  Fast    RAMB36E2/CLKBWRCLK  n/a            0.542         2.000       1.458      RAMB36_X11Y11  core/acc_store/banks[2].parity[0].ram/mem_reg_0/CLKBWRCLK
High Pulse Width  Slow    RAMB36E2/CLKARDCLK  n/a            0.542         2.000       1.458      RAMB36_X11Y7   core/acc_store/banks[2].parity[0].ram/mem_reg_1/CLKARDCLK
High Pulse Width  Fast    RAMB36E2/CLKARDCLK  n/a            0.542         2.000       1.458      RAMB36_X11Y7   core/acc_store/banks[2].parity[0].ram/mem_reg_1/CLKARDCLK
High Pulse Width  Slow    RAMB36E2/CLKBWRCLK  n/a            0.542         2.000       1.458      RAMB36_X11Y7   core/acc_store/banks[2].parity[0].ram/mem_reg_1/CLKBWRCLK
High Pulse Width  Fast    RAMB36E2/CLKBWRCLK  n/a            0.542         2.000       1.458      RAMB36_X11Y7   core/acc_store/banks[2].parity[0].ram/mem_reg_1/CLKBWRCLK
High Pulse Width  Slow    RAMB36E2/CLKARDCLK  n/a            0.542         2.000       1.458      RAMB36_X11Y8   core/acc_store/banks[2].parity[0].ram/mem_reg_2/CLKARDCLK
High Pulse Width  Fast    RAMB36E2/CLKARDCLK  n/a            0.542         2.000       1.458      RAMB36_X11Y8   core/acc_store/banks[2].parity[0].ram/mem_reg_2/CLKARDCLK
High Pulse Width  Slow    RAMB36E2/CLKBWRCLK  n/a            0.542         2.000       1.458      RAMB36_X11Y8   core/acc_store/banks[2].parity[0].ram/mem_reg_2/CLKBWRCLK
High Pulse Width  Fast    RAMB36E2/CLKBWRCLK  n/a            0.542         2.000       1.458      RAMB36_X11Y8   core/acc_store/banks[2].parity[0].ram/mem_reg_2/CLKBWRCLK
High Pulse Width  Slow    RAMB36E2/CLKARDCLK  n/a            0.542         2.000       1.458      RAMB36_X11Y9   core/acc_store/banks[2].parity[0].ram/mem_reg_3/CLKARDCLK
High Pulse Width  Fast    RAMB36E2/CLKARDCLK  n/a            0.542         2.000       1.458      RAMB36_X11Y9   core/acc_store/banks[2].parity[0].ram/mem_reg_3/CLKARDCLK
High Pulse Width  Slow    RAMB36E2/CLKBWRCLK  n/a            0.542         2.000       1.458      RAMB36_X11Y9   core/acc_store/banks[2].parity[0].ram/mem_reg_3/CLKBWRCLK
High Pulse Width  Fast    RAMB36E2/CLKBWRCLK  n/a            0.542         2.000       1.458      RAMB36_X11Y9   core/acc_store/banks[2].parity[0].ram/mem_reg_3/CLKBWRCLK
High Pulse Width  Slow    RAMB36E2/CLKARDCLK  n/a            0.542         2.000       1.458      RAMB36_X11Y12  core/acc_store/banks[2].parity[0].ram/mem_reg_4/CLKARDCLK
High Pulse Width  Fast    RAMB36E2/CLKARDCLK  n/a            0.542         2.000       1.458      RAMB36_X11Y12  core/acc_store/banks[2].parity[0].ram/mem_reg_4/CLKARDCLK
High Pulse Width  Slow    RAMB36E2/CLKBWRCLK  n/a            0.542         2.000       1.458      RAMB36_X11Y12  core/acc_store/banks[2].parity[0].ram/mem_reg_4/CLKBWRCLK
High Pulse Width  Fast    RAMB36E2/CLKBWRCLK  n/a            0.542         2.000       1.458      RAMB36_X11Y12  core/acc_store/banks[2].parity[0].ram/mem_reg_4/CLKBWRCLK



