Copyright 1986-2022 Xilinx, Inc. All Rights Reserved.
------------------------------------------------------------------------------------------------------------------------------------------------------------------
| Tool Version      : Vivado v.2022.2 (win64) Build 3671981 Fri Oct 14 05:00:03 MDT 2022
| Date              : Wed Sep 30 18:07:59 2026
| Host              : FLY running 64-bit major release  (build 9200)
| Command           : report_timing_summary -delay_type min_max -max_paths 20 -file C:/Users/fly04/Desktop/VLA/PCore_2.0/v3/reports/DEQACC_3.3ns/synth_timing.rpt
| Design            : DEQACC_3_3ns_timing_shell
| Device            : xcu50-fsvh2104
| Speed File        : -2  PRODUCTION 1.30 05-01-2022
| Temperature Grade : E
------------------------------------------------------------------------------------------------------------------------------------------------------------------

Timing Summary Report

------------------------------------------------------------------------------------------------
| Timer Settings
| --------------
------------------------------------------------------------------------------------------------

  Enable Multi Corner Analysis               :  Yes
  Enable Pessimism Removal                   :  Yes
  Pessimism Removal Resolution               :  Nearest Common Node
  Enable Input Delay Default Clock           :  No
  Enable Preset / Clear Arcs                 :  No
  Disable Flight Delays                      :  No
  Ignore I/O Paths                           :  No
  Timing Early Launch at Borrowing Latches   :  No
  Borrow Time for Max Delay Exceptions       :  Yes
  Merge Timing Exceptions                    :  Yes

  Corner  Analyze    Analyze    
  Name    Max Paths  Min Paths  
  ------  ---------  ---------  
  Slow    Yes        Yes        
  Fast    Yes        Yes        


------------------------------------------------------------------------------------------------
| Report Methodology
| ------------------
------------------------------------------------------------------------------------------------

No report available as report_methodology has not been run prior. Run report_methodology on the current design for the summary of methodology violations.



check_timing report

Table of Contents
-----------------
1. checking no_clock (0)
2. checking constant_clock (0)
3. checking pulse_width_clock (0)
4. checking unconstrained_internal_endpoints (0)
5. checking no_input_delay (2258)
6. checking no_output_delay (1062)
7. checking multiple_clock (0)
8. checking generated_clocks (0)
9. checking loops (0)
10. checking partial_input_delay (0)
11. checking partial_output_delay (0)
12. checking latch_loops (0)

1. checking no_clock (0)
------------------------
 There are 0 register/latch pins with no clock.


2. checking constant_clock (0)
------------------------------
 There are 0 register/latch pins with constant_clock.


3. checking pulse_width_clock (0)
---------------------------------
 There are 0 register/latch pins which need pulse_width check


4. checking unconstrained_internal_endpoints (0)
------------------------------------------------
 There are 0 pins that are not constrained for maximum delay.

 There are 0 pins that are not constrained for maximum delay due to constant clock.


5. checking no_input_delay (2258)
---------------------------------
 There are 2258 input ports with no input delay specified. (HIGH)

 There are 0 input ports with no input delay but user has a false path constraint.


6. checking no_output_delay (1062)
----------------------------------
 There are 1062 ports with no output delay specified. (HIGH)

 There are 0 ports with no output delay but user has a false path constraint

 There are 0 ports with no output delay but with a timing clock defined on it or propagating through it


7. checking multiple_clock (0)
------------------------------
 There are 0 register/latch pins with multiple clocks.


8. checking generated_clocks (0)
--------------------------------
 There are 0 generated clocks that are not connected to a clock source.


9. checking loops (0)
---------------------
 There are 0 combinational loops in the design.


10. checking partial_input_delay (0)
------------------------------------
 There are 0 input ports with partial input delay specified.


11. checking partial_output_delay (0)
-------------------------------------
 There are 0 ports with partial output delay specified.


12. checking latch_loops (0)
----------------------------
 There are 0 combinational latch loops in the design through latch input



------------------------------------------------------------------------------------------------
| Design Timing Summary
| ---------------------
------------------------------------------------------------------------------------------------

    WNS(ns)      TNS(ns)  TNS Failing Endpoints  TNS Total Endpoints      WHS(ns)      THS(ns)  THS Failing Endpoints  THS Total Endpoints     WPWS(ns)     TPWS(ns)  TPWS Failing Endpoints  TPWS Total Endpoints  
    -------      -------  ---------------------  -------------------      -------      -------  ---------------------  -------------------     --------     --------  ----------------------  --------------------  
      1.488        0.000                      0                48828        0.070        0.000                      0                48828        1.458        0.000                       0                 29011  


All user specified timing constraints are met.


------------------------------------------------------------------------------------------------
| Clock Summary
| -------------
------------------------------------------------------------------------------------------------

Clock     Waveform(ns)         Period(ns)      Frequency(MHz)
-----     ------------         ----------      --------------
core_clk  {0.000 2.000}        4.000           250.000         


------------------------------------------------------------------------------------------------
| Intra Clock Table
| -----------------
------------------------------------------------------------------------------------------------

Clock             WNS(ns)      TNS(ns)  TNS Failing Endpoints  TNS Total Endpoints      WHS(ns)      THS(ns)  THS Failing Endpoints  THS Total Endpoints     WPWS(ns)     TPWS(ns)  TPWS Failing Endpoints  TPWS Total Endpoints  
-----             -------      -------  ---------------------  -------------------      -------      -------  ---------------------  -------------------     --------     --------  ----------------------  --------------------  
core_clk            1.488        0.000                      0                48828        0.070        0.000                      0                48828        1.458        0.000                       0                 29011  


------------------------------------------------------------------------------------------------
| Inter Clock Table
| -----------------
------------------------------------------------------------------------------------------------

From Clock    To Clock          WNS(ns)      TNS(ns)  TNS Failing Endpoints  TNS Total Endpoints      WHS(ns)      THS(ns)  THS Failing Endpoints  THS Total Endpoints  
----------    --------          -------      -------  ---------------------  -------------------      -------      -------  ---------------------  -------------------  


------------------------------------------------------------------------------------------------
| Other Path Groups Table
| -----------------------
------------------------------------------------------------------------------------------------

Path Group    From Clock    To Clock          WNS(ns)      TNS(ns)  TNS Failing Endpoints  TNS Total Endpoints      WHS(ns)      THS(ns)  THS Failing Endpoints  THS Total Endpoints  
----------    ----------    --------          -------      -------  ---------------------  -------------------      -------      -------  ---------------------  -------------------  


------------------------------------------------------------------------------------------------
| Timing Details
| --------------
------------------------------------------------------------------------------------------------


---------------------------------------------------------------------------------------------------
From Clock:  core_clk
  To Clock:  core_clk

Setup :            0  Failing Endpoints,  Worst Slack        1.488ns,  Total Violation        0.000ns
Hold  :            0  Failing Endpoints,  Worst Slack        0.070ns,  Total Violation        0.000ns
PW    :            0  Failing Endpoints,  Worst Slack        1.458ns,  Total Violation        0.000ns
---------------------------------------------------------------------------------------------------


Max Delay Paths
--------------------------------------------------------------------------------------
Slack (MET) :             1.488ns  (required time - arrival time)
  Source:                 core/genblk1[0].lanes[0].lane/raw_q_reg[nonzero_group][2]/C
                            (rising edge-triggered cell FDRE clocked by core_clk  {rise@0.000ns fall@2.000ns period=4.000ns})
  Destination:            core/genblk1[0].lanes[0].lane/control_q_reg[exponent][8]/D
                            (rising edge-triggered cell FDRE clocked by core_clk  {rise@0.000ns fall@2.000ns period=4.000ns})
  Path Group:             core_clk
  Path Type:              Setup (Max at Slow Process Corner)
  Requirement:            4.000ns  (core_clk rise@4.000ns - core_clk rise@0.000ns)
  Data Path Delay:        2.493ns  (logic 0.863ns (34.617%)  route 1.630ns (65.383%))
  Logic Levels:           10  (CARRY8=3 LUT3=1 LUT4=2 LUT5=2 LUT6=2)
  Clock Path Skew:        -0.009ns (DCD - SCD + CPR)
    Destination Clock Delay (DCD):    0.021ns = ( 4.021 - 4.000 ) 
    Source Clock Delay      (SCD):    0.030ns
    Clock Pessimism Removal (CPR):    0.000ns
  Clock Uncertainty:      0.035ns  ((TSJ^2 + TIJ^2)^1/2 + DJ) / 2 + PE
    Total System Jitter     (TSJ):    0.071ns
    Total Input Jitter      (TIJ):    0.000ns
    Discrete Jitter          (DJ):    0.000ns
    Phase Error              (PE):    0.000ns

    Location             Delay type                Incr(ns)  Path(ns)    Netlist Resource(s)
  -------------------------------------------------------------------    -------------------
                         (clock core_clk rise edge)
                                                      0.000     0.000 r  
                                                      0.000     0.000 r  clk (IN)
                         net (fo=29010, unset)        0.030     0.030    core/genblk1[0].lanes[0].lane/clk
                         FDRE                                         r  core/genblk1[0].lanes[0].lane/raw_q_reg[nonzero_group][2]/C
  -------------------------------------------------------------------    -------------------
                         FDRE (Prop_FDRE_C_Q)         0.077     0.107 f  core/genblk1[0].lanes[0].lane/raw_q_reg[nonzero_group][2]/Q
                         net (fo=9, unplaced)         0.122     0.229    core/genblk1[0].lanes[0].lane/raw_q_reg[nonzero_group][2]
                         LUT3 (Prop_LUT3_I0_O)        0.090     0.319 r  core/genblk1[0].lanes[0].lane/control_q[shift][4]_i_27/O
                         net (fo=5, unplaced)         0.203     0.522    core/genblk1[0].lanes[0].lane/control_q[shift][4]_i_27_n_0
                         LUT6 (Prop_LUT6_I4_O)        0.038     0.560 r  core/genblk1[0].lanes[0].lane/control_q[shift][4]_i_20/O
                         net (fo=3, unplaced)         0.191     0.751    core/genblk1[0].lanes[0].lane/x[6]
                         LUT4 (Prop_LUT4_I1_O)        0.038     0.789 r  core/genblk1[0].lanes[0].lane/control_q[shift][4]_i_13/O
                         net (fo=5, unplaced)         0.203     0.992    core/genblk1[0].lanes[0].lane/control_q[shift][4]_i_13_n_0
                         LUT6 (Prop_LUT6_I3_O)        0.038     1.030 r  core/genblk1[0].lanes[0].lane/control_q[shift][4]_i_14/O
                         net (fo=5, unplaced)         0.203     1.233    core/genblk1[0].lanes[0].lane/control_q[shift][4]_i_14_n_0
                         LUT5 (Prop_LUT5_I1_O)        0.038     1.271 r  core/genblk1[0].lanes[0].lane/control_q[shift][1]_i_2/O
                         net (fo=4, unplaced)         0.197     1.468    core/genblk1[0].lanes[0].lane/control_q[shift][1]_i_2_n_0
                         LUT4 (Prop_LUT4_I1_O)        0.070     1.538 r  core/genblk1[0].lanes[0].lane/control_q[shift][4]_i_7/O
                         net (fo=1, unplaced)         0.242     1.780    core/genblk1[0].lanes[0].lane/control_q[shift][4]_i_7_n_0
                         CARRY8 (Prop_CARRY8_DI[0]_CO[4])
                                                      0.184     1.964 r  core/genblk1[0].lanes[0].lane/control_q_reg[shift][4]_i_3/CO[4]
                         net (fo=10, unplaced)        0.216     2.180    core/genblk1[0].lanes[0].lane/control_q_reg[shift][4]_i_3_n_3
                         LUT5 (Prop_LUT5_I1_O)        0.037     2.217 r  core/genblk1[0].lanes[0].lane/control_q[exponent][7]_i_9/O
                         net (fo=1, unplaced)         0.023     2.240    core/genblk1[0].lanes[0].lane/control_q[exponent][7]_i_9_n_0
                         CARRY8 (Prop_CARRY8_S[1]_CO[7])
                                                      0.197     2.437 r  core/genblk1[0].lanes[0].lane/control_q_reg[exponent][7]_i_1/CO[7]
                         net (fo=1, unplaced)         0.005     2.442    core/genblk1[0].lanes[0].lane/control_q_reg[exponent][7]_i_1_n_0
                         CARRY8 (Prop_CARRY8_CI_O[0])
                                                      0.056     2.498 r  core/genblk1[0].lanes[0].lane/control_q_reg[exponent][8]_i_1/O[0]
                         net (fo=1, unplaced)         0.025     2.523    core/genblk1[0].lanes[0].lane/control_q_reg[exponent][8]_i_1_n_15
                         FDRE                                         r  core/genblk1[0].lanes[0].lane/control_q_reg[exponent][8]/D
  -------------------------------------------------------------------    -------------------

                         (clock core_clk rise edge)
                                                      4.000     4.000 r  
                                                      0.000     4.000 r  clk (IN)
                         net (fo=29010, unset)        0.021     4.021    core/genblk1[0].lanes[0].lane/clk
                         FDRE                                         r  core/genblk1[0].lanes[0].lane/control_q_reg[exponent][8]/C
                         clock pessimism              0.000     4.021    
                         clock uncertainty           -0.035     3.986    
                         FDRE (Setup_FDRE_C_D)        0.025     4.011    core/genblk1[0].lanes[0].lane/control_q_reg[exponent][8]
  -------------------------------------------------------------------
                         required time                          4.011    
                         arrival time                          -2.523    
  -------------------------------------------------------------------
                         slack                                  1.488    

Slack (MET) :             1.488ns  (required time - arrival time)
  Source:                 core/genblk1[0].lanes[10].lane/raw_q_reg[nonzero_group][2]/C
                            (rising edge-triggered cell FDRE clocked by core_clk  {rise@0.000ns fall@2.000ns period=4.000ns})
  Destination:            core/genblk1[0].lanes[10].lane/control_q_reg[exponent][8]/D
                            (rising edge-triggered cell FDRE clocked by core_clk  {rise@0.000ns fall@2.000ns period=4.000ns})
  Path Group:             core_clk
  Path Type:              Setup (Max at Slow Process Corner)
  Requirement:            4.000ns  (core_clk rise@4.000ns - core_clk rise@0.000ns)
  Data Path Delay:        2.493ns  (logic 0.863ns (34.617%)  route 1.630ns (65.383%))
  Logic Levels:           10  (CARRY8=3 LUT3=1 LUT4=2 LUT5=2 LUT6=2)
  Clock Path Skew:        -0.009ns (DCD - SCD + CPR)
    Destination Clock Delay (DCD):    0.021ns = ( 4.021 - 4.000 ) 
    Source Clock Delay      (SCD):    0.030ns
    Clock Pessimism Removal (CPR):    0.000ns
  Clock Uncertainty:      0.035ns  ((TSJ^2 + TIJ^2)^1/2 + DJ) / 2 + PE
    Total System Jitter     (TSJ):    0.071ns
    Total Input Jitter      (TIJ):    0.000ns
    Discrete Jitter          (DJ):    0.000ns
    Phase Error              (PE):    0.000ns

    Location             Delay type                Incr(ns)  Path(ns)    Netlist Resource(s)
  -------------------------------------------------------------------    -------------------
                         (clock core_clk rise edge)
                                                      0.000     0.000 r  
                                                      0.000     0.000 r  clk (IN)
                         net (fo=29010, unset)        0.030     0.030    core/genblk1[0].lanes[10].lane/clk
                         FDRE                                         r  core/genblk1[0].lanes[10].lane/raw_q_reg[nonzero_group][2]/C
  -------------------------------------------------------------------    -------------------
                         FDRE (Prop_FDRE_C_Q)         0.077     0.107 f  core/genblk1[0].lanes[10].lane/raw_q_reg[nonzero_group][2]/Q
                         net (fo=9, unplaced)         0.122     0.229    core/genblk1[0].lanes[10].lane/raw_q_reg[nonzero_group][2]
                         LUT3 (Prop_LUT3_I0_O)        0.090     0.319 r  core/genblk1[0].lanes[10].lane/control_q[shift][4]_i_27/O
                         net (fo=5, unplaced)         0.203     0.522    core/genblk1[0].lanes[10].lane/control_q[shift][4]_i_27_n_0
                         LUT6 (Prop_LUT6_I4_O)        0.038     0.560 r  core/genblk1[0].lanes[10].lane/control_q[shift][4]_i_20/O
                         net (fo=3, unplaced)         0.191     0.751    core/genblk1[0].lanes[10].lane/x[6]
                         LUT4 (Prop_LUT4_I1_O)        0.038     0.789 r  core/genblk1[0].lanes[10].lane/control_q[shift][4]_i_13/O
                         net (fo=5, unplaced)         0.203     0.992    core/genblk1[0].lanes[10].lane/control_q[shift][4]_i_13_n_0
                         LUT6 (Prop_LUT6_I3_O)        0.038     1.030 r  core/genblk1[0].lanes[10].lane/control_q[shift][4]_i_14/O
                         net (fo=5, unplaced)         0.203     1.233    core/genblk1[0].lanes[10].lane/control_q[shift][4]_i_14_n_0
                         LUT5 (Prop_LUT5_I1_O)        0.038     1.271 r  core/genblk1[0].lanes[10].lane/control_q[shift][1]_i_2/O
                         net (fo=4, unplaced)         0.197     1.468    core/genblk1[0].lanes[10].lane/control_q[shift][1]_i_2_n_0
                         LUT4 (Prop_LUT4_I1_O)        0.070     1.538 r  core/genblk1[0].lanes[10].lane/control_q[shift][4]_i_7/O
                         net (fo=1, unplaced)         0.242     1.780    core/genblk1[0].lanes[10].lane/control_q[shift][4]_i_7_n_0
                         CARRY8 (Prop_CARRY8_DI[0]_CO[4])
                                                      0.184     1.964 r  core/genblk1[0].lanes[10].lane/control_q_reg[shift][4]_i_3/CO[4]
                         net (fo=10, unplaced)        0.216     2.180    core/genblk1[0].lanes[10].lane/control_q_reg[shift][4]_i_3_n_3
                         LUT5 (Prop_LUT5_I1_O)        0.037     2.217 r  core/genblk1[0].lanes[10].lane/control_q[exponent][7]_i_9/O
                         net (fo=1, unplaced)         0.023     2.240    core/genblk1[0].lanes[10].lane/control_q[exponent][7]_i_9_n_0
                         CARRY8 (Prop_CARRY8_S[1]_CO[7])
                                                      0.197     2.437 r  core/genblk1[0].lanes[10].lane/control_q_reg[exponent][7]_i_1/CO[7]
                         net (fo=1, unplaced)         0.005     2.442    core/genblk1[0].lanes[10].lane/control_q_reg[exponent][7]_i_1_n_0
                         CARRY8 (Prop_CARRY8_CI_O[0])
                                                      0.056     2.498 r  core/genblk1[0].lanes[10].lane/control_q_reg[exponent][8]_i_1/O[0]
                         net (fo=1, unplaced)         0.025     2.523    core/genblk1[0].lanes[10].lane/control_q_reg[exponent][8]_i_1_n_15
                         FDRE                                         r  core/genblk1[0].lanes[10].lane/control_q_reg[exponent][8]/D
  -------------------------------------------------------------------    -------------------

                         (clock core_clk rise edge)
                                                      4.000     4.000 r  
                                                      0.000     4.000 r  clk (IN)
                         net (fo=29010, unset)        0.021     4.021    core/genblk1[0].lanes[10].lane/clk
                         FDRE                                         r  core/genblk1[0].lanes[10].lane/control_q_reg[exponent][8]/C
                         clock pessimism              0.000     4.021    
                         clock uncertainty           -0.035     3.986    
                         FDRE (Setup_FDRE_C_D)        0.025     4.011    core/genblk1[0].lanes[10].lane/control_q_reg[exponent][8]
  -------------------------------------------------------------------
                         required time                          4.011    
                         arrival time                          -2.523    
  -------------------------------------------------------------------
                         slack                                  1.488    

Slack (MET) :             1.488ns  (required time - arrival time)
  Source:                 core/genblk1[0].lanes[11].lane/raw_q_reg[nonzero_group][2]/C
                            (rising edge-triggered cell FDRE clocked by core_clk  {rise@0.000ns fall@2.000ns period=4.000ns})
  Destination:            core/genblk1[0].lanes[11].lane/control_q_reg[exponent][8]/D
                            (rising edge-triggered cell FDRE clocked by core_clk  {rise@0.000ns fall@2.000ns period=4.000ns})
  Path Group:             core_clk
  Path Type:              Setup (Max at Slow Process Corner)
  Requirement:            4.000ns  (core_clk rise@4.000ns - core_clk rise@0.000ns)
  Data Path Delay:        2.493ns  (logic 0.863ns (34.617%)  route 1.630ns (65.383%))
  Logic Levels:           10  (CARRY8=3 LUT3=1 LUT4=2 LUT5=2 LUT6=2)
  Clock Path Skew:        -0.009ns (DCD - SCD + CPR)
    Destination Clock Delay (DCD):    0.021ns = ( 4.021 - 4.000 ) 
    Source Clock Delay      (SCD):    0.030ns
    Clock Pessimism Removal (CPR):    0.000ns
  Clock Uncertainty:      0.035ns  ((TSJ^2 + TIJ^2)^1/2 + DJ) / 2 + PE
    Total System Jitter     (TSJ):    0.071ns
    Total Input Jitter      (TIJ):    0.000ns
    Discrete Jitter          (DJ):    0.000ns
    Phase Error              (PE):    0.000ns

    Location             Delay type                Incr(ns)  Path(ns)    Netlist Resource(s)
  -------------------------------------------------------------------    -------------------
                         (clock core_clk rise edge)
                                                      0.000     0.000 r  
                                                      0.000     0.000 r  clk (IN)
                         net (fo=29010, unset)        0.030     0.030    core/genblk1[0].lanes[11].lane/clk
                         FDRE                                         r  core/genblk1[0].lanes[11].lane/raw_q_reg[nonzero_group][2]/C
  -------------------------------------------------------------------    -------------------
                         FDRE (Prop_FDRE_C_Q)         0.077     0.107 f  core/genblk1[0].lanes[11].lane/raw_q_reg[nonzero_group][2]/Q
                         net (fo=9, unplaced)         0.122     0.229    core/genblk1[0].lanes[11].lane/raw_q_reg[nonzero_group][2]
                         LUT3 (Prop_LUT3_I0_O)        0.090     0.319 r  core/genblk1[0].lanes[11].lane/control_q[shift][4]_i_27/O
                         net (fo=5, unplaced)         0.203     0.522    core/genblk1[0].lanes[11].lane/control_q[shift][4]_i_27_n_0
                         LUT6 (Prop_LUT6_I4_O)        0.038     0.560 r  core/genblk1[0].lanes[11].lane/control_q[shift][4]_i_20/O
                         net (fo=3, unplaced)         0.191     0.751    core/genblk1[0].lanes[11].lane/x[6]
                         LUT4 (Prop_LUT4_I1_O)        0.038     0.789 r  core/genblk1[0].lanes[11].lane/control_q[shift][4]_i_13/O
                         net (fo=5, unplaced)         0.203     0.992    core/genblk1[0].lanes[11].lane/control_q[shift][4]_i_13_n_0
                         LUT6 (Prop_LUT6_I3_O)        0.038     1.030 r  core/genblk1[0].lanes[11].lane/control_q[shift][4]_i_14/O
                         net (fo=5, unplaced)         0.203     1.233    core/genblk1[0].lanes[11].lane/control_q[shift][4]_i_14_n_0
                         LUT5 (Prop_LUT5_I1_O)        0.038     1.271 r  core/genblk1[0].lanes[11].lane/control_q[shift][1]_i_2/O
                         net (fo=4, unplaced)         0.197     1.468    core/genblk1[0].lanes[11].lane/control_q[shift][1]_i_2_n_0
                         LUT4 (Prop_LUT4_I1_O)        0.070     1.538 r  core/genblk1[0].lanes[11].lane/control_q[shift][4]_i_7/O
                         net (fo=1, unplaced)         0.242     1.780    core/genblk1[0].lanes[11].lane/control_q[shift][4]_i_7_n_0
                         CARRY8 (Prop_CARRY8_DI[0]_CO[4])
                                                      0.184     1.964 r  core/genblk1[0].lanes[11].lane/control_q_reg[shift][4]_i_3/CO[4]
                         net (fo=10, unplaced)        0.216     2.180    core/genblk1[0].lanes[11].lane/control_q_reg[shift][4]_i_3_n_3
                         LUT5 (Prop_LUT5_I1_O)        0.037     2.217 r  core/genblk1[0].lanes[11].lane/control_q[exponent][7]_i_9/O
                         net (fo=1, unplaced)         0.023     2.240    core/genblk1[0].lanes[11].lane/control_q[exponent][7]_i_9_n_0
                         CARRY8 (Prop_CARRY8_S[1]_CO[7])
                                                      0.197     2.437 r  core/genblk1[0].lanes[11].lane/control_q_reg[exponent][7]_i_1/CO[7]
                         net (fo=1, unplaced)         0.005     2.442    core/genblk1[0].lanes[11].lane/control_q_reg[exponent][7]_i_1_n_0
                         CARRY8 (Prop_CARRY8_CI_O[0])
                                                      0.056     2.498 r  core/genblk1[0].lanes[11].lane/control_q_reg[exponent][8]_i_1/O[0]
                         net (fo=1, unplaced)         0.025     2.523    core/genblk1[0].lanes[11].lane/control_q_reg[exponent][8]_i_1_n_15
                         FDRE                                         r  core/genblk1[0].lanes[11].lane/control_q_reg[exponent][8]/D
  -------------------------------------------------------------------    -------------------

                         (clock core_clk rise edge)
                                                      4.000     4.000 r  
                                                      0.000     4.000 r  clk (IN)
                         net (fo=29010, unset)        0.021     4.021    core/genblk1[0].lanes[11].lane/clk
                         FDRE                                         r  core/genblk1[0].lanes[11].lane/control_q_reg[exponent][8]/C
                         clock pessimism              0.000     4.021    
                         clock uncertainty           -0.035     3.986    
                         FDRE (Setup_FDRE_C_D)        0.025     4.011    core/genblk1[0].lanes[11].lane/control_q_reg[exponent][8]
  -------------------------------------------------------------------
                         required time                          4.011    
                         arrival time                          -2.523    
  -------------------------------------------------------------------
                         slack                                  1.488    

Slack (MET) :             1.488ns  (required time - arrival time)
  Source:                 core/genblk1[0].lanes[12].lane/raw_q_reg[nonzero_group][2]/C
                            (rising edge-triggered cell FDRE clocked by core_clk  {rise@0.000ns fall@2.000ns period=4.000ns})
  Destination:            core/genblk1[0].lanes[12].lane/control_q_reg[exponent][8]/D
                            (rising edge-triggered cell FDRE clocked by core_clk  {rise@0.000ns fall@2.000ns period=4.000ns})
  Path Group:             core_clk
  Path Type:              Setup (Max at Slow Process Corner)
  Requirement:            4.000ns  (core_clk rise@4.000ns - core_clk rise@0.000ns)
  Data Path Delay:        2.493ns  (logic 0.863ns (34.617%)  route 1.630ns (65.383%))
  Logic Levels:           10  (CARRY8=3 LUT3=1 LUT4=2 LUT5=2 LUT6=2)
  Clock Path Skew:        -0.009ns (DCD - SCD + CPR)
    Destination Clock Delay (DCD):    0.021ns = ( 4.021 - 4.000 ) 
    Source Clock Delay      (SCD):    0.030ns
    Clock Pessimism Removal (CPR):    0.000ns
  Clock Uncertainty:      0.035ns  ((TSJ^2 + TIJ^2)^1/2 + DJ) / 2 + PE
    Total System Jitter     (TSJ):    0.071ns
    Total Input Jitter      (TIJ):    0.000ns
    Discrete Jitter          (DJ):    0.000ns
    Phase Error              (PE):    0.000ns

    Location             Delay type                Incr(ns)  Path(ns)    Netlist Resource(s)
  -------------------------------------------------------------------    -------------------
                         (clock core_clk rise edge)
                                                      0.000     0.000 r  
                                                      0.000     0.000 r  clk (IN)
                         net (fo=29010, unset)        0.030     0.030    core/genblk1[0].lanes[12].lane/clk
                         FDRE                                         r  core/genblk1[0].lanes[12].lane/raw_q_reg[nonzero_group][2]/C
  -------------------------------------------------------------------    -------------------
                         FDRE (Prop_FDRE_C_Q)         0.077     0.107 f  core/genblk1[0].lanes[12].lane/raw_q_reg[nonzero_group][2]/Q
                         net (fo=9, unplaced)         0.122     0.229    core/genblk1[0].lanes[12].lane/raw_q_reg[nonzero_group][2]
                         LUT3 (Prop_LUT3_I0_O)        0.090     0.319 r  core/genblk1[0].lanes[12].lane/control_q[shift][4]_i_27/O
                         net (fo=5, unplaced)         0.203     0.522    core/genblk1[0].lanes[12].lane/control_q[shift][4]_i_27_n_0
                         LUT6 (Prop_LUT6_I4_O)        0.038     0.560 r  core/genblk1[0].lanes[12].lane/control_q[shift][4]_i_20/O
                         net (fo=3, unplaced)         0.191     0.751    core/genblk1[0].lanes[12].lane/x[6]
                         LUT4 (Prop_LUT4_I1_O)        0.038     0.789 r  core/genblk1[0].lanes[12].lane/control_q[shift][4]_i_13/O
                         net (fo=5, unplaced)         0.203     0.992    core/genblk1[0].lanes[12].lane/control_q[shift][4]_i_13_n_0
                         LUT6 (Prop_LUT6_I3_O)        0.038     1.030 r  core/genblk1[0].lanes[12].lane/control_q[shift][4]_i_14/O
                         net (fo=5, unplaced)         0.203     1.233    core/genblk1[0].lanes[12].lane/control_q[shift][4]_i_14_n_0
                         LUT5 (Prop_LUT5_I1_O)        0.038     1.271 r  core/genblk1[0].lanes[12].lane/control_q[shift][1]_i_2/O
                         net (fo=4, unplaced)         0.197     1.468    core/genblk1[0].lanes[12].lane/control_q[shift][1]_i_2_n_0
                         LUT4 (Prop_LUT4_I1_O)        0.070     1.538 r  core/genblk1[0].lanes[12].lane/control_q[shift][4]_i_7/O
                         net (fo=1, unplaced)         0.242     1.780    core/genblk1[0].lanes[12].lane/control_q[shift][4]_i_7_n_0
                         CARRY8 (Prop_CARRY8_DI[0]_CO[4])
                                                      0.184     1.964 r  core/genblk1[0].lanes[12].lane/control_q_reg[shift][4]_i_3/CO[4]
                         net (fo=10, unplaced)        0.216     2.180    core/genblk1[0].lanes[12].lane/control_q_reg[shift][4]_i_3_n_3
                         LUT5 (Prop_LUT5_I1_O)        0.037     2.217 r  core/genblk1[0].lanes[12].lane/control_q[exponent][7]_i_9/O
                         net (fo=1, unplaced)         0.023     2.240    core/genblk1[0].lanes[12].lane/control_q[exponent][7]_i_9_n_0
                         CARRY8 (Prop_CARRY8_S[1]_CO[7])
                                                      0.197     2.437 r  core/genblk1[0].lanes[12].lane/control_q_reg[exponent][7]_i_1/CO[7]
                         net (fo=1, unplaced)         0.005     2.442    core/genblk1[0].lanes[12].lane/control_q_reg[exponent][7]_i_1_n_0
                         CARRY8 (Prop_CARRY8_CI_O[0])
                                                      0.056     2.498 r  core/genblk1[0].lanes[12].lane/control_q_reg[exponent][8]_i_1/O[0]
                         net (fo=1, unplaced)         0.025     2.523    core/genblk1[0].lanes[12].lane/control_q_reg[exponent][8]_i_1_n_15
                         FDRE                                         r  core/genblk1[0].lanes[12].lane/control_q_reg[exponent][8]/D
  -------------------------------------------------------------------    -------------------

                         (clock core_clk rise edge)
                                                      4.000     4.000 r  
                                                      0.000     4.000 r  clk (IN)
                         net (fo=29010, unset)        0.021     4.021    core/genblk1[0].lanes[12].lane/clk
                         FDRE                                         r  core/genblk1[0].lanes[12].lane/control_q_reg[exponent][8]/C
                         clock pessimism              0.000     4.021    
                         clock uncertainty           -0.035     3.986    
                         FDRE (Setup_FDRE_C_D)        0.025     4.011    core/genblk1[0].lanes[12].lane/control_q_reg[exponent][8]
  -------------------------------------------------------------------
                         required time                          4.011    
                         arrival time                          -2.523    
  -------------------------------------------------------------------
                         slack                                  1.488    

Slack (MET) :             1.488ns  (required time - arrival time)
  Source:                 core/genblk1[0].lanes[13].lane/raw_q_reg[nonzero_group][2]/C
                            (rising edge-triggered cell FDRE clocked by core_clk  {rise@0.000ns fall@2.000ns period=4.000ns})
  Destination:            core/genblk1[0].lanes[13].lane/control_q_reg[exponent][8]/D
                            (rising edge-triggered cell FDRE clocked by core_clk  {rise@0.000ns fall@2.000ns period=4.000ns})
  Path Group:             core_clk
  Path Type:              Setup (Max at Slow Process Corner)
  Requirement:            4.000ns  (core_clk rise@4.000ns - core_clk rise@0.000ns)
  Data Path Delay:        2.493ns  (logic 0.863ns (34.617%)  route 1.630ns (65.383%))
  Logic Levels:           10  (CARRY8=3 LUT3=1 LUT4=2 LUT5=2 LUT6=2)
  Clock Path Skew:        -0.009ns (DCD - SCD + CPR)
    Destination Clock Delay (DCD):    0.021ns = ( 4.021 - 4.000 ) 
    Source Clock Delay      (SCD):    0.030ns
    Clock Pessimism Removal (CPR):    0.000ns
  Clock Uncertainty:      0.035ns  ((TSJ^2 + TIJ^2)^1/2 + DJ) / 2 + PE
    Total System Jitter     (TSJ):    0.071ns
    Total Input Jitter      (TIJ):    0.000ns
    Discrete Jitter          (DJ):    0.000ns
    Phase Error              (PE):    0.000ns

    Location             Delay type                Incr(ns)  Path(ns)    Netlist Resource(s)
  -------------------------------------------------------------------    -------------------
                         (clock core_clk rise edge)
                                                      0.000     0.000 r  
                                                      0.000     0.000 r  clk (IN)
                         net (fo=29010, unset)        0.030     0.030    core/genblk1[0].lanes[13].lane/clk
                         FDRE                                         r  core/genblk1[0].lanes[13].lane/raw_q_reg[nonzero_group][2]/C
  -------------------------------------------------------------------    -------------------
                         FDRE (Prop_FDRE_C_Q)         0.077     0.107 f  core/genblk1[0].lanes[13].lane/raw_q_reg[nonzero_group][2]/Q
                         net (fo=9, unplaced)         0.122     0.229    core/genblk1[0].lanes[13].lane/raw_q_reg[nonzero_group][2]
                         LUT3 (Prop_LUT3_I0_O)        0.090     0.319 r  core/genblk1[0].lanes[13].lane/control_q[shift][4]_i_27/O
                         net (fo=5, unplaced)         0.203     0.522    core/genblk1[0].lanes[13].lane/control_q[shift][4]_i_27_n_0
                         LUT6 (Prop_LUT6_I4_O)        0.038     0.560 r  core/genblk1[0].lanes[13].lane/control_q[shift][4]_i_20/O
                         net (fo=3, unplaced)         0.191     0.751    core/genblk1[0].lanes[13].lane/x[6]
                         LUT4 (Prop_LUT4_I1_O)        0.038     0.789 r  core/genblk1[0].lanes[13].lane/control_q[shift][4]_i_13/O
                         net (fo=5, unplaced)         0.203     0.992    core/genblk1[0].lanes[13].lane/control_q[shift][4]_i_13_n_0
                         LUT6 (Prop_LUT6_I3_O)        0.038     1.030 r  core/genblk1[0].lanes[13].lane/control_q[shift][4]_i_14/O
                         net (fo=5, unplaced)         0.203     1.233    core/genblk1[0].lanes[13].lane/control_q[shift][4]_i_14_n_0
                         LUT5 (Prop_LUT5_I1_O)        0.038     1.271 r  core/genblk1[0].lanes[13].lane/control_q[shift][1]_i_2/O
                         net (fo=4, unplaced)         0.197     1.468    core/genblk1[0].lanes[13].lane/control_q[shift][1]_i_2_n_0
                         LUT4 (Prop_LUT4_I1_O)        0.070     1.538 r  core/genblk1[0].lanes[13].lane/control_q[shift][4]_i_7/O
                         net (fo=1, unplaced)         0.242     1.780    core/genblk1[0].lanes[13].lane/control_q[shift][4]_i_7_n_0
                         CARRY8 (Prop_CARRY8_DI[0]_CO[4])
                                                      0.184     1.964 r  core/genblk1[0].lanes[13].lane/control_q_reg[shift][4]_i_3/CO[4]
                         net (fo=10, unplaced)        0.216     2.180    core/genblk1[0].lanes[13].lane/control_q_reg[shift][4]_i_3_n_3
                         LUT5 (Prop_LUT5_I1_O)        0.037     2.217 r  core/genblk1[0].lanes[13].lane/control_q[exponent][7]_i_9/O
                         net (fo=1, unplaced)         0.023     2.240    core/genblk1[0].lanes[13].lane/control_q[exponent][7]_i_9_n_0
                         CARRY8 (Prop_CARRY8_S[1]_CO[7])
                                                      0.197     2.437 r  core/genblk1[0].lanes[13].lane/control_q_reg[exponent][7]_i_1/CO[7]
                         net (fo=1, unplaced)         0.005     2.442    core/genblk1[0].lanes[13].lane/control_q_reg[exponent][7]_i_1_n_0
                         CARRY8 (Prop_CARRY8_CI_O[0])
                                                      0.056     2.498 r  core/genblk1[0].lanes[13].lane/control_q_reg[exponent][8]_i_1/O[0]
                         net (fo=1, unplaced)         0.025     2.523    core/genblk1[0].lanes[13].lane/control_q_reg[exponent][8]_i_1_n_15
                         FDRE                                         r  core/genblk1[0].lanes[13].lane/control_q_reg[exponent][8]/D
  -------------------------------------------------------------------    -------------------

                         (clock core_clk rise edge)
                                                      4.000     4.000 r  
                                                      0.000     4.000 r  clk (IN)
                         net (fo=29010, unset)        0.021     4.021    core/genblk1[0].lanes[13].lane/clk
                         FDRE                                         r  core/genblk1[0].lanes[13].lane/control_q_reg[exponent][8]/C
                         clock pessimism              0.000     4.021    
                         clock uncertainty           -0.035     3.986    
                         FDRE (Setup_FDRE_C_D)        0.025     4.011    core/genblk1[0].lanes[13].lane/control_q_reg[exponent][8]
  -------------------------------------------------------------------
                         required time                          4.011    
                         arrival time                          -2.523    
  -------------------------------------------------------------------
                         slack                                  1.488    

Slack (MET) :             1.488ns  (required time - arrival time)
  Source:                 core/genblk1[0].lanes[14].lane/raw_q_reg[nonzero_group][2]/C
                            (rising edge-triggered cell FDRE clocked by core_clk  {rise@0.000ns fall@2.000ns period=4.000ns})
  Destination:            core/genblk1[0].lanes[14].lane/control_q_reg[exponent][8]/D
                            (rising edge-triggered cell FDRE clocked by core_clk  {rise@0.000ns fall@2.000ns period=4.000ns})
  Path Group:             core_clk
  Path Type:              Setup (Max at Slow Process Corner)
  Requirement:            4.000ns  (core_clk rise@4.000ns - core_clk rise@0.000ns)
  Data Path Delay:        2.493ns  (logic 0.863ns (34.617%)  route 1.630ns (65.383%))
  Logic Levels:           10  (CARRY8=3 LUT3=1 LUT4=2 LUT5=2 LUT6=2)
  Clock Path Skew:        -0.009ns (DCD - SCD + CPR)
    Destination Clock Delay (DCD):    0.021ns = ( 4.021 - 4.000 ) 
    Source Clock Delay      (SCD):    0.030ns
    Clock Pessimism Removal (CPR):    0.000ns
  Clock Uncertainty:      0.035ns  ((TSJ^2 + TIJ^2)^1/2 + DJ) / 2 + PE
    Total System Jitter     (TSJ):    0.071ns
    Total Input Jitter      (TIJ):    0.000ns
    Discrete Jitter          (DJ):    0.000ns
    Phase Error              (PE):    0.000ns

    Location             Delay type                Incr(ns)  Path(ns)    Netlist Resource(s)
  -------------------------------------------------------------------    -------------------
                         (clock core_clk rise edge)
                                                      0.000     0.000 r  
                                                      0.000     0.000 r  clk (IN)
                         net (fo=29010, unset)        0.030     0.030    core/genblk1[0].lanes[14].lane/clk
                         FDRE                                         r  core/genblk1[0].lanes[14].lane/raw_q_reg[nonzero_group][2]/C
  -------------------------------------------------------------------    -------------------
                         FDRE (Prop_FDRE_C_Q)         0.077     0.107 f  core/genblk1[0].lanes[14].lane/raw_q_reg[nonzero_group][2]/Q
                         net (fo=9, unplaced)         0.122     0.229    core/genblk1[0].lanes[14].lane/raw_q_reg[nonzero_group][2]
                         LUT3 (Prop_LUT3_I0_O)        0.090     0.319 r  core/genblk1[0].lanes[14].lane/control_q[shift][4]_i_27/O
                         net (fo=5, unplaced)         0.203     0.522    core/genblk1[0].lanes[14].lane/control_q[shift][4]_i_27_n_0
                         LUT6 (Prop_LUT6_I4_O)        0.038     0.560 r  core/genblk1[0].lanes[14].lane/control_q[shift][4]_i_20/O
                         net (fo=3, unplaced)         0.191     0.751    core/genblk1[0].lanes[14].lane/x[6]
                         LUT4 (Prop_LUT4_I1_O)        0.038     0.789 r  core/genblk1[0].lanes[14].lane/control_q[shift][4]_i_13/O
                         net (fo=5, unplaced)         0.203     0.992    core/genblk1[0].lanes[14].lane/control_q[shift][4]_i_13_n_0
                         LUT6 (Prop_LUT6_I3_O)        0.038     1.030 r  core/genblk1[0].lanes[14].lane/control_q[shift][4]_i_14/O
                         net (fo=5, unplaced)         0.203     1.233    core/genblk1[0].lanes[14].lane/control_q[shift][4]_i_14_n_0
                         LUT5 (Prop_LUT5_I1_O)        0.038     1.271 r  core/genblk1[0].lanes[14].lane/control_q[shift][1]_i_2/O
                         net (fo=4, unplaced)         0.197     1.468    core/genblk1[0].lanes[14].lane/control_q[shift][1]_i_2_n_0
                         LUT4 (Prop_LUT4_I1_O)        0.070     1.538 r  core/genblk1[0].lanes[14].lane/control_q[shift][4]_i_7/O
                         net (fo=1, unplaced)         0.242     1.780    core/genblk1[0].lanes[14].lane/control_q[shift][4]_i_7_n_0
                         CARRY8 (Prop_CARRY8_DI[0]_CO[4])
                                                      0.184     1.964 r  core/genblk1[0].lanes[14].lane/control_q_reg[shift][4]_i_3/CO[4]
                         net (fo=10, unplaced)        0.216     2.180    core/genblk1[0].lanes[14].lane/control_q_reg[shift][4]_i_3_n_3
                         LUT5 (Prop_LUT5_I1_O)        0.037     2.217 r  core/genblk1[0].lanes[14].lane/control_q[exponent][7]_i_9/O
                         net (fo=1, unplaced)         0.023     2.240    core/genblk1[0].lanes[14].lane/control_q[exponent][7]_i_9_n_0
                         CARRY8 (Prop_CARRY8_S[1]_CO[7])
                                                      0.197     2.437 r  core/genblk1[0].lanes[14].lane/control_q_reg[exponent][7]_i_1/CO[7]
                         net (fo=1, unplaced)         0.005     2.442    core/genblk1[0].lanes[14].lane/control_q_reg[exponent][7]_i_1_n_0
                         CARRY8 (Prop_CARRY8_CI_O[0])
                                                      0.056     2.498 r  core/genblk1[0].lanes[14].lane/control_q_reg[exponent][8]_i_1/O[0]
                         net (fo=1, unplaced)         0.025     2.523    core/genblk1[0].lanes[14].lane/control_q_reg[exponent][8]_i_1_n_15
                         FDRE                                         r  core/genblk1[0].lanes[14].lane/control_q_reg[exponent][8]/D
  -------------------------------------------------------------------    -------------------

                         (clock core_clk rise edge)
                                                      4.000     4.000 r  
                                                      0.000     4.000 r  clk (IN)
                         net (fo=29010, unset)        0.021     4.021    core/genblk1[0].lanes[14].lane/clk
                         FDRE                                         r  core/genblk1[0].lanes[14].lane/control_q_reg[exponent][8]/C
                         clock pessimism              0.000     4.021    
                         clock uncertainty           -0.035     3.986    
                         FDRE (Setup_FDRE_C_D)        0.025     4.011    core/genblk1[0].lanes[14].lane/control_q_reg[exponent][8]
  -------------------------------------------------------------------
                         required time                          4.011    
                         arrival time                          -2.523    
  -------------------------------------------------------------------
                         slack                                  1.488    

Slack (MET) :             1.488ns  (required time - arrival time)
  Source:                 core/genblk1[0].lanes[15].lane/raw_q_reg[nonzero_group][2]/C
                            (rising edge-triggered cell FDRE clocked by core_clk  {rise@0.000ns fall@2.000ns period=4.000ns})
  Destination:            core/genblk1[0].lanes[15].lane/control_q_reg[exponent][8]/D
                            (rising edge-triggered cell FDRE clocked by core_clk  {rise@0.000ns fall@2.000ns period=4.000ns})
  Path Group:             core_clk
  Path Type:              Setup (Max at Slow Process Corner)
  Requirement:            4.000ns  (core_clk rise@4.000ns - core_clk rise@0.000ns)
  Data Path Delay:        2.493ns  (logic 0.863ns (34.617%)  route 1.630ns (65.383%))
  Logic Levels:           10  (CARRY8=3 LUT3=1 LUT4=2 LUT5=2 LUT6=2)
  Clock Path Skew:        -0.009ns (DCD - SCD + CPR)
    Destination Clock Delay (DCD):    0.021ns = ( 4.021 - 4.000 ) 
    Source Clock Delay      (SCD):    0.030ns
    Clock Pessimism Removal (CPR):    0.000ns
  Clock Uncertainty:      0.035ns  ((TSJ^2 + TIJ^2)^1/2 + DJ) / 2 + PE
    Total System Jitter     (TSJ):    0.071ns
    Total Input Jitter      (TIJ):    0.000ns
    Discrete Jitter          (DJ):    0.000ns
    Phase Error              (PE):    0.000ns

    Location             Delay type                Incr(ns)  Path(ns)    Netlist Resource(s)
  -------------------------------------------------------------------    -------------------
                         (clock core_clk rise edge)
                                                      0.000     0.000 r  
                                                      0.000     0.000 r  clk (IN)
                         net (fo=29010, unset)        0.030     0.030    core/genblk1[0].lanes[15].lane/clk
                         FDRE                                         r  core/genblk1[0].lanes[15].lane/raw_q_reg[nonzero_group][2]/C
  -------------------------------------------------------------------    -------------------
                         FDRE (Prop_FDRE_C_Q)         0.077     0.107 f  core/genblk1[0].lanes[15].lane/raw_q_reg[nonzero_group][2]/Q
                         net (fo=9, unplaced)         0.122     0.229    core/genblk1[0].lanes[15].lane/raw_q_reg[nonzero_group][2]
                         LUT3 (Prop_LUT3_I0_O)        0.090     0.319 r  core/genblk1[0].lanes[15].lane/control_q[shift][4]_i_27/O
                         net (fo=5, unplaced)         0.203     0.522    core/genblk1[0].lanes[15].lane/control_q[shift][4]_i_27_n_0
                         LUT6 (Prop_LUT6_I4_O)        0.038     0.560 r  core/genblk1[0].lanes[15].lane/control_q[shift][4]_i_20/O
                         net (fo=3, unplaced)         0.191     0.751    core/genblk1[0].lanes[15].lane/x[6]
                         LUT4 (Prop_LUT4_I1_O)        0.038     0.789 r  core/genblk1[0].lanes[15].lane/control_q[shift][4]_i_13/O
                         net (fo=5, unplaced)         0.203     0.992    core/genblk1[0].lanes[15].lane/control_q[shift][4]_i_13_n_0
                         LUT6 (Prop_LUT6_I3_O)        0.038     1.030 r  core/genblk1[0].lanes[15].lane/control_q[shift][4]_i_14/O
                         net (fo=5, unplaced)         0.203     1.233    core/genblk1[0].lanes[15].lane/control_q[shift][4]_i_14_n_0
                         LUT5 (Prop_LUT5_I1_O)        0.038     1.271 r  core/genblk1[0].lanes[15].lane/control_q[shift][1]_i_2/O
                         net (fo=4, unplaced)         0.197     1.468    core/genblk1[0].lanes[15].lane/control_q[shift][1]_i_2_n_0
                         LUT4 (Prop_LUT4_I1_O)        0.070     1.538 r  core/genblk1[0].lanes[15].lane/control_q[shift][4]_i_7/O
                         net (fo=1, unplaced)         0.242     1.780    core/genblk1[0].lanes[15].lane/control_q[shift][4]_i_7_n_0
                         CARRY8 (Prop_CARRY8_DI[0]_CO[4])
                                                      0.184     1.964 r  core/genblk1[0].lanes[15].lane/control_q_reg[shift][4]_i_3/CO[4]
                         net (fo=10, unplaced)        0.216     2.180    core/genblk1[0].lanes[15].lane/control_q_reg[shift][4]_i_3_n_3
                         LUT5 (Prop_LUT5_I1_O)        0.037     2.217 r  core/genblk1[0].lanes[15].lane/control_q[exponent][7]_i_9/O
                         net (fo=1, unplaced)         0.023     2.240    core/genblk1[0].lanes[15].lane/control_q[exponent][7]_i_9_n_0
                         CARRY8 (Prop_CARRY8_S[1]_CO[7])
                                                      0.197     2.437 r  core/genblk1[0].lanes[15].lane/control_q_reg[exponent][7]_i_1/CO[7]
                         net (fo=1, unplaced)         0.005     2.442    core/genblk1[0].lanes[15].lane/control_q_reg[exponent][7]_i_1_n_0
                         CARRY8 (Prop_CARRY8_CI_O[0])
                                                      0.056     2.498 r  core/genblk1[0].lanes[15].lane/control_q_reg[exponent][8]_i_1/O[0]
                         net (fo=1, unplaced)         0.025     2.523    core/genblk1[0].lanes[15].lane/control_q_reg[exponent][8]_i_1_n_15
                         FDRE                                         r  core/genblk1[0].lanes[15].lane/control_q_reg[exponent][8]/D
  -------------------------------------------------------------------    -------------------

                         (clock core_clk rise edge)
                                                      4.000     4.000 r  
                                                      0.000     4.000 r  clk (IN)
                         net (fo=29010, unset)        0.021     4.021    core/genblk1[0].lanes[15].lane/clk
                         FDRE                                         r  core/genblk1[0].lanes[15].lane/control_q_reg[exponent][8]/C
                         clock pessimism              0.000     4.021    
                         clock uncertainty           -0.035     3.986    
                         FDRE (Setup_FDRE_C_D)        0.025     4.011    core/genblk1[0].lanes[15].lane/control_q_reg[exponent][8]
  -------------------------------------------------------------------
                         required time                          4.011    
                         arrival time                          -2.523    
  -------------------------------------------------------------------
                         slack                                  1.488    

Slack (MET) :             1.488ns  (required time - arrival time)
  Source:                 core/genblk1[0].lanes[1].lane/raw_q_reg[nonzero_group][2]/C
                            (rising edge-triggered cell FDRE clocked by core_clk  {rise@0.000ns fall@2.000ns period=4.000ns})
  Destination:            core/genblk1[0].lanes[1].lane/control_q_reg[exponent][8]/D
                            (rising edge-triggered cell FDRE clocked by core_clk  {rise@0.000ns fall@2.000ns period=4.000ns})
  Path Group:             core_clk
  Path Type:              Setup (Max at Slow Process Corner)
  Requirement:            4.000ns  (core_clk rise@4.000ns - core_clk rise@0.000ns)
  Data Path Delay:        2.493ns  (logic 0.863ns (34.617%)  route 1.630ns (65.383%))
  Logic Levels:           10  (CARRY8=3 LUT3=1 LUT4=2 LUT5=2 LUT6=2)
  Clock Path Skew:        -0.009ns (DCD - SCD + CPR)
    Destination Clock Delay (DCD):    0.021ns = ( 4.021 - 4.000 ) 
    Source Clock Delay      (SCD):    0.030ns
    Clock Pessimism Removal (CPR):    0.000ns
  Clock Uncertainty:      0.035ns  ((TSJ^2 + TIJ^2)^1/2 + DJ) / 2 + PE
    Total System Jitter     (TSJ):    0.071ns
    Total Input Jitter      (TIJ):    0.000ns
    Discrete Jitter          (DJ):    0.000ns
    Phase Error              (PE):    0.000ns

    Location             Delay type                Incr(ns)  Path(ns)    Netlist Resource(s)
  -------------------------------------------------------------------    -------------------
                         (clock core_clk rise edge)
                                                      0.000     0.000 r  
                                                      0.000     0.000 r  clk (IN)
                         net (fo=29010, unset)        0.030     0.030    core/genblk1[0].lanes[1].lane/clk
                         FDRE                                         r  core/genblk1[0].lanes[1].lane/raw_q_reg[nonzero_group][2]/C
  -------------------------------------------------------------------    -------------------
                         FDRE (Prop_FDRE_C_Q)         0.077     0.107 f  core/genblk1[0].lanes[1].lane/raw_q_reg[nonzero_group][2]/Q
                         net (fo=9, unplaced)         0.122     0.229    core/genblk1[0].lanes[1].lane/raw_q_reg[nonzero_group][2]
                         LUT3 (Prop_LUT3_I0_O)        0.090     0.319 r  core/genblk1[0].lanes[1].lane/control_q[shift][4]_i_27/O
                         net (fo=5, unplaced)         0.203     0.522    core/genblk1[0].lanes[1].lane/control_q[shift][4]_i_27_n_0
                         LUT6 (Prop_LUT6_I4_O)        0.038     0.560 r  core/genblk1[0].lanes[1].lane/control_q[shift][4]_i_20/O
                         net (fo=3, unplaced)         0.191     0.751    core/genblk1[0].lanes[1].lane/x[6]
                         LUT4 (Prop_LUT4_I1_O)        0.038     0.789 r  core/genblk1[0].lanes[1].lane/control_q[shift][4]_i_13/O
                         net (fo=5, unplaced)         0.203     0.992    core/genblk1[0].lanes[1].lane/control_q[shift][4]_i_13_n_0
                         LUT6 (Prop_LUT6_I3_O)        0.038     1.030 r  core/genblk1[0].lanes[1].lane/control_q[shift][4]_i_14/O
                         net (fo=5, unplaced)         0.203     1.233    core/genblk1[0].lanes[1].lane/control_q[shift][4]_i_14_n_0
                         LUT5 (Prop_LUT5_I1_O)        0.038     1.271 r  core/genblk1[0].lanes[1].lane/control_q[shift][1]_i_2/O
                         net (fo=4, unplaced)         0.197     1.468    core/genblk1[0].lanes[1].lane/control_q[shift][1]_i_2_n_0
                         LUT4 (Prop_LUT4_I1_O)        0.070     1.538 r  core/genblk1[0].lanes[1].lane/control_q[shift][4]_i_7/O
                         net (fo=1, unplaced)         0.242     1.780    core/genblk1[0].lanes[1].lane/control_q[shift][4]_i_7_n_0
                         CARRY8 (Prop_CARRY8_DI[0]_CO[4])
                                                      0.184     1.964 r  core/genblk1[0].lanes[1].lane/control_q_reg[shift][4]_i_3/CO[4]
                         net (fo=10, unplaced)        0.216     2.180    core/genblk1[0].lanes[1].lane/control_q_reg[shift][4]_i_3_n_3
                         LUT5 (Prop_LUT5_I1_O)        0.037     2.217 r  core/genblk1[0].lanes[1].lane/control_q[exponent][7]_i_9/O
                         net (fo=1, unplaced)         0.023     2.240    core/genblk1[0].lanes[1].lane/control_q[exponent][7]_i_9_n_0
                         CARRY8 (Prop_CARRY8_S[1]_CO[7])
                                                      0.197     2.437 r  core/genblk1[0].lanes[1].lane/control_q_reg[exponent][7]_i_1/CO[7]
                         net (fo=1, unplaced)         0.005     2.442    core/genblk1[0].lanes[1].lane/control_q_reg[exponent][7]_i_1_n_0
                         CARRY8 (Prop_CARRY8_CI_O[0])
                                                      0.056     2.498 r  core/genblk1[0].lanes[1].lane/control_q_reg[exponent][8]_i_1/O[0]
                         net (fo=1, unplaced)         0.025     2.523    core/genblk1[0].lanes[1].lane/control_q_reg[exponent][8]_i_1_n_15
                         FDRE                                         r  core/genblk1[0].lanes[1].lane/control_q_reg[exponent][8]/D
  -------------------------------------------------------------------    -------------------

                         (clock core_clk rise edge)
                                                      4.000     4.000 r  
                                                      0.000     4.000 r  clk (IN)
                         net (fo=29010, unset)        0.021     4.021    core/genblk1[0].lanes[1].lane/clk
                         FDRE                                         r  core/genblk1[0].lanes[1].lane/control_q_reg[exponent][8]/C
                         clock pessimism              0.000     4.021    
                         clock uncertainty           -0.035     3.986    
                         FDRE (Setup_FDRE_C_D)        0.025     4.011    core/genblk1[0].lanes[1].lane/control_q_reg[exponent][8]
  -------------------------------------------------------------------
                         required time                          4.011    
                         arrival time                          -2.523    
  -------------------------------------------------------------------
                         slack                                  1.488    

Slack (MET) :             1.488ns  (required time - arrival time)
  Source:                 core/genblk1[0].lanes[2].lane/raw_q_reg[nonzero_group][2]/C
                            (rising edge-triggered cell FDRE clocked by core_clk  {rise@0.000ns fall@2.000ns period=4.000ns})
  Destination:            core/genblk1[0].lanes[2].lane/control_q_reg[exponent][8]/D
                            (rising edge-triggered cell FDRE clocked by core_clk  {rise@0.000ns fall@2.000ns period=4.000ns})
  Path Group:             core_clk
  Path Type:              Setup (Max at Slow Process Corner)
  Requirement:            4.000ns  (core_clk rise@4.000ns - core_clk rise@0.000ns)
  Data Path Delay:        2.493ns  (logic 0.863ns (34.617%)  route 1.630ns (65.383%))
  Logic Levels:           10  (CARRY8=3 LUT3=1 LUT4=2 LUT5=2 LUT6=2)
  Clock Path Skew:        -0.009ns (DCD - SCD + CPR)
    Destination Clock Delay (DCD):    0.021ns = ( 4.021 - 4.000 ) 
    Source Clock Delay      (SCD):    0.030ns
    Clock Pessimism Removal (CPR):    0.000ns
  Clock Uncertainty:      0.035ns  ((TSJ^2 + TIJ^2)^1/2 + DJ) / 2 + PE
    Total System Jitter     (TSJ):    0.071ns
    Total Input Jitter      (TIJ):    0.000ns
    Discrete Jitter          (DJ):    0.000ns
    Phase Error              (PE):    0.000ns

    Location             Delay type                Incr(ns)  Path(ns)    Netlist Resource(s)
  -------------------------------------------------------------------    -------------------
                         (clock core_clk rise edge)
                                                      0.000     0.000 r  
                                                      0.000     0.000 r  clk (IN)
                         net (fo=29010, unset)        0.030     0.030    core/genblk1[0].lanes[2].lane/clk
                         FDRE                                         r  core/genblk1[0].lanes[2].lane/raw_q_reg[nonzero_group][2]/C
  -------------------------------------------------------------------    -------------------
                         FDRE (Prop_FDRE_C_Q)         0.077     0.107 f  core/genblk1[0].lanes[2].lane/raw_q_reg[nonzero_group][2]/Q
                         net (fo=9, unplaced)         0.122     0.229    core/genblk1[0].lanes[2].lane/raw_q_reg[nonzero_group][2]
                         LUT3 (Prop_LUT3_I0_O)        0.090     0.319 r  core/genblk1[0].lanes[2].lane/control_q[shift][4]_i_26/O
                         net (fo=5, unplaced)         0.203     0.522    core/genblk1[0].lanes[2].lane/control_q[shift][4]_i_26_n_0
                         LUT6 (Prop_LUT6_I4_O)        0.038     0.560 r  core/genblk1[0].lanes[2].lane/control_q[shift][4]_i_19/O
                         net (fo=3, unplaced)         0.191     0.751    core/genblk1[0].lanes[2].lane/x[6]
                         LUT4 (Prop_LUT4_I1_O)        0.038     0.789 r  core/genblk1[0].lanes[2].lane/control_q[shift][4]_i_13/O
                         net (fo=5, unplaced)         0.203     0.992    core/genblk1[0].lanes[2].lane/control_q[shift][4]_i_13_n_0
                         LUT6 (Prop_LUT6_I3_O)        0.038     1.030 r  core/genblk1[0].lanes[2].lane/control_q[shift][4]_i_14/O
                         net (fo=5, unplaced)         0.203     1.233    core/genblk1[0].lanes[2].lane/control_q[shift][4]_i_14_n_0
                         LUT5 (Prop_LUT5_I1_O)        0.038     1.271 r  core/genblk1[0].lanes[2].lane/control_q[shift][1]_i_2/O
                         net (fo=4, unplaced)         0.197     1.468    core/genblk1[0].lanes[2].lane/control_q[shift][1]_i_2_n_0
                         LUT4 (Prop_LUT4_I1_O)        0.070     1.538 r  core/genblk1[0].lanes[2].lane/control_q[shift][4]_i_7/O
                         net (fo=1, unplaced)         0.242     1.780    core/genblk1[0].lanes[2].lane/control_q[shift][4]_i_7_n_0
                         CARRY8 (Prop_CARRY8_DI[0]_CO[4])
                                                      0.184     1.964 r  core/genblk1[0].lanes[2].lane/control_q_reg[shift][4]_i_3/CO[4]
                         net (fo=10, unplaced)        0.216     2.180    core/genblk1[0].lanes[2].lane/control_q_reg[shift][4]_i_3_n_3
                         LUT5 (Prop_LUT5_I1_O)        0.037     2.217 r  core/genblk1[0].lanes[2].lane/control_q[exponent][7]_i_9/O
                         net (fo=1, unplaced)         0.023     2.240    core/genblk1[0].lanes[2].lane/control_q[exponent][7]_i_9_n_0
                         CARRY8 (Prop_CARRY8_S[1]_CO[7])
                                                      0.197     2.437 r  core/genblk1[0].lanes[2].lane/control_q_reg[exponent][7]_i_1/CO[7]
                         net (fo=1, unplaced)         0.005     2.442    core/genblk1[0].lanes[2].lane/control_q_reg[exponent][7]_i_1_n_0
                         CARRY8 (Prop_CARRY8_CI_O[0])
                                                      0.056     2.498 r  core/genblk1[0].lanes[2].lane/control_q_reg[exponent][8]_i_1/O[0]
                         net (fo=1, unplaced)         0.025     2.523    core/genblk1[0].lanes[2].lane/control_q_reg[exponent][8]_i_1_n_15
                         FDRE                                         r  core/genblk1[0].lanes[2].lane/control_q_reg[exponent][8]/D
  -------------------------------------------------------------------    -------------------

                         (clock core_clk rise edge)
                                                      4.000     4.000 r  
                                                      0.000     4.000 r  clk (IN)
                         net (fo=29010, unset)        0.021     4.021    core/genblk1[0].lanes[2].lane/clk
                         FDRE                                         r  core/genblk1[0].lanes[2].lane/control_q_reg[exponent][8]/C
                         clock pessimism              0.000     4.021    
                         clock uncertainty           -0.035     3.986    
                         FDRE (Setup_FDRE_C_D)        0.025     4.011    core/genblk1[0].lanes[2].lane/control_q_reg[exponent][8]
  -------------------------------------------------------------------
                         required time                          4.011    
                         arrival time                          -2.523    
  -------------------------------------------------------------------
                         slack                                  1.488    

Slack (MET) :             1.488ns  (required time - arrival time)
  Source:                 core/genblk1[0].lanes[3].lane/raw_q_reg[nonzero_group][2]/C
                            (rising edge-triggered cell FDRE clocked by core_clk  {rise@0.000ns fall@2.000ns period=4.000ns})
  Destination:            core/genblk1[0].lanes[3].lane/control_q_reg[exponent][8]/D
                            (rising edge-triggered cell FDRE clocked by core_clk  {rise@0.000ns fall@2.000ns period=4.000ns})
  Path Group:             core_clk
  Path Type:              Setup (Max at Slow Process Corner)
  Requirement:            4.000ns  (core_clk rise@4.000ns - core_clk rise@0.000ns)
  Data Path Delay:        2.493ns  (logic 0.863ns (34.617%)  route 1.630ns (65.383%))
  Logic Levels:           10  (CARRY8=3 LUT3=1 LUT4=2 LUT5=2 LUT6=2)
  Clock Path Skew:        -0.009ns (DCD - SCD + CPR)
    Destination Clock Delay (DCD):    0.021ns = ( 4.021 - 4.000 ) 
    Source Clock Delay      (SCD):    0.030ns
    Clock Pessimism Removal (CPR):    0.000ns
  Clock Uncertainty:      0.035ns  ((TSJ^2 + TIJ^2)^1/2 + DJ) / 2 + PE
    Total System Jitter     (TSJ):    0.071ns
    Total Input Jitter      (TIJ):    0.000ns
    Discrete Jitter          (DJ):    0.000ns
    Phase Error              (PE):    0.000ns

    Location             Delay type                Incr(ns)  Path(ns)    Netlist Resource(s)
  -------------------------------------------------------------------    -------------------
                         (clock core_clk rise edge)
                                                      0.000     0.000 r  
                                                      0.000     0.000 r  clk (IN)
                         net (fo=29010, unset)        0.030     0.030    core/genblk1[0].lanes[3].lane/clk
                         FDRE                                         r  core/genblk1[0].lanes[3].lane/raw_q_reg[nonzero_group][2]/C
  -------------------------------------------------------------------    -------------------
                         FDRE (Prop_FDRE_C_Q)         0.077     0.107 f  core/genblk1[0].lanes[3].lane/raw_q_reg[nonzero_group][2]/Q
                         net (fo=9, unplaced)         0.122     0.229    core/genblk1[0].lanes[3].lane/raw_q_reg[nonzero_group][2]
                         LUT3 (Prop_LUT3_I0_O)        0.090     0.319 r  core/genblk1[0].lanes[3].lane/control_q[shift][4]_i_27/O
                         net (fo=5, unplaced)         0.203     0.522    core/genblk1[0].lanes[3].lane/control_q[shift][4]_i_27_n_0
                         LUT6 (Prop_LUT6_I4_O)        0.038     0.560 r  core/genblk1[0].lanes[3].lane/control_q[shift][4]_i_20/O
                         net (fo=3, unplaced)         0.191     0.751    core/genblk1[0].lanes[3].lane/x[6]
                         LUT4 (Prop_LUT4_I1_O)        0.038     0.789 r  core/genblk1[0].lanes[3].lane/control_q[shift][4]_i_13/O
                         net (fo=5, unplaced)         0.203     0.992    core/genblk1[0].lanes[3].lane/control_q[shift][4]_i_13_n_0
                         LUT6 (Prop_LUT6_I3_O)        0.038     1.030 r  core/genblk1[0].lanes[3].lane/control_q[shift][4]_i_14/O
                         net (fo=5, unplaced)         0.203     1.233    core/genblk1[0].lanes[3].lane/control_q[shift][4]_i_14_n_0
                         LUT5 (Prop_LUT5_I1_O)        0.038     1.271 r  core/genblk1[0].lanes[3].lane/control_q[shift][1]_i_2/O
                         net (fo=4, unplaced)         0.197     1.468    core/genblk1[0].lanes[3].lane/control_q[shift][1]_i_2_n_0
                         LUT4 (Prop_LUT4_I1_O)        0.070     1.538 r  core/genblk1[0].lanes[3].lane/control_q[shift][4]_i_7/O
                         net (fo=1, unplaced)         0.242     1.780    core/genblk1[0].lanes[3].lane/control_q[shift][4]_i_7_n_0
                         CARRY8 (Prop_CARRY8_DI[0]_CO[4])
                                                      0.184     1.964 r  core/genblk1[0].lanes[3].lane/control_q_reg[shift][4]_i_3/CO[4]
                         net (fo=10, unplaced)        0.216     2.180    core/genblk1[0].lanes[3].lane/control_q_reg[shift][4]_i_3_n_3
                         LUT5 (Prop_LUT5_I1_O)        0.037     2.217 r  core/genblk1[0].lanes[3].lane/control_q[exponent][7]_i_9/O
                         net (fo=1, unplaced)         0.023     2.240    core/genblk1[0].lanes[3].lane/control_q[exponent][7]_i_9_n_0
                         CARRY8 (Prop_CARRY8_S[1]_CO[7])
                                                      0.197     2.437 r  core/genblk1[0].lanes[3].lane/control_q_reg[exponent][7]_i_1/CO[7]
                         net (fo=1, unplaced)         0.005     2.442    core/genblk1[0].lanes[3].lane/control_q_reg[exponent][7]_i_1_n_0
                         CARRY8 (Prop_CARRY8_CI_O[0])
                                                      0.056     2.498 r  core/genblk1[0].lanes[3].lane/control_q_reg[exponent][8]_i_1/O[0]
                         net (fo=1, unplaced)         0.025     2.523    core/genblk1[0].lanes[3].lane/control_q_reg[exponent][8]_i_1_n_15
                         FDRE                                         r  core/genblk1[0].lanes[3].lane/control_q_reg[exponent][8]/D
  -------------------------------------------------------------------    -------------------

                         (clock core_clk rise edge)
                                                      4.000     4.000 r  
                                                      0.000     4.000 r  clk (IN)
                         net (fo=29010, unset)        0.021     4.021    core/genblk1[0].lanes[3].lane/clk
                         FDRE                                         r  core/genblk1[0].lanes[3].lane/control_q_reg[exponent][8]/C
                         clock pessimism              0.000     4.021    
                         clock uncertainty           -0.035     3.986    
                         FDRE (Setup_FDRE_C_D)        0.025     4.011    core/genblk1[0].lanes[3].lane/control_q_reg[exponent][8]
  -------------------------------------------------------------------
                         required time                          4.011    
                         arrival time                          -2.523    
  -------------------------------------------------------------------
                         slack                                  1.488    

Slack (MET) :             1.488ns  (required time - arrival time)
  Source:                 core/genblk1[0].lanes[4].lane/raw_q_reg[nonzero_group][2]/C
                            (rising edge-triggered cell FDRE clocked by core_clk  {rise@0.000ns fall@2.000ns period=4.000ns})
  Destination:            core/genblk1[0].lanes[4].lane/control_q_reg[exponent][8]/D
                            (rising edge-triggered cell FDRE clocked by core_clk  {rise@0.000ns fall@2.000ns period=4.000ns})
  Path Group:             core_clk
  Path Type:              Setup (Max at Slow Process Corner)
  Requirement:            4.000ns  (core_clk rise@4.000ns - core_clk rise@0.000ns)
  Data Path Delay:        2.493ns  (logic 0.863ns (34.617%)  route 1.630ns (65.383%))
  Logic Levels:           10  (CARRY8=3 LUT3=1 LUT4=2 LUT5=2 LUT6=2)
  Clock Path Skew:        -0.009ns (DCD - SCD + CPR)
    Destination Clock Delay (DCD):    0.021ns = ( 4.021 - 4.000 ) 
    Source Clock Delay      (SCD):    0.030ns
    Clock Pessimism Removal (CPR):    0.000ns
  Clock Uncertainty:      0.035ns  ((TSJ^2 + TIJ^2)^1/2 + DJ) / 2 + PE
    Total System Jitter     (TSJ):    0.071ns
    Total Input Jitter      (TIJ):    0.000ns
    Discrete Jitter          (DJ):    0.000ns
    Phase Error              (PE):    0.000ns

    Location             Delay type                Incr(ns)  Path(ns)    Netlist Resource(s)
  -------------------------------------------------------------------    -------------------
                         (clock core_clk rise edge)
                                                      0.000     0.000 r  
                                                      0.000     0.000 r  clk (IN)
                         net (fo=29010, unset)        0.030     0.030    core/genblk1[0].lanes[4].lane/clk
                         FDRE                                         r  core/genblk1[0].lanes[4].lane/raw_q_reg[nonzero_group][2]/C
  -------------------------------------------------------------------    -------------------
                         FDRE (Prop_FDRE_C_Q)         0.077     0.107 f  core/genblk1[0].lanes[4].lane/raw_q_reg[nonzero_group][2]/Q
                         net (fo=9, unplaced)         0.122     0.229    core/genblk1[0].lanes[4].lane/raw_q_reg[nonzero_group][2]
                         LUT3 (Prop_LUT3_I0_O)        0.090     0.319 r  core/genblk1[0].lanes[4].lane/control_q[shift][4]_i_27/O
                         net (fo=5, unplaced)         0.203     0.522    core/genblk1[0].lanes[4].lane/control_q[shift][4]_i_27_n_0
                         LUT6 (Prop_LUT6_I4_O)        0.038     0.560 r  core/genblk1[0].lanes[4].lane/control_q[shift][4]_i_20/O
                         net (fo=3, unplaced)         0.191     0.751    core/genblk1[0].lanes[4].lane/x[6]
                         LUT4 (Prop_LUT4_I1_O)        0.038     0.789 r  core/genblk1[0].lanes[4].lane/control_q[shift][4]_i_13/O
                         net (fo=5, unplaced)         0.203     0.992    core/genblk1[0].lanes[4].lane/control_q[shift][4]_i_13_n_0
                         LUT6 (Prop_LUT6_I3_O)        0.038     1.030 r  core/genblk1[0].lanes[4].lane/control_q[shift][4]_i_14/O
                         net (fo=5, unplaced)         0.203     1.233    core/genblk1[0].lanes[4].lane/control_q[shift][4]_i_14_n_0
                         LUT5 (Prop_LUT5_I1_O)        0.038     1.271 r  core/genblk1[0].lanes[4].lane/control_q[shift][1]_i_2/O
                         net (fo=4, unplaced)         0.197     1.468    core/genblk1[0].lanes[4].lane/control_q[shift][1]_i_2_n_0
                         LUT4 (Prop_LUT4_I1_O)        0.070     1.538 r  core/genblk1[0].lanes[4].lane/control_q[shift][4]_i_7/O
                         net (fo=1, unplaced)         0.242     1.780    core/genblk1[0].lanes[4].lane/control_q[shift][4]_i_7_n_0
                         CARRY8 (Prop_CARRY8_DI[0]_CO[4])
                                                      0.184     1.964 r  core/genblk1[0].lanes[4].lane/control_q_reg[shift][4]_i_3/CO[4]
                         net (fo=10, unplaced)        0.216     2.180    core/genblk1[0].lanes[4].lane/control_q_reg[shift][4]_i_3_n_3
                         LUT5 (Prop_LUT5_I1_O)        0.037     2.217 r  core/genblk1[0].lanes[4].lane/control_q[exponent][7]_i_9/O
                         net (fo=1, unplaced)         0.023     2.240    core/genblk1[0].lanes[4].lane/control_q[exponent][7]_i_9_n_0
                         CARRY8 (Prop_CARRY8_S[1]_CO[7])
                                                      0.197     2.437 r  core/genblk1[0].lanes[4].lane/control_q_reg[exponent][7]_i_1/CO[7]
                         net (fo=1, unplaced)         0.005     2.442    core/genblk1[0].lanes[4].lane/control_q_reg[exponent][7]_i_1_n_0
                         CARRY8 (Prop_CARRY8_CI_O[0])
                                                      0.056     2.498 r  core/genblk1[0].lanes[4].lane/control_q_reg[exponent][8]_i_1/O[0]
                         net (fo=1, unplaced)         0.025     2.523    core/genblk1[0].lanes[4].lane/control_q_reg[exponent][8]_i_1_n_15
                         FDRE                                         r  core/genblk1[0].lanes[4].lane/control_q_reg[exponent][8]/D
  -------------------------------------------------------------------    -------------------

                         (clock core_clk rise edge)
                                                      4.000     4.000 r  
                                                      0.000     4.000 r  clk (IN)
                         net (fo=29010, unset)        0.021     4.021    core/genblk1[0].lanes[4].lane/clk
                         FDRE                                         r  core/genblk1[0].lanes[4].lane/control_q_reg[exponent][8]/C
                         clock pessimism              0.000     4.021    
                         clock uncertainty           -0.035     3.986    
                         FDRE (Setup_FDRE_C_D)        0.025     4.011    core/genblk1[0].lanes[4].lane/control_q_reg[exponent][8]
  -------------------------------------------------------------------
                         required time                          4.011    
                         arrival time                          -2.523    
  -------------------------------------------------------------------
                         slack                                  1.488    

Slack (MET) :             1.488ns  (required time - arrival time)
  Source:                 core/genblk1[0].lanes[5].lane/raw_q_reg[nonzero_group][2]/C
                            (rising edge-triggered cell FDRE clocked by core_clk  {rise@0.000ns fall@2.000ns period=4.000ns})
  Destination:            core/genblk1[0].lanes[5].lane/control_q_reg[exponent][8]/D
                            (rising edge-triggered cell FDRE clocked by core_clk  {rise@0.000ns fall@2.000ns period=4.000ns})
  Path Group:             core_clk
  Path Type:              Setup (Max at Slow Process Corner)
  Requirement:            4.000ns  (core_clk rise@4.000ns - core_clk rise@0.000ns)
  Data Path Delay:        2.493ns  (logic 0.863ns (34.617%)  route 1.630ns (65.383%))
  Logic Levels:           10  (CARRY8=3 LUT3=1 LUT4=2 LUT5=2 LUT6=2)
  Clock Path Skew:        -0.009ns (DCD - SCD + CPR)
    Destination Clock Delay (DCD):    0.021ns = ( 4.021 - 4.000 ) 
    Source Clock Delay      (SCD):    0.030ns
    Clock Pessimism Removal (CPR):    0.000ns
  Clock Uncertainty:      0.035ns  ((TSJ^2 + TIJ^2)^1/2 + DJ) / 2 + PE
    Total System Jitter     (TSJ):    0.071ns
    Total Input Jitter      (TIJ):    0.000ns
    Discrete Jitter          (DJ):    0.000ns
    Phase Error              (PE):    0.000ns

    Location             Delay type                Incr(ns)  Path(ns)    Netlist Resource(s)
  -------------------------------------------------------------------    -------------------
                         (clock core_clk rise edge)
                                                      0.000     0.000 r  
                                                      0.000     0.000 r  clk (IN)
                         net (fo=29010, unset)        0.030     0.030    core/genblk1[0].lanes[5].lane/clk
                         FDRE                                         r  core/genblk1[0].lanes[5].lane/raw_q_reg[nonzero_group][2]/C
  -------------------------------------------------------------------    -------------------
                         FDRE (Prop_FDRE_C_Q)         0.077     0.107 f  core/genblk1[0].lanes[5].lane/raw_q_reg[nonzero_group][2]/Q
                         net (fo=9, unplaced)         0.122     0.229    core/genblk1[0].lanes[5].lane/raw_q_reg[nonzero_group][2]
                         LUT3 (Prop_LUT3_I0_O)        0.090     0.319 r  core/genblk1[0].lanes[5].lane/control_q[shift][4]_i_27/O
                         net (fo=5, unplaced)         0.203     0.522    core/genblk1[0].lanes[5].lane/control_q[shift][4]_i_27_n_0
                         LUT6 (Prop_LUT6_I4_O)        0.038     0.560 r  core/genblk1[0].lanes[5].lane/control_q[shift][4]_i_20/O
                         net (fo=3, unplaced)         0.191     0.751    core/genblk1[0].lanes[5].lane/x[6]
                         LUT4 (Prop_LUT4_I1_O)        0.038     0.789 r  core/genblk1[0].lanes[5].lane/control_q[shift][4]_i_13/O
                         net (fo=5, unplaced)         0.203     0.992    core/genblk1[0].lanes[5].lane/control_q[shift][4]_i_13_n_0
                         LUT6 (Prop_LUT6_I3_O)        0.038     1.030 r  core/genblk1[0].lanes[5].lane/control_q[shift][4]_i_14/O
                         net (fo=5, unplaced)         0.203     1.233    core/genblk1[0].lanes[5].lane/control_q[shift][4]_i_14_n_0
                         LUT5 (Prop_LUT5_I1_O)        0.038     1.271 r  core/genblk1[0].lanes[5].lane/control_q[shift][1]_i_2/O
                         net (fo=4, unplaced)         0.197     1.468    core/genblk1[0].lanes[5].lane/control_q[shift][1]_i_2_n_0
                         LUT4 (Prop_LUT4_I1_O)        0.070     1.538 r  core/genblk1[0].lanes[5].lane/control_q[shift][4]_i_7/O
                         net (fo=1, unplaced)         0.242     1.780    core/genblk1[0].lanes[5].lane/control_q[shift][4]_i_7_n_0
                         CARRY8 (Prop_CARRY8_DI[0]_CO[4])
                                                      0.184     1.964 r  core/genblk1[0].lanes[5].lane/control_q_reg[shift][4]_i_3/CO[4]
                         net (fo=10, unplaced)        0.216     2.180    core/genblk1[0].lanes[5].lane/control_q_reg[shift][4]_i_3_n_3
                         LUT5 (Prop_LUT5_I1_O)        0.037     2.217 r  core/genblk1[0].lanes[5].lane/control_q[exponent][7]_i_9/O
                         net (fo=1, unplaced)         0.023     2.240    core/genblk1[0].lanes[5].lane/control_q[exponent][7]_i_9_n_0
                         CARRY8 (Prop_CARRY8_S[1]_CO[7])
                                                      0.197     2.437 r  core/genblk1[0].lanes[5].lane/control_q_reg[exponent][7]_i_1/CO[7]
                         net (fo=1, unplaced)         0.005     2.442    core/genblk1[0].lanes[5].lane/control_q_reg[exponent][7]_i_1_n_0
                         CARRY8 (Prop_CARRY8_CI_O[0])
                                                      0.056     2.498 r  core/genblk1[0].lanes[5].lane/control_q_reg[exponent][8]_i_1/O[0]
                         net (fo=1, unplaced)         0.025     2.523    core/genblk1[0].lanes[5].lane/control_q_reg[exponent][8]_i_1_n_15
                         FDRE                                         r  core/genblk1[0].lanes[5].lane/control_q_reg[exponent][8]/D
  -------------------------------------------------------------------    -------------------

                         (clock core_clk rise edge)
                                                      4.000     4.000 r  
                                                      0.000     4.000 r  clk (IN)
                         net (fo=29010, unset)        0.021     4.021    core/genblk1[0].lanes[5].lane/clk
                         FDRE                                         r  core/genblk1[0].lanes[5].lane/control_q_reg[exponent][8]/C
                         clock pessimism              0.000     4.021    
                         clock uncertainty           -0.035     3.986    
                         FDRE (Setup_FDRE_C_D)        0.025     4.011    core/genblk1[0].lanes[5].lane/control_q_reg[exponent][8]
  -------------------------------------------------------------------
                         required time                          4.011    
                         arrival time                          -2.523    
  -------------------------------------------------------------------
                         slack                                  1.488    

Slack (MET) :             1.488ns  (required time - arrival time)
  Source:                 core/genblk1[0].lanes[6].lane/raw_q_reg[nonzero_group][2]/C
                            (rising edge-triggered cell FDRE clocked by core_clk  {rise@0.000ns fall@2.000ns period=4.000ns})
  Destination:            core/genblk1[0].lanes[6].lane/control_q_reg[exponent][8]/D
                            (rising edge-triggered cell FDRE clocked by core_clk  {rise@0.000ns fall@2.000ns period=4.000ns})
  Path Group:             core_clk
  Path Type:              Setup (Max at Slow Process Corner)
  Requirement:            4.000ns  (core_clk rise@4.000ns - core_clk rise@0.000ns)
  Data Path Delay:        2.493ns  (logic 0.863ns (34.617%)  route 1.630ns (65.383%))
  Logic Levels:           10  (CARRY8=3 LUT3=1 LUT4=2 LUT5=2 LUT6=2)
  Clock Path Skew:        -0.009ns (DCD - SCD + CPR)
    Destination Clock Delay (DCD):    0.021ns = ( 4.021 - 4.000 ) 
    Source Clock Delay      (SCD):    0.030ns
    Clock Pessimism Removal (CPR):    0.000ns
  Clock Uncertainty:      0.035ns  ((TSJ^2 + TIJ^2)^1/2 + DJ) / 2 + PE
    Total System Jitter     (TSJ):    0.071ns
    Total Input Jitter      (TIJ):    0.000ns
    Discrete Jitter          (DJ):    0.000ns
    Phase Error              (PE):    0.000ns

    Location             Delay type                Incr(ns)  Path(ns)    Netlist Resource(s)
  -------------------------------------------------------------------    -------------------
                         (clock core_clk rise edge)
                                                      0.000     0.000 r  
                                                      0.000     0.000 r  clk (IN)
                         net (fo=29010, unset)        0.030     0.030    core/genblk1[0].lanes[6].lane/clk
                         FDRE                                         r  core/genblk1[0].lanes[6].lane/raw_q_reg[nonzero_group][2]/C
  -------------------------------------------------------------------    -------------------
                         FDRE (Prop_FDRE_C_Q)         0.077     0.107 f  core/genblk1[0].lanes[6].lane/raw_q_reg[nonzero_group][2]/Q
                         net (fo=9, unplaced)         0.122     0.229    core/genblk1[0].lanes[6].lane/raw_q_reg[nonzero_group][2]
                         LUT3 (Prop_LUT3_I0_O)        0.090     0.319 r  core/genblk1[0].lanes[6].lane/control_q[shift][4]_i_27/O
                         net (fo=5, unplaced)         0.203     0.522    core/genblk1[0].lanes[6].lane/control_q[shift][4]_i_27_n_0
                         LUT6 (Prop_LUT6_I4_O)        0.038     0.560 r  core/genblk1[0].lanes[6].lane/control_q[shift][4]_i_20/O
                         net (fo=3, unplaced)         0.191     0.751    core/genblk1[0].lanes[6].lane/x[6]
                         LUT4 (Prop_LUT4_I1_O)        0.038     0.789 r  core/genblk1[0].lanes[6].lane/control_q[shift][4]_i_13/O
                         net (fo=5, unplaced)         0.203     0.992    core/genblk1[0].lanes[6].lane/control_q[shift][4]_i_13_n_0
                         LUT6 (Prop_LUT6_I3_O)        0.038     1.030 r  core/genblk1[0].lanes[6].lane/control_q[shift][4]_i_14/O
                         net (fo=5, unplaced)         0.203     1.233    core/genblk1[0].lanes[6].lane/control_q[shift][4]_i_14_n_0
                         LUT5 (Prop_LUT5_I1_O)        0.038     1.271 r  core/genblk1[0].lanes[6].lane/control_q[shift][1]_i_2/O
                         net (fo=4, unplaced)         0.197     1.468    core/genblk1[0].lanes[6].lane/control_q[shift][1]_i_2_n_0
                         LUT4 (Prop_LUT4_I1_O)        0.070     1.538 r  core/genblk1[0].lanes[6].lane/control_q[shift][4]_i_7/O
                         net (fo=1, unplaced)         0.242     1.780    core/genblk1[0].lanes[6].lane/control_q[shift][4]_i_7_n_0
                         CARRY8 (Prop_CARRY8_DI[0]_CO[4])
                                                      0.184     1.964 r  core/genblk1[0].lanes[6].lane/control_q_reg[shift][4]_i_3/CO[4]
                         net (fo=10, unplaced)        0.216     2.180    core/genblk1[0].lanes[6].lane/control_q_reg[shift][4]_i_3_n_3
                         LUT5 (Prop_LUT5_I1_O)        0.037     2.217 r  core/genblk1[0].lanes[6].lane/control_q[exponent][7]_i_9/O
                         net (fo=1, unplaced)         0.023     2.240    core/genblk1[0].lanes[6].lane/control_q[exponent][7]_i_9_n_0
                         CARRY8 (Prop_CARRY8_S[1]_CO[7])
                                                      0.197     2.437 r  core/genblk1[0].lanes[6].lane/control_q_reg[exponent][7]_i_1/CO[7]
                         net (fo=1, unplaced)         0.005     2.442    core/genblk1[0].lanes[6].lane/control_q_reg[exponent][7]_i_1_n_0
                         CARRY8 (Prop_CARRY8_CI_O[0])
                                                      0.056     2.498 r  core/genblk1[0].lanes[6].lane/control_q_reg[exponent][8]_i_1/O[0]
                         net (fo=1, unplaced)         0.025     2.523    core/genblk1[0].lanes[6].lane/control_q_reg[exponent][8]_i_1_n_15
                         FDRE                                         r  core/genblk1[0].lanes[6].lane/control_q_reg[exponent][8]/D
  -------------------------------------------------------------------    -------------------

                         (clock core_clk rise edge)
                                                      4.000     4.000 r  
                                                      0.000     4.000 r  clk (IN)
                         net (fo=29010, unset)        0.021     4.021    core/genblk1[0].lanes[6].lane/clk
                         FDRE                                         r  core/genblk1[0].lanes[6].lane/control_q_reg[exponent][8]/C
                         clock pessimism              0.000     4.021    
                         clock uncertainty           -0.035     3.986    
                         FDRE (Setup_FDRE_C_D)        0.025     4.011    core/genblk1[0].lanes[6].lane/control_q_reg[exponent][8]
  -------------------------------------------------------------------
                         required time                          4.011    
                         arrival time                          -2.523    
  -------------------------------------------------------------------
                         slack                                  1.488    

Slack (MET) :             1.488ns  (required time - arrival time)
  Source:                 core/genblk1[0].lanes[7].lane/raw_q_reg[nonzero_group][2]/C
                            (rising edge-triggered cell FDRE clocked by core_clk  {rise@0.000ns fall@2.000ns period=4.000ns})
  Destination:            core/genblk1[0].lanes[7].lane/control_q_reg[exponent][8]/D
                            (rising edge-triggered cell FDRE clocked by core_clk  {rise@0.000ns fall@2.000ns period=4.000ns})
  Path Group:             core_clk
  Path Type:              Setup (Max at Slow Process Corner)
  Requirement:            4.000ns  (core_clk rise@4.000ns - core_clk rise@0.000ns)
  Data Path Delay:        2.493ns  (logic 0.863ns (34.617%)  route 1.630ns (65.383%))
  Logic Levels:           10  (CARRY8=3 LUT3=1 LUT4=2 LUT5=2 LUT6=2)
  Clock Path Skew:        -0.009ns (DCD - SCD + CPR)
    Destination Clock Delay (DCD):    0.021ns = ( 4.021 - 4.000 ) 
    Source Clock Delay      (SCD):    0.030ns
    Clock Pessimism Removal (CPR):    0.000ns
  Clock Uncertainty:      0.035ns  ((TSJ^2 + TIJ^2)^1/2 + DJ) / 2 + PE
    Total System Jitter     (TSJ):    0.071ns
    Total Input Jitter      (TIJ):    0.000ns
    Discrete Jitter          (DJ):    0.000ns
    Phase Error              (PE):    0.000ns

    Location             Delay type                Incr(ns)  Path(ns)    Netlist Resource(s)
  -------------------------------------------------------------------    -------------------
                         (clock core_clk rise edge)
                                                      0.000     0.000 r  
                                                      0.000     0.000 r  clk (IN)
                         net (fo=29010, unset)        0.030     0.030    core/genblk1[0].lanes[7].lane/clk
                         FDRE                                         r  core/genblk1[0].lanes[7].lane/raw_q_reg[nonzero_group][2]/C
  -------------------------------------------------------------------    -------------------
                         FDRE (Prop_FDRE_C_Q)         0.077     0.107 f  core/genblk1[0].lanes[7].lane/raw_q_reg[nonzero_group][2]/Q
                         net (fo=9, unplaced)         0.122     0.229    core/genblk1[0].lanes[7].lane/raw_q_reg[nonzero_group][2]
                         LUT3 (Prop_LUT3_I0_O)        0.090     0.319 r  core/genblk1[0].lanes[7].lane/control_q[shift][4]_i_27/O
                         net (fo=5, unplaced)         0.203     0.522    core/genblk1[0].lanes[7].lane/control_q[shift][4]_i_27_n_0
                         LUT6 (Prop_LUT6_I4_O)        0.038     0.560 r  core/genblk1[0].lanes[7].lane/control_q[shift][4]_i_20/O
                         net (fo=3, unplaced)         0.191     0.751    core/genblk1[0].lanes[7].lane/x[6]
                         LUT4 (Prop_LUT4_I1_O)        0.038     0.789 r  core/genblk1[0].lanes[7].lane/control_q[shift][4]_i_13/O
                         net (fo=5, unplaced)         0.203     0.992    core/genblk1[0].lanes[7].lane/control_q[shift][4]_i_13_n_0
                         LUT6 (Prop_LUT6_I3_O)        0.038     1.030 r  core/genblk1[0].lanes[7].lane/control_q[shift][4]_i_14/O
                         net (fo=5, unplaced)         0.203     1.233    core/genblk1[0].lanes[7].lane/control_q[shift][4]_i_14_n_0
                         LUT5 (Prop_LUT5_I1_O)        0.038     1.271 r  core/genblk1[0].lanes[7].lane/control_q[shift][1]_i_2/O
                         net (fo=4, unplaced)         0.197     1.468    core/genblk1[0].lanes[7].lane/control_q[shift][1]_i_2_n_0
                         LUT4 (Prop_LUT4_I1_O)        0.070     1.538 r  core/genblk1[0].lanes[7].lane/control_q[shift][4]_i_7/O
                         net (fo=1, unplaced)         0.242     1.780    core/genblk1[0].lanes[7].lane/control_q[shift][4]_i_7_n_0
                         CARRY8 (Prop_CARRY8_DI[0]_CO[4])
                                                      0.184     1.964 r  core/genblk1[0].lanes[7].lane/control_q_reg[shift][4]_i_3/CO[4]
                         net (fo=10, unplaced)        0.216     2.180    core/genblk1[0].lanes[7].lane/control_q_reg[shift][4]_i_3_n_3
                         LUT5 (Prop_LUT5_I1_O)        0.037     2.217 r  core/genblk1[0].lanes[7].lane/control_q[exponent][7]_i_9/O
                         net (fo=1, unplaced)         0.023     2.240    core/genblk1[0].lanes[7].lane/control_q[exponent][7]_i_9_n_0
                         CARRY8 (Prop_CARRY8_S[1]_CO[7])
                                                      0.197     2.437 r  core/genblk1[0].lanes[7].lane/control_q_reg[exponent][7]_i_1/CO[7]
                         net (fo=1, unplaced)         0.005     2.442    core/genblk1[0].lanes[7].lane/control_q_reg[exponent][7]_i_1_n_0
                         CARRY8 (Prop_CARRY8_CI_O[0])
                                                      0.056     2.498 r  core/genblk1[0].lanes[7].lane/control_q_reg[exponent][8]_i_1/O[0]
                         net (fo=1, unplaced)         0.025     2.523    core/genblk1[0].lanes[7].lane/control_q_reg[exponent][8]_i_1_n_15
                         FDRE                                         r  core/genblk1[0].lanes[7].lane/control_q_reg[exponent][8]/D
  -------------------------------------------------------------------    -------------------

                         (clock core_clk rise edge)
                                                      4.000     4.000 r  
                                                      0.000     4.000 r  clk (IN)
                         net (fo=29010, unset)        0.021     4.021    core/genblk1[0].lanes[7].lane/clk
                         FDRE                                         r  core/genblk1[0].lanes[7].lane/control_q_reg[exponent][8]/C
                         clock pessimism              0.000     4.021    
                         clock uncertainty           -0.035     3.986    
                         FDRE (Setup_FDRE_C_D)        0.025     4.011    core/genblk1[0].lanes[7].lane/control_q_reg[exponent][8]
  -------------------------------------------------------------------
                         required time                          4.011    
                         arrival time                          -2.523    
  -------------------------------------------------------------------
                         slack                                  1.488    

Slack (MET) :             1.488ns  (required time - arrival time)
  Source:                 core/genblk1[0].lanes[8].lane/raw_q_reg[nonzero_group][2]/C
                            (rising edge-triggered cell FDRE clocked by core_clk  {rise@0.000ns fall@2.000ns period=4.000ns})
  Destination:            core/genblk1[0].lanes[8].lane/control_q_reg[exponent][8]/D
                            (rising edge-triggered cell FDRE clocked by core_clk  {rise@0.000ns fall@2.000ns period=4.000ns})
  Path Group:             core_clk
  Path Type:              Setup (Max at Slow Process Corner)
  Requirement:            4.000ns  (core_clk rise@4.000ns - core_clk rise@0.000ns)
  Data Path Delay:        2.493ns  (logic 0.863ns (34.617%)  route 1.630ns (65.383%))
  Logic Levels:           10  (CARRY8=3 LUT3=1 LUT4=2 LUT5=2 LUT6=2)
  Clock Path Skew:        -0.009ns (DCD - SCD + CPR)
    Destination Clock Delay (DCD):    0.021ns = ( 4.021 - 4.000 ) 
    Source Clock Delay      (SCD):    0.030ns
    Clock Pessimism Removal (CPR):    0.000ns
  Clock Uncertainty:      0.035ns  ((TSJ^2 + TIJ^2)^1/2 + DJ) / 2 + PE
    Total System Jitter     (TSJ):    0.071ns
    Total Input Jitter      (TIJ):    0.000ns
    Discrete Jitter          (DJ):    0.000ns
    Phase Error              (PE):    0.000ns

    Location             Delay type                Incr(ns)  Path(ns)    Netlist Resource(s)
  -------------------------------------------------------------------    -------------------
                         (clock core_clk rise edge)
                                                      0.000     0.000 r  
                                                      0.000     0.000 r  clk (IN)
                         net (fo=29010, unset)        0.030     0.030    core/genblk1[0].lanes[8].lane/clk
                         FDRE                                         r  core/genblk1[0].lanes[8].lane/raw_q_reg[nonzero_group][2]/C
  -------------------------------------------------------------------    -------------------
                         FDRE (Prop_FDRE_C_Q)         0.077     0.107 f  core/genblk1[0].lanes[8].lane/raw_q_reg[nonzero_group][2]/Q
                         net (fo=9, unplaced)         0.122     0.229    core/genblk1[0].lanes[8].lane/raw_q_reg[nonzero_group][2]
                         LUT3 (Prop_LUT3_I0_O)        0.090     0.319 r  core/genblk1[0].lanes[8].lane/control_q[shift][4]_i_27/O
                         net (fo=5, unplaced)         0.203     0.522    core/genblk1[0].lanes[8].lane/control_q[shift][4]_i_27_n_0
                         LUT6 (Prop_LUT6_I4_O)        0.038     0.560 r  core/genblk1[0].lanes[8].lane/control_q[shift][4]_i_20/O
                         net (fo=3, unplaced)         0.191     0.751    core/genblk1[0].lanes[8].lane/x[6]
                         LUT4 (Prop_LUT4_I1_O)        0.038     0.789 r  core/genblk1[0].lanes[8].lane/control_q[shift][4]_i_13/O
                         net (fo=5, unplaced)         0.203     0.992    core/genblk1[0].lanes[8].lane/control_q[shift][4]_i_13_n_0
                         LUT6 (Prop_LUT6_I3_O)        0.038     1.030 r  core/genblk1[0].lanes[8].lane/control_q[shift][4]_i_14/O
                         net (fo=5, unplaced)         0.203     1.233    core/genblk1[0].lanes[8].lane/control_q[shift][4]_i_14_n_0
                         LUT5 (Prop_LUT5_I1_O)        0.038     1.271 r  core/genblk1[0].lanes[8].lane/control_q[shift][1]_i_2/O
                         net (fo=4, unplaced)         0.197     1.468    core/genblk1[0].lanes[8].lane/control_q[shift][1]_i_2_n_0
                         LUT4 (Prop_LUT4_I1_O)        0.070     1.538 r  core/genblk1[0].lanes[8].lane/control_q[shift][4]_i_7/O
                         net (fo=1, unplaced)         0.242     1.780    core/genblk1[0].lanes[8].lane/control_q[shift][4]_i_7_n_0
                         CARRY8 (Prop_CARRY8_DI[0]_CO[4])
                                                      0.184     1.964 r  core/genblk1[0].lanes[8].lane/control_q_reg[shift][4]_i_3/CO[4]
                         net (fo=10, unplaced)        0.216     2.180    core/genblk1[0].lanes[8].lane/control_q_reg[shift][4]_i_3_n_3
                         LUT5 (Prop_LUT5_I1_O)        0.037     2.217 r  core/genblk1[0].lanes[8].lane/control_q[exponent][7]_i_9/O
                         net (fo=1, unplaced)         0.023     2.240    core/genblk1[0].lanes[8].lane/control_q[exponent][7]_i_9_n_0
                         CARRY8 (Prop_CARRY8_S[1]_CO[7])
                                                      0.197     2.437 r  core/genblk1[0].lanes[8].lane/control_q_reg[exponent][7]_i_1/CO[7]
                         net (fo=1, unplaced)         0.005     2.442    core/genblk1[0].lanes[8].lane/control_q_reg[exponent][7]_i_1_n_0
                         CARRY8 (Prop_CARRY8_CI_O[0])
                                                      0.056     2.498 r  core/genblk1[0].lanes[8].lane/control_q_reg[exponent][8]_i_1/O[0]
                         net (fo=1, unplaced)         0.025     2.523    core/genblk1[0].lanes[8].lane/control_q_reg[exponent][8]_i_1_n_15
                         FDRE                                         r  core/genblk1[0].lanes[8].lane/control_q_reg[exponent][8]/D
  -------------------------------------------------------------------    -------------------

                         (clock core_clk rise edge)
                                                      4.000     4.000 r  
                                                      0.000     4.000 r  clk (IN)
                         net (fo=29010, unset)        0.021     4.021    core/genblk1[0].lanes[8].lane/clk
                         FDRE                                         r  core/genblk1[0].lanes[8].lane/control_q_reg[exponent][8]/C
                         clock pessimism              0.000     4.021    
                         clock uncertainty           -0.035     3.986    
                         FDRE (Setup_FDRE_C_D)        0.025     4.011    core/genblk1[0].lanes[8].lane/control_q_reg[exponent][8]
  -------------------------------------------------------------------
                         required time                          4.011    
                         arrival time                          -2.523    
  -------------------------------------------------------------------
                         slack                                  1.488    

Slack (MET) :             1.488ns  (required time - arrival time)
  Source:                 core/genblk1[0].lanes[9].lane/raw_q_reg[nonzero_group][2]/C
                            (rising edge-triggered cell FDRE clocked by core_clk  {rise@0.000ns fall@2.000ns period=4.000ns})
  Destination:            core/genblk1[0].lanes[9].lane/control_q_reg[exponent][8]/D
                            (rising edge-triggered cell FDRE clocked by core_clk  {rise@0.000ns fall@2.000ns period=4.000ns})
  Path Group:             core_clk
  Path Type:              Setup (Max at Slow Process Corner)
  Requirement:            4.000ns  (core_clk rise@4.000ns - core_clk rise@0.000ns)
  Data Path Delay:        2.493ns  (logic 0.863ns (34.617%)  route 1.630ns (65.383%))
  Logic Levels:           10  (CARRY8=3 LUT3=1 LUT4=2 LUT5=2 LUT6=2)
  Clock Path Skew:        -0.009ns (DCD - SCD + CPR)
    Destination Clock Delay (DCD):    0.021ns = ( 4.021 - 4.000 ) 
    Source Clock Delay      (SCD):    0.030ns
    Clock Pessimism Removal (CPR):    0.000ns
  Clock Uncertainty:      0.035ns  ((TSJ^2 + TIJ^2)^1/2 + DJ) / 2 + PE
    Total System Jitter     (TSJ):    0.071ns
    Total Input Jitter      (TIJ):    0.000ns
    Discrete Jitter          (DJ):    0.000ns
    Phase Error              (PE):    0.000ns

    Location             Delay type                Incr(ns)  Path(ns)    Netlist Resource(s)
  -------------------------------------------------------------------    -------------------
                         (clock core_clk rise edge)
                                                      0.000     0.000 r  
                                                      0.000     0.000 r  clk (IN)
                         net (fo=29010, unset)        0.030     0.030    core/genblk1[0].lanes[9].lane/clk
                         FDRE                                         r  core/genblk1[0].lanes[9].lane/raw_q_reg[nonzero_group][2]/C
  -------------------------------------------------------------------    -------------------
                         FDRE (Prop_FDRE_C_Q)         0.077     0.107 f  core/genblk1[0].lanes[9].lane/raw_q_reg[nonzero_group][2]/Q
                         net (fo=9, unplaced)         0.122     0.229    core/genblk1[0].lanes[9].lane/raw_q_reg[nonzero_group][2]
                         LUT3 (Prop_LUT3_I0_O)        0.090     0.319 r  core/genblk1[0].lanes[9].lane/control_q[shift][4]_i_27/O
                         net (fo=5, unplaced)         0.203     0.522    core/genblk1[0].lanes[9].lane/control_q[shift][4]_i_27_n_0
                         LUT6 (Prop_LUT6_I4_O)        0.038     0.560 r  core/genblk1[0].lanes[9].lane/control_q[shift][4]_i_20/O
                         net (fo=3, unplaced)         0.191     0.751    core/genblk1[0].lanes[9].lane/x[6]
                         LUT4 (Prop_LUT4_I1_O)        0.038     0.789 r  core/genblk1[0].lanes[9].lane/control_q[shift][4]_i_13/O
                         net (fo=5, unplaced)         0.203     0.992    core/genblk1[0].lanes[9].lane/control_q[shift][4]_i_13_n_0
                         LUT6 (Prop_LUT6_I3_O)        0.038     1.030 r  core/genblk1[0].lanes[9].lane/control_q[shift][4]_i_14/O
                         net (fo=5, unplaced)         0.203     1.233    core/genblk1[0].lanes[9].lane/control_q[shift][4]_i_14_n_0
                         LUT5 (Prop_LUT5_I1_O)        0.038     1.271 r  core/genblk1[0].lanes[9].lane/control_q[shift][1]_i_2/O
                         net (fo=4, unplaced)         0.197     1.468    core/genblk1[0].lanes[9].lane/control_q[shift][1]_i_2_n_0
                         LUT4 (Prop_LUT4_I1_O)        0.070     1.538 r  core/genblk1[0].lanes[9].lane/control_q[shift][4]_i_7/O
                         net (fo=1, unplaced)         0.242     1.780    core/genblk1[0].lanes[9].lane/control_q[shift][4]_i_7_n_0
                         CARRY8 (Prop_CARRY8_DI[0]_CO[4])
                                                      0.184     1.964 r  core/genblk1[0].lanes[9].lane/control_q_reg[shift][4]_i_3/CO[4]
                         net (fo=10, unplaced)        0.216     2.180    core/genblk1[0].lanes[9].lane/control_q_reg[shift][4]_i_3_n_3
                         LUT5 (Prop_LUT5_I1_O)        0.037     2.217 r  core/genblk1[0].lanes[9].lane/control_q[exponent][7]_i_9/O
                         net (fo=1, unplaced)         0.023     2.240    core/genblk1[0].lanes[9].lane/control_q[exponent][7]_i_9_n_0
                         CARRY8 (Prop_CARRY8_S[1]_CO[7])
                                                      0.197     2.437 r  core/genblk1[0].lanes[9].lane/control_q_reg[exponent][7]_i_1/CO[7]
                         net (fo=1, unplaced)         0.005     2.442    core/genblk1[0].lanes[9].lane/control_q_reg[exponent][7]_i_1_n_0
                         CARRY8 (Prop_CARRY8_CI_O[0])
                                                      0.056     2.498 r  core/genblk1[0].lanes[9].lane/control_q_reg[exponent][8]_i_1/O[0]
                         net (fo=1, unplaced)         0.025     2.523    core/genblk1[0].lanes[9].lane/control_q_reg[exponent][8]_i_1_n_15
                         FDRE                                         r  core/genblk1[0].lanes[9].lane/control_q_reg[exponent][8]/D
  -------------------------------------------------------------------    -------------------

                         (clock core_clk rise edge)
                                                      4.000     4.000 r  
                                                      0.000     4.000 r  clk (IN)
                         net (fo=29010, unset)        0.021     4.021    core/genblk1[0].lanes[9].lane/clk
                         FDRE                                         r  core/genblk1[0].lanes[9].lane/control_q_reg[exponent][8]/C
                         clock pessimism              0.000     4.021    
                         clock uncertainty           -0.035     3.986    
                         FDRE (Setup_FDRE_C_D)        0.025     4.011    core/genblk1[0].lanes[9].lane/control_q_reg[exponent][8]
  -------------------------------------------------------------------
                         required time                          4.011    
                         arrival time                          -2.523    
  -------------------------------------------------------------------
                         slack                                  1.488    

Slack (MET) :             1.488ns  (required time - arrival time)
  Source:                 core/genblk1[1].lanes[0].lane/raw_q_reg[nonzero_group][2]/C
                            (rising edge-triggered cell FDRE clocked by core_clk  {rise@0.000ns fall@2.000ns period=4.000ns})
  Destination:            core/genblk1[1].lanes[0].lane/control_q_reg[exponent][8]/D
                            (rising edge-triggered cell FDRE clocked by core_clk  {rise@0.000ns fall@2.000ns period=4.000ns})
  Path Group:             core_clk
  Path Type:              Setup (Max at Slow Process Corner)
  Requirement:            4.000ns  (core_clk rise@4.000ns - core_clk rise@0.000ns)
  Data Path Delay:        2.493ns  (logic 0.863ns (34.617%)  route 1.630ns (65.383%))
  Logic Levels:           10  (CARRY8=3 LUT3=1 LUT4=2 LUT5=2 LUT6=2)
  Clock Path Skew:        -0.009ns (DCD - SCD + CPR)
    Destination Clock Delay (DCD):    0.021ns = ( 4.021 - 4.000 ) 
    Source Clock Delay      (SCD):    0.030ns
    Clock Pessimism Removal (CPR):    0.000ns
  Clock Uncertainty:      0.035ns  ((TSJ^2 + TIJ^2)^1/2 + DJ) / 2 + PE
    Total System Jitter     (TSJ):    0.071ns
    Total Input Jitter      (TIJ):    0.000ns
    Discrete Jitter          (DJ):    0.000ns
    Phase Error              (PE):    0.000ns

    Location             Delay type                Incr(ns)  Path(ns)    Netlist Resource(s)
  -------------------------------------------------------------------    -------------------
                         (clock core_clk rise edge)
                                                      0.000     0.000 r  
                                                      0.000     0.000 r  clk (IN)
                         net (fo=29010, unset)        0.030     0.030    core/genblk1[1].lanes[0].lane/clk
                         FDRE                                         r  core/genblk1[1].lanes[0].lane/raw_q_reg[nonzero_group][2]/C
  -------------------------------------------------------------------    -------------------
                         FDRE (Prop_FDRE_C_Q)         0.077     0.107 f  core/genblk1[1].lanes[0].lane/raw_q_reg[nonzero_group][2]/Q
                         net (fo=9, unplaced)         0.122     0.229    core/genblk1[1].lanes[0].lane/raw_q_reg[nonzero_group][2]
                         LUT3 (Prop_LUT3_I0_O)        0.090     0.319 r  core/genblk1[1].lanes[0].lane/control_q[shift][4]_i_27/O
                         net (fo=5, unplaced)         0.203     0.522    core/genblk1[1].lanes[0].lane/control_q[shift][4]_i_27_n_0
                         LUT6 (Prop_LUT6_I4_O)        0.038     0.560 r  core/genblk1[1].lanes[0].lane/control_q[shift][4]_i_20/O
                         net (fo=3, unplaced)         0.191     0.751    core/genblk1[1].lanes[0].lane/x[6]
                         LUT4 (Prop_LUT4_I1_O)        0.038     0.789 r  core/genblk1[1].lanes[0].lane/control_q[shift][4]_i_13/O
                         net (fo=5, unplaced)         0.203     0.992    core/genblk1[1].lanes[0].lane/control_q[shift][4]_i_13_n_0
                         LUT6 (Prop_LUT6_I3_O)        0.038     1.030 r  core/genblk1[1].lanes[0].lane/control_q[shift][4]_i_14/O
                         net (fo=5, unplaced)         0.203     1.233    core/genblk1[1].lanes[0].lane/control_q[shift][4]_i_14_n_0
                         LUT5 (Prop_LUT5_I1_O)        0.038     1.271 r  core/genblk1[1].lanes[0].lane/control_q[shift][1]_i_2/O
                         net (fo=4, unplaced)         0.197     1.468    core/genblk1[1].lanes[0].lane/control_q[shift][1]_i_2_n_0
                         LUT4 (Prop_LUT4_I1_O)        0.070     1.538 r  core/genblk1[1].lanes[0].lane/control_q[shift][4]_i_7/O
                         net (fo=1, unplaced)         0.242     1.780    core/genblk1[1].lanes[0].lane/control_q[shift][4]_i_7_n_0
                         CARRY8 (Prop_CARRY8_DI[0]_CO[4])
                                                      0.184     1.964 r  core/genblk1[1].lanes[0].lane/control_q_reg[shift][4]_i_3/CO[4]
                         net (fo=10, unplaced)        0.216     2.180    core/genblk1[1].lanes[0].lane/control_q_reg[shift][4]_i_3_n_3
                         LUT5 (Prop_LUT5_I1_O)        0.037     2.217 r  core/genblk1[1].lanes[0].lane/control_q[exponent][7]_i_9/O
                         net (fo=1, unplaced)         0.023     2.240    core/genblk1[1].lanes[0].lane/control_q[exponent][7]_i_9_n_0
                         CARRY8 (Prop_CARRY8_S[1]_CO[7])
                                                      0.197     2.437 r  core/genblk1[1].lanes[0].lane/control_q_reg[exponent][7]_i_1/CO[7]
                         net (fo=1, unplaced)         0.005     2.442    core/genblk1[1].lanes[0].lane/control_q_reg[exponent][7]_i_1_n_0
                         CARRY8 (Prop_CARRY8_CI_O[0])
                                                      0.056     2.498 r  core/genblk1[1].lanes[0].lane/control_q_reg[exponent][8]_i_1/O[0]
                         net (fo=1, unplaced)         0.025     2.523    core/genblk1[1].lanes[0].lane/control_q_reg[exponent][8]_i_1_n_15
                         FDRE                                         r  core/genblk1[1].lanes[0].lane/control_q_reg[exponent][8]/D
  -------------------------------------------------------------------    -------------------

                         (clock core_clk rise edge)
                                                      4.000     4.000 r  
                                                      0.000     4.000 r  clk (IN)
                         net (fo=29010, unset)        0.021     4.021    core/genblk1[1].lanes[0].lane/clk
                         FDRE                                         r  core/genblk1[1].lanes[0].lane/control_q_reg[exponent][8]/C
                         clock pessimism              0.000     4.021    
                         clock uncertainty           -0.035     3.986    
                         FDRE (Setup_FDRE_C_D)        0.025     4.011    core/genblk1[1].lanes[0].lane/control_q_reg[exponent][8]
  -------------------------------------------------------------------
                         required time                          4.011    
                         arrival time                          -2.523    
  -------------------------------------------------------------------
                         slack                                  1.488    

Slack (MET) :             1.488ns  (required time - arrival time)
  Source:                 core/genblk1[1].lanes[10].lane/raw_q_reg[nonzero_group][2]/C
                            (rising edge-triggered cell FDRE clocked by core_clk  {rise@0.000ns fall@2.000ns period=4.000ns})
  Destination:            core/genblk1[1].lanes[10].lane/control_q_reg[exponent][8]/D
                            (rising edge-triggered cell FDRE clocked by core_clk  {rise@0.000ns fall@2.000ns period=4.000ns})
  Path Group:             core_clk
  Path Type:              Setup (Max at Slow Process Corner)
  Requirement:            4.000ns  (core_clk rise@4.000ns - core_clk rise@0.000ns)
  Data Path Delay:        2.493ns  (logic 0.863ns (34.617%)  route 1.630ns (65.383%))
  Logic Levels:           10  (CARRY8=3 LUT3=1 LUT4=2 LUT5=2 LUT6=2)
  Clock Path Skew:        -0.009ns (DCD - SCD + CPR)
    Destination Clock Delay (DCD):    0.021ns = ( 4.021 - 4.000 ) 
    Source Clock Delay      (SCD):    0.030ns
    Clock Pessimism Removal (CPR):    0.000ns
  Clock Uncertainty:      0.035ns  ((TSJ^2 + TIJ^2)^1/2 + DJ) / 2 + PE
    Total System Jitter     (TSJ):    0.071ns
    Total Input Jitter      (TIJ):    0.000ns
    Discrete Jitter          (DJ):    0.000ns
    Phase Error              (PE):    0.000ns

    Location             Delay type                Incr(ns)  Path(ns)    Netlist Resource(s)
  -------------------------------------------------------------------    -------------------
                         (clock core_clk rise edge)
                                                      0.000     0.000 r  
                                                      0.000     0.000 r  clk (IN)
                         net (fo=29010, unset)        0.030     0.030    core/genblk1[1].lanes[10].lane/clk
                         FDRE                                         r  core/genblk1[1].lanes[10].lane/raw_q_reg[nonzero_group][2]/C
  -------------------------------------------------------------------    -------------------
                         FDRE (Prop_FDRE_C_Q)         0.077     0.107 f  core/genblk1[1].lanes[10].lane/raw_q_reg[nonzero_group][2]/Q
                         net (fo=9, unplaced)         0.122     0.229    core/genblk1[1].lanes[10].lane/raw_q_reg[nonzero_group][2]
                         LUT3 (Prop_LUT3_I0_O)        0.090     0.319 r  core/genblk1[1].lanes[10].lane/control_q[shift][4]_i_27/O
                         net (fo=5, unplaced)         0.203     0.522    core/genblk1[1].lanes[10].lane/control_q[shift][4]_i_27_n_0
                         LUT6 (Prop_LUT6_I4_O)        0.038     0.560 r  core/genblk1[1].lanes[10].lane/control_q[shift][4]_i_20/O
                         net (fo=3, unplaced)         0.191     0.751    core/genblk1[1].lanes[10].lane/x[6]
                         LUT4 (Prop_LUT4_I1_O)        0.038     0.789 r  core/genblk1[1].lanes[10].lane/control_q[shift][4]_i_13/O
                         net (fo=5, unplaced)         0.203     0.992    core/genblk1[1].lanes[10].lane/control_q[shift][4]_i_13_n_0
                         LUT6 (Prop_LUT6_I3_O)        0.038     1.030 r  core/genblk1[1].lanes[10].lane/control_q[shift][4]_i_14/O
                         net (fo=5, unplaced)         0.203     1.233    core/genblk1[1].lanes[10].lane/control_q[shift][4]_i_14_n_0
                         LUT5 (Prop_LUT5_I1_O)        0.038     1.271 r  core/genblk1[1].lanes[10].lane/control_q[shift][1]_i_2/O
                         net (fo=4, unplaced)         0.197     1.468    core/genblk1[1].lanes[10].lane/control_q[shift][1]_i_2_n_0
                         LUT4 (Prop_LUT4_I1_O)        0.070     1.538 r  core/genblk1[1].lanes[10].lane/control_q[shift][4]_i_7/O
                         net (fo=1, unplaced)         0.242     1.780    core/genblk1[1].lanes[10].lane/control_q[shift][4]_i_7_n_0
                         CARRY8 (Prop_CARRY8_DI[0]_CO[4])
                                                      0.184     1.964 r  core/genblk1[1].lanes[10].lane/control_q_reg[shift][4]_i_3/CO[4]
                         net (fo=10, unplaced)        0.216     2.180    core/genblk1[1].lanes[10].lane/control_q_reg[shift][4]_i_3_n_3
                         LUT5 (Prop_LUT5_I1_O)        0.037     2.217 r  core/genblk1[1].lanes[10].lane/control_q[exponent][7]_i_9/O
                         net (fo=1, unplaced)         0.023     2.240    core/genblk1[1].lanes[10].lane/control_q[exponent][7]_i_9_n_0
                         CARRY8 (Prop_CARRY8_S[1]_CO[7])
                                                      0.197     2.437 r  core/genblk1[1].lanes[10].lane/control_q_reg[exponent][7]_i_1/CO[7]
                         net (fo=1, unplaced)         0.005     2.442    core/genblk1[1].lanes[10].lane/control_q_reg[exponent][7]_i_1_n_0
                         CARRY8 (Prop_CARRY8_CI_O[0])
                                                      0.056     2.498 r  core/genblk1[1].lanes[10].lane/control_q_reg[exponent][8]_i_1/O[0]
                         net (fo=1, unplaced)         0.025     2.523    core/genblk1[1].lanes[10].lane/control_q_reg[exponent][8]_i_1_n_15
                         FDRE                                         r  core/genblk1[1].lanes[10].lane/control_q_reg[exponent][8]/D
  -------------------------------------------------------------------    -------------------

                         (clock core_clk rise edge)
                                                      4.000     4.000 r  
                                                      0.000     4.000 r  clk (IN)
                         net (fo=29010, unset)        0.021     4.021    core/genblk1[1].lanes[10].lane/clk
                         FDRE                                         r  core/genblk1[1].lanes[10].lane/control_q_reg[exponent][8]/C
                         clock pessimism              0.000     4.021    
                         clock uncertainty           -0.035     3.986    
                         FDRE (Setup_FDRE_C_D)        0.025     4.011    core/genblk1[1].lanes[10].lane/control_q_reg[exponent][8]
  -------------------------------------------------------------------
                         required time                          4.011    
                         arrival time                          -2.523    
  -------------------------------------------------------------------
                         slack                                  1.488    

Slack (MET) :             1.488ns  (required time - arrival time)
  Source:                 core/genblk1[1].lanes[11].lane/raw_q_reg[nonzero_group][2]/C
                            (rising edge-triggered cell FDRE clocked by core_clk  {rise@0.000ns fall@2.000ns period=4.000ns})
  Destination:            core/genblk1[1].lanes[11].lane/control_q_reg[exponent][8]/D
                            (rising edge-triggered cell FDRE clocked by core_clk  {rise@0.000ns fall@2.000ns period=4.000ns})
  Path Group:             core_clk
  Path Type:              Setup (Max at Slow Process Corner)
  Requirement:            4.000ns  (core_clk rise@4.000ns - core_clk rise@0.000ns)
  Data Path Delay:        2.493ns  (logic 0.863ns (34.617%)  route 1.630ns (65.383%))
  Logic Levels:           10  (CARRY8=3 LUT3=1 LUT4=2 LUT5=2 LUT6=2)
  Clock Path Skew:        -0.009ns (DCD - SCD + CPR)
    Destination Clock Delay (DCD):    0.021ns = ( 4.021 - 4.000 ) 
    Source Clock Delay      (SCD):    0.030ns
    Clock Pessimism Removal (CPR):    0.000ns
  Clock Uncertainty:      0.035ns  ((TSJ^2 + TIJ^2)^1/2 + DJ) / 2 + PE
    Total System Jitter     (TSJ):    0.071ns
    Total Input Jitter      (TIJ):    0.000ns
    Discrete Jitter          (DJ):    0.000ns
    Phase Error              (PE):    0.000ns

    Location             Delay type                Incr(ns)  Path(ns)    Netlist Resource(s)
  -------------------------------------------------------------------    -------------------
                         (clock core_clk rise edge)
                                                      0.000     0.000 r  
                                                      0.000     0.000 r  clk (IN)
                         net (fo=29010, unset)        0.030     0.030    core/genblk1[1].lanes[11].lane/clk
                         FDRE                                         r  core/genblk1[1].lanes[11].lane/raw_q_reg[nonzero_group][2]/C
  -------------------------------------------------------------------    -------------------
                         FDRE (Prop_FDRE_C_Q)         0.077     0.107 f  core/genblk1[1].lanes[11].lane/raw_q_reg[nonzero_group][2]/Q
                         net (fo=9, unplaced)         0.122     0.229    core/genblk1[1].lanes[11].lane/raw_q_reg[nonzero_group][2]
                         LUT3 (Prop_LUT3_I0_O)        0.090     0.319 r  core/genblk1[1].lanes[11].lane/control_q[shift][4]_i_27/O
                         net (fo=5, unplaced)         0.203     0.522    core/genblk1[1].lanes[11].lane/control_q[shift][4]_i_27_n_0
                         LUT6 (Prop_LUT6_I4_O)        0.038     0.560 r  core/genblk1[1].lanes[11].lane/control_q[shift][4]_i_20/O
                         net (fo=3, unplaced)         0.191     0.751    core/genblk1[1].lanes[11].lane/x[6]
                         LUT4 (Prop_LUT4_I1_O)        0.038     0.789 r  core/genblk1[1].lanes[11].lane/control_q[shift][4]_i_13/O
                         net (fo=5, unplaced)         0.203     0.992    core/genblk1[1].lanes[11].lane/control_q[shift][4]_i_13_n_0
                         LUT6 (Prop_LUT6_I3_O)        0.038     1.030 r  core/genblk1[1].lanes[11].lane/control_q[shift][4]_i_14/O
                         net (fo=5, unplaced)         0.203     1.233    core/genblk1[1].lanes[11].lane/control_q[shift][4]_i_14_n_0
                         LUT5 (Prop_LUT5_I1_O)        0.038     1.271 r  core/genblk1[1].lanes[11].lane/control_q[shift][1]_i_2/O
                         net (fo=4, unplaced)         0.197     1.468    core/genblk1[1].lanes[11].lane/control_q[shift][1]_i_2_n_0
                         LUT4 (Prop_LUT4_I1_O)        0.070     1.538 r  core/genblk1[1].lanes[11].lane/control_q[shift][4]_i_7/O
                         net (fo=1, unplaced)         0.242     1.780    core/genblk1[1].lanes[11].lane/control_q[shift][4]_i_7_n_0
                         CARRY8 (Prop_CARRY8_DI[0]_CO[4])
                                                      0.184     1.964 r  core/genblk1[1].lanes[11].lane/control_q_reg[shift][4]_i_3/CO[4]
                         net (fo=10, unplaced)        0.216     2.180    core/genblk1[1].lanes[11].lane/control_q_reg[shift][4]_i_3_n_3
                         LUT5 (Prop_LUT5_I1_O)        0.037     2.217 r  core/genblk1[1].lanes[11].lane/control_q[exponent][7]_i_9/O
                         net (fo=1, unplaced)         0.023     2.240    core/genblk1[1].lanes[11].lane/control_q[exponent][7]_i_9_n_0
                         CARRY8 (Prop_CARRY8_S[1]_CO[7])
                                                      0.197     2.437 r  core/genblk1[1].lanes[11].lane/control_q_reg[exponent][7]_i_1/CO[7]
                         net (fo=1, unplaced)         0.005     2.442    core/genblk1[1].lanes[11].lane/control_q_reg[exponent][7]_i_1_n_0
                         CARRY8 (Prop_CARRY8_CI_O[0])
                                                      0.056     2.498 r  core/genblk1[1].lanes[11].lane/control_q_reg[exponent][8]_i_1/O[0]
                         net (fo=1, unplaced)         0.025     2.523    core/genblk1[1].lanes[11].lane/control_q_reg[exponent][8]_i_1_n_15
                         FDRE                                         r  core/genblk1[1].lanes[11].lane/control_q_reg[exponent][8]/D
  -------------------------------------------------------------------    -------------------

                         (clock core_clk rise edge)
                                                      4.000     4.000 r  
                                                      0.000     4.000 r  clk (IN)
                         net (fo=29010, unset)        0.021     4.021    core/genblk1[1].lanes[11].lane/clk
                         FDRE                                         r  core/genblk1[1].lanes[11].lane/control_q_reg[exponent][8]/C
                         clock pessimism              0.000     4.021    
                         clock uncertainty           -0.035     3.986    
                         FDRE (Setup_FDRE_C_D)        0.025     4.011    core/genblk1[1].lanes[11].lane/control_q_reg[exponent][8]
  -------------------------------------------------------------------
                         required time                          4.011    
                         arrival time                          -2.523    
  -------------------------------------------------------------------
                         slack                                  1.488    

Slack (MET) :             1.488ns  (required time - arrival time)
  Source:                 core/genblk1[1].lanes[12].lane/raw_q_reg[nonzero_group][2]/C
                            (rising edge-triggered cell FDRE clocked by core_clk  {rise@0.000ns fall@2.000ns period=4.000ns})
  Destination:            core/genblk1[1].lanes[12].lane/control_q_reg[exponent][8]/D
                            (rising edge-triggered cell FDRE clocked by core_clk  {rise@0.000ns fall@2.000ns period=4.000ns})
  Path Group:             core_clk
  Path Type:              Setup (Max at Slow Process Corner)
  Requirement:            4.000ns  (core_clk rise@4.000ns - core_clk rise@0.000ns)
  Data Path Delay:        2.493ns  (logic 0.863ns (34.617%)  route 1.630ns (65.383%))
  Logic Levels:           10  (CARRY8=3 LUT3=1 LUT4=2 LUT5=2 LUT6=2)
  Clock Path Skew:        -0.009ns (DCD - SCD + CPR)
    Destination Clock Delay (DCD):    0.021ns = ( 4.021 - 4.000 ) 
    Source Clock Delay      (SCD):    0.030ns
    Clock Pessimism Removal (CPR):    0.000ns
  Clock Uncertainty:      0.035ns  ((TSJ^2 + TIJ^2)^1/2 + DJ) / 2 + PE
    Total System Jitter     (TSJ):    0.071ns
    Total Input Jitter      (TIJ):    0.000ns
    Discrete Jitter          (DJ):    0.000ns
    Phase Error              (PE):    0.000ns

    Location             Delay type                Incr(ns)  Path(ns)    Netlist Resource(s)
  -------------------------------------------------------------------    -------------------
                         (clock core_clk rise edge)
                                                      0.000     0.000 r  
                                                      0.000     0.000 r  clk (IN)
                         net (fo=29010, unset)        0.030     0.030    core/genblk1[1].lanes[12].lane/clk
                         FDRE                                         r  core/genblk1[1].lanes[12].lane/raw_q_reg[nonzero_group][2]/C
  -------------------------------------------------------------------    -------------------
                         FDRE (Prop_FDRE_C_Q)         0.077     0.107 f  core/genblk1[1].lanes[12].lane/raw_q_reg[nonzero_group][2]/Q
                         net (fo=9, unplaced)         0.122     0.229    core/genblk1[1].lanes[12].lane/raw_q_reg[nonzero_group][2]
                         LUT3 (Prop_LUT3_I0_O)        0.090     0.319 r  core/genblk1[1].lanes[12].lane/control_q[shift][4]_i_27/O
                         net (fo=5, unplaced)         0.203     0.522    core/genblk1[1].lanes[12].lane/control_q[shift][4]_i_27_n_0
                         LUT6 (Prop_LUT6_I4_O)        0.038     0.560 r  core/genblk1[1].lanes[12].lane/control_q[shift][4]_i_20/O
                         net (fo=3, unplaced)         0.191     0.751    core/genblk1[1].lanes[12].lane/x[6]
                         LUT4 (Prop_LUT4_I1_O)        0.038     0.789 r  core/genblk1[1].lanes[12].lane/control_q[shift][4]_i_13/O
                         net (fo=5, unplaced)         0.203     0.992    core/genblk1[1].lanes[12].lane/control_q[shift][4]_i_13_n_0
                         LUT6 (Prop_LUT6_I3_O)        0.038     1.030 r  core/genblk1[1].lanes[12].lane/control_q[shift][4]_i_14/O
                         net (fo=5, unplaced)         0.203     1.233    core/genblk1[1].lanes[12].lane/control_q[shift][4]_i_14_n_0
                         LUT5 (Prop_LUT5_I1_O)        0.038     1.271 r  core/genblk1[1].lanes[12].lane/control_q[shift][1]_i_2/O
                         net (fo=4, unplaced)         0.197     1.468    core/genblk1[1].lanes[12].lane/control_q[shift][1]_i_2_n_0
                         LUT4 (Prop_LUT4_I1_O)        0.070     1.538 r  core/genblk1[1].lanes[12].lane/control_q[shift][4]_i_7/O
                         net (fo=1, unplaced)         0.242     1.780    core/genblk1[1].lanes[12].lane/control_q[shift][4]_i_7_n_0
                         CARRY8 (Prop_CARRY8_DI[0]_CO[4])
                                                      0.184     1.964 r  core/genblk1[1].lanes[12].lane/control_q_reg[shift][4]_i_3/CO[4]
                         net (fo=10, unplaced)        0.216     2.180    core/genblk1[1].lanes[12].lane/control_q_reg[shift][4]_i_3_n_3
                         LUT5 (Prop_LUT5_I1_O)        0.037     2.217 r  core/genblk1[1].lanes[12].lane/control_q[exponent][7]_i_9/O
                         net (fo=1, unplaced)         0.023     2.240    core/genblk1[1].lanes[12].lane/control_q[exponent][7]_i_9_n_0
                         CARRY8 (Prop_CARRY8_S[1]_CO[7])
                                                      0.197     2.437 r  core/genblk1[1].lanes[12].lane/control_q_reg[exponent][7]_i_1/CO[7]
                         net (fo=1, unplaced)         0.005     2.442    core/genblk1[1].lanes[12].lane/control_q_reg[exponent][7]_i_1_n_0
                         CARRY8 (Prop_CARRY8_CI_O[0])
                                                      0.056     2.498 r  core/genblk1[1].lanes[12].lane/control_q_reg[exponent][8]_i_1/O[0]
                         net (fo=1, unplaced)         0.025     2.523    core/genblk1[1].lanes[12].lane/control_q_reg[exponent][8]_i_1_n_15
                         FDRE                                         r  core/genblk1[1].lanes[12].lane/control_q_reg[exponent][8]/D
  -------------------------------------------------------------------    -------------------

                         (clock core_clk rise edge)
                                                      4.000     4.000 r  
                                                      0.000     4.000 r  clk (IN)
                         net (fo=29010, unset)        0.021     4.021    core/genblk1[1].lanes[12].lane/clk
                         FDRE                                         r  core/genblk1[1].lanes[12].lane/control_q_reg[exponent][8]/C
                         clock pessimism              0.000     4.021    
                         clock uncertainty           -0.035     3.986    
                         FDRE (Setup_FDRE_C_D)        0.025     4.011    core/genblk1[1].lanes[12].lane/control_q_reg[exponent][8]
  -------------------------------------------------------------------
                         required time                          4.011    
                         arrival time                          -2.523    
  -------------------------------------------------------------------
                         slack                                  1.488    





Min Delay Paths
--------------------------------------------------------------------------------------
Slack (MET) :             0.070ns  (arrival time - required time)
  Source:                 core/genblk1[0].lanes[0].lane/align_q_reg[pre][big_x][9]/C
                            (rising edge-triggered cell FDRE clocked by core_clk  {rise@0.000ns fall@2.000ns period=4.000ns})
  Destination:            core/genblk1[0].lanes[0].lane/raw_q_reg[raw][sum_raw][10]/D
                            (rising edge-triggered cell FDRE clocked by core_clk  {rise@0.000ns fall@2.000ns period=4.000ns})
  Path Group:             core_clk
  Path Type:              Hold (Min at Fast Process Corner)
  Requirement:            0.000ns  (core_clk rise@0.000ns - core_clk rise@0.000ns)
  Data Path Delay:        0.122ns  (logic 0.069ns (56.557%)  route 0.053ns (43.443%))
  Logic Levels:           1  (CARRY8=1)
  Clock Path Skew:        0.006ns (DCD - SCD - CPR)
    Destination Clock Delay (DCD):    0.019ns
    Source Clock Delay      (SCD):    0.013ns
    Clock Pessimism Removal (CPR):    -0.000ns

    Location             Delay type                Incr(ns)  Path(ns)    Netlist Resource(s)
  -------------------------------------------------------------------    -------------------
                         (clock core_clk rise edge)
                                                      0.000     0.000 r  
                                                      0.000     0.000 r  clk (IN)
                         net (fo=29010, unset)        0.013     0.013    core/genblk1[0].lanes[0].lane/clk
                         FDRE                                         r  core/genblk1[0].lanes[0].lane/align_q_reg[pre][big_x][9]/C
  -------------------------------------------------------------------    -------------------
                         FDRE (Prop_FDRE_C_Q)         0.038     0.051 r  core/genblk1[0].lanes[0].lane/align_q_reg[pre][big_x][9]/Q
                         net (fo=2, unplaced)         0.046     0.097    core/genblk1[0].lanes[0].lane/align_q_reg[pre][big_x][9]
                         CARRY8 (Prop_CARRY8_DI[1]_O[2])
                                                      0.031     0.128 r  core/genblk1[0].lanes[0].lane/raw_q_reg[raw][sum_raw][15]_i_1/O[2]
                         net (fo=2, unplaced)         0.007     0.135    core/genblk1[0].lanes[0].lane/raw_q_reg[raw][sum_raw][15]_i_1_n_13
                         FDRE                                         r  core/genblk1[0].lanes[0].lane/raw_q_reg[raw][sum_raw][10]/D
  -------------------------------------------------------------------    -------------------

                         (clock core_clk rise edge)
                                                      0.000     0.000 r  
                                                      0.000     0.000 r  clk (IN)
                         net (fo=29010, unset)        0.019     0.019    core/genblk1[0].lanes[0].lane/clk
                         FDRE                                         r  core/genblk1[0].lanes[0].lane/raw_q_reg[raw][sum_raw][10]/C
                         clock pessimism              0.000     0.019    
                         FDRE (Hold_FDRE_C_D)         0.046     0.065    core/genblk1[0].lanes[0].lane/raw_q_reg[raw][sum_raw][10]
  -------------------------------------------------------------------
                         required time                         -0.065    
                         arrival time                           0.135    
  -------------------------------------------------------------------
                         slack                                  0.070    

Slack (MET) :             0.070ns  (arrival time - required time)
  Source:                 core/genblk1[0].lanes[0].lane/align_q_reg[pre][big_x][16]/C
                            (rising edge-triggered cell FDRE clocked by core_clk  {rise@0.000ns fall@2.000ns period=4.000ns})
  Destination:            core/genblk1[0].lanes[0].lane/raw_q_reg[raw][sum_raw][17]/D
                            (rising edge-triggered cell FDRE clocked by core_clk  {rise@0.000ns fall@2.000ns period=4.000ns})
  Path Group:             core_clk
  Path Type:              Hold (Min at Fast Process Corner)
  Requirement:            0.000ns  (core_clk rise@0.000ns - core_clk rise@0.000ns)
  Data Path Delay:        0.122ns  (logic 0.069ns (56.557%)  route 0.053ns (43.443%))
  Logic Levels:           1  (CARRY8=1)
  Clock Path Skew:        0.006ns (DCD - SCD - CPR)
    Destination Clock Delay (DCD):    0.019ns
    Source Clock Delay      (SCD):    0.013ns
    Clock Pessimism Removal (CPR):    -0.000ns

    Location             Delay type                Incr(ns)  Path(ns)    Netlist Resource(s)
  -------------------------------------------------------------------    -------------------
                         (clock core_clk rise edge)
                                                      0.000     0.000 r  
                                                      0.000     0.000 r  clk (IN)
                         net (fo=29010, unset)        0.013     0.013    core/genblk1[0].lanes[0].lane/clk
                         FDRE                                         r  core/genblk1[0].lanes[0].lane/align_q_reg[pre][big_x][16]/C
  -------------------------------------------------------------------    -------------------
                         FDRE (Prop_FDRE_C_Q)         0.038     0.051 r  core/genblk1[0].lanes[0].lane/align_q_reg[pre][big_x][16]/Q
                         net (fo=2, unplaced)         0.046     0.097    core/genblk1[0].lanes[0].lane/align_q_reg[pre][big_x][16]
                         CARRY8 (Prop_CARRY8_DI[0]_O[1])
                                                      0.031     0.128 r  core/genblk1[0].lanes[0].lane/raw_q_reg[raw][sum_raw][23]_i_1/O[1]
                         net (fo=2, unplaced)         0.007     0.135    core/genblk1[0].lanes[0].lane/raw_q_reg[raw][sum_raw][23]_i_1_n_14
                         FDRE                                         r  core/genblk1[0].lanes[0].lane/raw_q_reg[raw][sum_raw][17]/D
  -------------------------------------------------------------------    -------------------

                         (clock core_clk rise edge)
                                                      0.000     0.000 r  
                                                      0.000     0.000 r  clk (IN)
                         net (fo=29010, unset)        0.019     0.019    core/genblk1[0].lanes[0].lane/clk
                         FDRE                                         r  core/genblk1[0].lanes[0].lane/raw_q_reg[raw][sum_raw][17]/C
                         clock pessimism              0.000     0.019    
                         FDRE (Hold_FDRE_C_D)         0.046     0.065    core/genblk1[0].lanes[0].lane/raw_q_reg[raw][sum_raw][17]
  -------------------------------------------------------------------
                         required time                         -0.065    
                         arrival time                           0.135    
  -------------------------------------------------------------------
                         slack                                  0.070    

Slack (MET) :             0.070ns  (arrival time - required time)
  Source:                 core/genblk1[0].lanes[0].lane/align_q_reg[pre][big_x][17]/C
                            (rising edge-triggered cell FDRE clocked by core_clk  {rise@0.000ns fall@2.000ns period=4.000ns})
  Destination:            core/genblk1[0].lanes[0].lane/raw_q_reg[raw][sum_raw][18]/D
                            (rising edge-triggered cell FDRE clocked by core_clk  {rise@0.000ns fall@2.000ns period=4.000ns})
  Path Group:             core_clk
  Path Type:              Hold (Min at Fast Process Corner)
  Requirement:            0.000ns  (core_clk rise@0.000ns - core_clk rise@0.000ns)
  Data Path Delay:        0.122ns  (logic 0.069ns (56.557%)  route 0.053ns (43.443%))
  Logic Levels:           1  (CARRY8=1)
  Clock Path Skew:        0.006ns (DCD - SCD - CPR)
    Destination Clock Delay (DCD):    0.019ns
    Source Clock Delay      (SCD):    0.013ns
    Clock Pessimism Removal (CPR):    -0.000ns

    Location             Delay type                Incr(ns)  Path(ns)    Netlist Resource(s)
  -------------------------------------------------------------------    -------------------
                         (clock core_clk rise edge)
                                                      0.000     0.000 r  
                                                      0.000     0.000 r  clk (IN)
                         net (fo=29010, unset)        0.013     0.013    core/genblk1[0].lanes[0].lane/clk
                         FDRE                                         r  core/genblk1[0].lanes[0].lane/align_q_reg[pre][big_x][17]/C
  -------------------------------------------------------------------    -------------------
                         FDRE (Prop_FDRE_C_Q)         0.038     0.051 r  core/genblk1[0].lanes[0].lane/align_q_reg[pre][big_x][17]/Q
                         net (fo=2, unplaced)         0.046     0.097    core/genblk1[0].lanes[0].lane/align_q_reg[pre][big_x][17]
                         CARRY8 (Prop_CARRY8_DI[1]_O[2])
                                                      0.031     0.128 r  core/genblk1[0].lanes[0].lane/raw_q_reg[raw][sum_raw][23]_i_1/O[2]
                         net (fo=2, unplaced)         0.007     0.135    core/genblk1[0].lanes[0].lane/raw_q_reg[raw][sum_raw][23]_i_1_n_13
                         FDRE                                         r  core/genblk1[0].lanes[0].lane/raw_q_reg[raw][sum_raw][18]/D
  -------------------------------------------------------------------    -------------------

                         (clock core_clk rise edge)
                                                      0.000     0.000 r  
                                                      0.000     0.000 r  clk (IN)
                         net (fo=29010, unset)        0.019     0.019    core/genblk1[0].lanes[0].lane/clk
                         FDRE                                         r  core/genblk1[0].lanes[0].lane/raw_q_reg[raw][sum_raw][18]/C
                         clock pessimism              0.000     0.019    
                         FDRE (Hold_FDRE_C_D)         0.046     0.065    core/genblk1[0].lanes[0].lane/raw_q_reg[raw][sum_raw][18]
  -------------------------------------------------------------------
                         required time                         -0.065    
                         arrival time                           0.135    
  -------------------------------------------------------------------
                         slack                                  0.070    

Slack (MET) :             0.070ns  (arrival time - required time)
  Source:                 core/genblk1[0].lanes[0].lane/align_q_reg[pre][big_x][24]/C
                            (rising edge-triggered cell FDRE clocked by core_clk  {rise@0.000ns fall@2.000ns period=4.000ns})
  Destination:            core/genblk1[0].lanes[0].lane/raw_q_reg[raw][sum_raw][25]/D
                            (rising edge-triggered cell FDRE clocked by core_clk  {rise@0.000ns fall@2.000ns period=4.000ns})
  Path Group:             core_clk
  Path Type:              Hold (Min at Fast Process Corner)
  Requirement:            0.000ns  (core_clk rise@0.000ns - core_clk rise@0.000ns)
  Data Path Delay:        0.122ns  (logic 0.069ns (56.557%)  route 0.053ns (43.443%))
  Logic Levels:           1  (CARRY8=1)
  Clock Path Skew:        0.006ns (DCD - SCD - CPR)
    Destination Clock Delay (DCD):    0.019ns
    Source Clock Delay      (SCD):    0.013ns
    Clock Pessimism Removal (CPR):    -0.000ns

    Location             Delay type                Incr(ns)  Path(ns)    Netlist Resource(s)
  -------------------------------------------------------------------    -------------------
                         (clock core_clk rise edge)
                                                      0.000     0.000 r  
                                                      0.000     0.000 r  clk (IN)
                         net (fo=29010, unset)        0.013     0.013    core/genblk1[0].lanes[0].lane/clk
                         FDRE                                         r  core/genblk1[0].lanes[0].lane/align_q_reg[pre][big_x][24]/C
  -------------------------------------------------------------------    -------------------
                         FDRE (Prop_FDRE_C_Q)         0.038     0.051 r  core/genblk1[0].lanes[0].lane/align_q_reg[pre][big_x][24]/Q
                         net (fo=2, unplaced)         0.046     0.097    core/genblk1[0].lanes[0].lane/align_q_reg[pre][big_x][24]
                         CARRY8 (Prop_CARRY8_DI[0]_O[1])
                                                      0.031     0.128 r  core/genblk1[0].lanes[0].lane/raw_q_reg[raw][sum_raw][27]_i_1/O[1]
                         net (fo=2, unplaced)         0.007     0.135    core/genblk1[0].lanes[0].lane/raw_q_reg[raw][sum_raw][27]_i_1_n_14
                         FDRE                                         r  core/genblk1[0].lanes[0].lane/raw_q_reg[raw][sum_raw][25]/D
  -------------------------------------------------------------------    -------------------

                         (clock core_clk rise edge)
                                                      0.000     0.000 r  
                                                      0.000     0.000 r  clk (IN)
                         net (fo=29010, unset)        0.019     0.019    core/genblk1[0].lanes[0].lane/clk
                         FDRE                                         r  core/genblk1[0].lanes[0].lane/raw_q_reg[raw][sum_raw][25]/C
                         clock pessimism              0.000     0.019    
                         FDRE (Hold_FDRE_C_D)         0.046     0.065    core/genblk1[0].lanes[0].lane/raw_q_reg[raw][sum_raw][25]
  -------------------------------------------------------------------
                         required time                         -0.065    
                         arrival time                           0.135    
  -------------------------------------------------------------------
                         slack                                  0.070    

Slack (MET) :             0.070ns  (arrival time - required time)
  Source:                 core/genblk1[0].lanes[0].lane/align_q_reg[pre][big_x][25]/C
                            (rising edge-triggered cell FDRE clocked by core_clk  {rise@0.000ns fall@2.000ns period=4.000ns})
  Destination:            core/genblk1[0].lanes[0].lane/raw_q_reg[raw][sum_raw][26]/D
                            (rising edge-triggered cell FDRE clocked by core_clk  {rise@0.000ns fall@2.000ns period=4.000ns})
  Path Group:             core_clk
  Path Type:              Hold (Min at Fast Process Corner)
  Requirement:            0.000ns  (core_clk rise@0.000ns - core_clk rise@0.000ns)
  Data Path Delay:        0.122ns  (logic 0.069ns (56.557%)  route 0.053ns (43.443%))
  Logic Levels:           1  (CARRY8=1)
  Clock Path Skew:        0.006ns (DCD - SCD - CPR)
    Destination Clock Delay (DCD):    0.019ns
    Source Clock Delay      (SCD):    0.013ns
    Clock Pessimism Removal (CPR):    -0.000ns

    Location             Delay type                Incr(ns)  Path(ns)    Netlist Resource(s)
  -------------------------------------------------------------------    -------------------
                         (clock core_clk rise edge)
                                                      0.000     0.000 r  
                                                      0.000     0.000 r  clk (IN)
                         net (fo=29010, unset)        0.013     0.013    core/genblk1[0].lanes[0].lane/clk
                         FDRE                                         r  core/genblk1[0].lanes[0].lane/align_q_reg[pre][big_x][25]/C
  -------------------------------------------------------------------    -------------------
                         FDRE (Prop_FDRE_C_Q)         0.038     0.051 r  core/genblk1[0].lanes[0].lane/align_q_reg[pre][big_x][25]/Q
                         net (fo=2, unplaced)         0.046     0.097    core/genblk1[0].lanes[0].lane/align_q_reg[pre][big_x][25]
                         CARRY8 (Prop_CARRY8_DI[1]_O[2])
                                                      0.031     0.128 r  core/genblk1[0].lanes[0].lane/raw_q_reg[raw][sum_raw][27]_i_1/O[2]
                         net (fo=2, unplaced)         0.007     0.135    core/genblk1[0].lanes[0].lane/raw_q_reg[raw][sum_raw][27]_i_1_n_13
                         FDRE                                         r  core/genblk1[0].lanes[0].lane/raw_q_reg[raw][sum_raw][26]/D
  -------------------------------------------------------------------    -------------------

                         (clock core_clk rise edge)
                                                      0.000     0.000 r  
                                                      0.000     0.000 r  clk (IN)
                         net (fo=29010, unset)        0.019     0.019    core/genblk1[0].lanes[0].lane/clk
                         FDRE                                         r  core/genblk1[0].lanes[0].lane/raw_q_reg[raw][sum_raw][26]/C
                         clock pessimism              0.000     0.019    
                         FDRE (Hold_FDRE_C_D)         0.046     0.065    core/genblk1[0].lanes[0].lane/raw_q_reg[raw][sum_raw][26]
  -------------------------------------------------------------------
                         required time                         -0.065    
                         arrival time                           0.135    
  -------------------------------------------------------------------
                         slack                                  0.070    

Slack (MET) :             0.070ns  (arrival time - required time)
  Source:                 core/genblk1[0].lanes[0].lane/align_q_reg[pre][big_x][8]/C
                            (rising edge-triggered cell FDRE clocked by core_clk  {rise@0.000ns fall@2.000ns period=4.000ns})
  Destination:            core/genblk1[0].lanes[0].lane/raw_q_reg[raw][sum_raw][9]/D
                            (rising edge-triggered cell FDRE clocked by core_clk  {rise@0.000ns fall@2.000ns period=4.000ns})
  Path Group:             core_clk
  Path Type:              Hold (Min at Fast Process Corner)
  Requirement:            0.000ns  (core_clk rise@0.000ns - core_clk rise@0.000ns)
  Data Path Delay:        0.122ns  (logic 0.069ns (56.557%)  route 0.053ns (43.443%))
  Logic Levels:           1  (CARRY8=1)
  Clock Path Skew:        0.006ns (DCD - SCD - CPR)
    Destination Clock Delay (DCD):    0.019ns
    Source Clock Delay      (SCD):    0.013ns
    Clock Pessimism Removal (CPR):    -0.000ns

    Location             Delay type                Incr(ns)  Path(ns)    Netlist Resource(s)
  -------------------------------------------------------------------    -------------------
                         (clock core_clk rise edge)
                                                      0.000     0.000 r  
                                                      0.000     0.000 r  clk (IN)
                         net (fo=29010, unset)        0.013     0.013    core/genblk1[0].lanes[0].lane/clk
                         FDRE                                         r  core/genblk1[0].lanes[0].lane/align_q_reg[pre][big_x][8]/C
  -------------------------------------------------------------------    -------------------
                         FDRE (Prop_FDRE_C_Q)         0.038     0.051 r  core/genblk1[0].lanes[0].lane/align_q_reg[pre][big_x][8]/Q
                         net (fo=2, unplaced)         0.046     0.097    core/genblk1[0].lanes[0].lane/align_q_reg[pre][big_x][8]
                         CARRY8 (Prop_CARRY8_DI[0]_O[1])
                                                      0.031     0.128 r  core/genblk1[0].lanes[0].lane/raw_q_reg[raw][sum_raw][15]_i_1/O[1]
                         net (fo=2, unplaced)         0.007     0.135    core/genblk1[0].lanes[0].lane/raw_q_reg[raw][sum_raw][15]_i_1_n_14
                         FDRE                                         r  core/genblk1[0].lanes[0].lane/raw_q_reg[raw][sum_raw][9]/D
  -------------------------------------------------------------------    -------------------

                         (clock core_clk rise edge)
                                                      0.000     0.000 r  
                                                      0.000     0.000 r  clk (IN)
                         net (fo=29010, unset)        0.019     0.019    core/genblk1[0].lanes[0].lane/clk
                         FDRE                                         r  core/genblk1[0].lanes[0].lane/raw_q_reg[raw][sum_raw][9]/C
                         clock pessimism              0.000     0.019    
                         FDRE (Hold_FDRE_C_D)         0.046     0.065    core/genblk1[0].lanes[0].lane/raw_q_reg[raw][sum_raw][9]
  -------------------------------------------------------------------
                         required time                         -0.065    
                         arrival time                           0.135    
  -------------------------------------------------------------------
                         slack                                  0.070    

Slack (MET) :             0.070ns  (arrival time - required time)
  Source:                 core/genblk1[0].lanes[10].lane/align_q_reg[pre][big_x][9]/C
                            (rising edge-triggered cell FDRE clocked by core_clk  {rise@0.000ns fall@2.000ns period=4.000ns})
  Destination:            core/genblk1[0].lanes[10].lane/raw_q_reg[raw][sum_raw][10]/D
                            (rising edge-triggered cell FDRE clocked by core_clk  {rise@0.000ns fall@2.000ns period=4.000ns})
  Path Group:             core_clk
  Path Type:              Hold (Min at Fast Process Corner)
  Requirement:            0.000ns  (core_clk rise@0.000ns - core_clk rise@0.000ns)
  Data Path Delay:        0.122ns  (logic 0.069ns (56.557%)  route 0.053ns (43.443%))
  Logic Levels:           1  (CARRY8=1)
  Clock Path Skew:        0.006ns (DCD - SCD - CPR)
    Destination Clock Delay (DCD):    0.019ns
    Source Clock Delay      (SCD):    0.013ns
    Clock Pessimism Removal (CPR):    -0.000ns

    Location             Delay type                Incr(ns)  Path(ns)    Netlist Resource(s)
  -------------------------------------------------------------------    -------------------
                         (clock core_clk rise edge)
                                                      0.000     0.000 r  
                                                      0.000     0.000 r  clk (IN)
                         net (fo=29010, unset)        0.013     0.013    core/genblk1[0].lanes[10].lane/clk
                         FDRE                                         r  core/genblk1[0].lanes[10].lane/align_q_reg[pre][big_x][9]/C
  -------------------------------------------------------------------    -------------------
                         FDRE (Prop_FDRE_C_Q)         0.038     0.051 r  core/genblk1[0].lanes[10].lane/align_q_reg[pre][big_x][9]/Q
                         net (fo=2, unplaced)         0.046     0.097    core/genblk1[0].lanes[10].lane/align_q_reg[pre][big_x][9]
                         CARRY8 (Prop_CARRY8_DI[1]_O[2])
                                                      0.031     0.128 r  core/genblk1[0].lanes[10].lane/raw_q_reg[raw][sum_raw][15]_i_1/O[2]
                         net (fo=2, unplaced)         0.007     0.135    core/genblk1[0].lanes[10].lane/raw_q_reg[raw][sum_raw][15]_i_1_n_13
                         FDRE                                         r  core/genblk1[0].lanes[10].lane/raw_q_reg[raw][sum_raw][10]/D
  -------------------------------------------------------------------    -------------------

                         (clock core_clk rise edge)
                                                      0.000     0.000 r  
                                                      0.000     0.000 r  clk (IN)
                         net (fo=29010, unset)        0.019     0.019    core/genblk1[0].lanes[10].lane/clk
                         FDRE                                         r  core/genblk1[0].lanes[10].lane/raw_q_reg[raw][sum_raw][10]/C
                         clock pessimism              0.000     0.019    
                         FDRE (Hold_FDRE_C_D)         0.046     0.065    core/genblk1[0].lanes[10].lane/raw_q_reg[raw][sum_raw][10]
  -------------------------------------------------------------------
                         required time                         -0.065    
                         arrival time                           0.135    
  -------------------------------------------------------------------
                         slack                                  0.070    

Slack (MET) :             0.070ns  (arrival time - required time)
  Source:                 core/genblk1[0].lanes[10].lane/align_q_reg[pre][big_x][16]/C
                            (rising edge-triggered cell FDRE clocked by core_clk  {rise@0.000ns fall@2.000ns period=4.000ns})
  Destination:            core/genblk1[0].lanes[10].lane/raw_q_reg[raw][sum_raw][17]/D
                            (rising edge-triggered cell FDRE clocked by core_clk  {rise@0.000ns fall@2.000ns period=4.000ns})
  Path Group:             core_clk
  Path Type:              Hold (Min at Fast Process Corner)
  Requirement:            0.000ns  (core_clk rise@0.000ns - core_clk rise@0.000ns)
  Data Path Delay:        0.122ns  (logic 0.069ns (56.557%)  route 0.053ns (43.443%))
  Logic Levels:           1  (CARRY8=1)
  Clock Path Skew:        0.006ns (DCD - SCD - CPR)
    Destination Clock Delay (DCD):    0.019ns
    Source Clock Delay      (SCD):    0.013ns
    Clock Pessimism Removal (CPR):    -0.000ns

    Location             Delay type                Incr(ns)  Path(ns)    Netlist Resource(s)
  -------------------------------------------------------------------    -------------------
                         (clock core_clk rise edge)
                                                      0.000     0.000 r  
                                                      0.000     0.000 r  clk (IN)
                         net (fo=29010, unset)        0.013     0.013    core/genblk1[0].lanes[10].lane/clk
                         FDRE                                         r  core/genblk1[0].lanes[10].lane/align_q_reg[pre][big_x][16]/C
  -------------------------------------------------------------------    -------------------
                         FDRE (Prop_FDRE_C_Q)         0.038     0.051 r  core/genblk1[0].lanes[10].lane/align_q_reg[pre][big_x][16]/Q
                         net (fo=2, unplaced)         0.046     0.097    core/genblk1[0].lanes[10].lane/align_q_reg[pre][big_x][16]
                         CARRY8 (Prop_CARRY8_DI[0]_O[1])
                                                      0.031     0.128 r  core/genblk1[0].lanes[10].lane/raw_q_reg[raw][sum_raw][23]_i_1/O[1]
                         net (fo=2, unplaced)         0.007     0.135    core/genblk1[0].lanes[10].lane/raw_q_reg[raw][sum_raw][23]_i_1_n_14
                         FDRE                                         r  core/genblk1[0].lanes[10].lane/raw_q_reg[raw][sum_raw][17]/D
  -------------------------------------------------------------------    -------------------

                         (clock core_clk rise edge)
                                                      0.000     0.000 r  
                                                      0.000     0.000 r  clk (IN)
                         net (fo=29010, unset)        0.019     0.019    core/genblk1[0].lanes[10].lane/clk
                         FDRE                                         r  core/genblk1[0].lanes[10].lane/raw_q_reg[raw][sum_raw][17]/C
                         clock pessimism              0.000     0.019    
                         FDRE (Hold_FDRE_C_D)         0.046     0.065    core/genblk1[0].lanes[10].lane/raw_q_reg[raw][sum_raw][17]
  -------------------------------------------------------------------
                         required time                         -0.065    
                         arrival time                           0.135    
  -------------------------------------------------------------------
                         slack                                  0.070    

Slack (MET) :             0.070ns  (arrival time - required time)
  Source:                 core/genblk1[0].lanes[10].lane/align_q_reg[pre][big_x][17]/C
                            (rising edge-triggered cell FDRE clocked by core_clk  {rise@0.000ns fall@2.000ns period=4.000ns})
  Destination:            core/genblk1[0].lanes[10].lane/raw_q_reg[raw][sum_raw][18]/D
                            (rising edge-triggered cell FDRE clocked by core_clk  {rise@0.000ns fall@2.000ns period=4.000ns})
  Path Group:             core_clk
  Path Type:              Hold (Min at Fast Process Corner)
  Requirement:            0.000ns  (core_clk rise@0.000ns - core_clk rise@0.000ns)
  Data Path Delay:        0.122ns  (logic 0.069ns (56.557%)  route 0.053ns (43.443%))
  Logic Levels:           1  (CARRY8=1)
  Clock Path Skew:        0.006ns (DCD - SCD - CPR)
    Destination Clock Delay (DCD):    0.019ns
    Source Clock Delay      (SCD):    0.013ns
    Clock Pessimism Removal (CPR):    -0.000ns

    Location             Delay type                Incr(ns)  Path(ns)    Netlist Resource(s)
  -------------------------------------------------------------------    -------------------
                         (clock core_clk rise edge)
                                                      0.000     0.000 r  
                                                      0.000     0.000 r  clk (IN)
                         net (fo=29010, unset)        0.013     0.013    core/genblk1[0].lanes[10].lane/clk
                         FDRE                                         r  core/genblk1[0].lanes[10].lane/align_q_reg[pre][big_x][17]/C
  -------------------------------------------------------------------    -------------------
                         FDRE (Prop_FDRE_C_Q)         0.038     0.051 r  core/genblk1[0].lanes[10].lane/align_q_reg[pre][big_x][17]/Q
                         net (fo=2, unplaced)         0.046     0.097    core/genblk1[0].lanes[10].lane/align_q_reg[pre][big_x][17]
                         CARRY8 (Prop_CARRY8_DI[1]_O[2])
                                                      0.031     0.128 r  core/genblk1[0].lanes[10].lane/raw_q_reg[raw][sum_raw][23]_i_1/O[2]
                         net (fo=2, unplaced)         0.007     0.135    core/genblk1[0].lanes[10].lane/raw_q_reg[raw][sum_raw][23]_i_1_n_13
                         FDRE                                         r  core/genblk1[0].lanes[10].lane/raw_q_reg[raw][sum_raw][18]/D
  -------------------------------------------------------------------    -------------------

                         (clock core_clk rise edge)
                                                      0.000     0.000 r  
                                                      0.000     0.000 r  clk (IN)
                         net (fo=29010, unset)        0.019     0.019    core/genblk1[0].lanes[10].lane/clk
                         FDRE                                         r  core/genblk1[0].lanes[10].lane/raw_q_reg[raw][sum_raw][18]/C
                         clock pessimism              0.000     0.019    
                         FDRE (Hold_FDRE_C_D)         0.046     0.065    core/genblk1[0].lanes[10].lane/raw_q_reg[raw][sum_raw][18]
  -------------------------------------------------------------------
                         required time                         -0.065    
                         arrival time                           0.135    
  -------------------------------------------------------------------
                         slack                                  0.070    

Slack (MET) :             0.070ns  (arrival time - required time)
  Source:                 core/genblk1[0].lanes[10].lane/align_q_reg[pre][big_x][24]/C
                            (rising edge-triggered cell FDRE clocked by core_clk  {rise@0.000ns fall@2.000ns period=4.000ns})
  Destination:            core/genblk1[0].lanes[10].lane/raw_q_reg[raw][sum_raw][25]/D
                            (rising edge-triggered cell FDRE clocked by core_clk  {rise@0.000ns fall@2.000ns period=4.000ns})
  Path Group:             core_clk
  Path Type:              Hold (Min at Fast Process Corner)
  Requirement:            0.000ns  (core_clk rise@0.000ns - core_clk rise@0.000ns)
  Data Path Delay:        0.122ns  (logic 0.069ns (56.557%)  route 0.053ns (43.443%))
  Logic Levels:           1  (CARRY8=1)
  Clock Path Skew:        0.006ns (DCD - SCD - CPR)
    Destination Clock Delay (DCD):    0.019ns
    Source Clock Delay      (SCD):    0.013ns
    Clock Pessimism Removal (CPR):    -0.000ns

    Location             Delay type                Incr(ns)  Path(ns)    Netlist Resource(s)
  -------------------------------------------------------------------    -------------------
                         (clock core_clk rise edge)
                                                      0.000     0.000 r  
                                                      0.000     0.000 r  clk (IN)
                         net (fo=29010, unset)        0.013     0.013    core/genblk1[0].lanes[10].lane/clk
                         FDRE                                         r  core/genblk1[0].lanes[10].lane/align_q_reg[pre][big_x][24]/C
  -------------------------------------------------------------------    -------------------
                         FDRE (Prop_FDRE_C_Q)         0.038     0.051 r  core/genblk1[0].lanes[10].lane/align_q_reg[pre][big_x][24]/Q
                         net (fo=2, unplaced)         0.046     0.097    core/genblk1[0].lanes[10].lane/align_q_reg[pre][big_x][24]
                         CARRY8 (Prop_CARRY8_DI[0]_O[1])
                                                      0.031     0.128 r  core/genblk1[0].lanes[10].lane/raw_q_reg[raw][sum_raw][27]_i_1/O[1]
                         net (fo=2, unplaced)         0.007     0.135    core/genblk1[0].lanes[10].lane/raw_q_reg[raw][sum_raw][27]_i_1_n_14
                         FDRE                                         r  core/genblk1[0].lanes[10].lane/raw_q_reg[raw][sum_raw][25]/D
  -------------------------------------------------------------------    -------------------

                         (clock core_clk rise edge)
                                                      0.000     0.000 r  
                                                      0.000     0.000 r  clk (IN)
                         net (fo=29010, unset)        0.019     0.019    core/genblk1[0].lanes[10].lane/clk
                         FDRE                                         r  core/genblk1[0].lanes[10].lane/raw_q_reg[raw][sum_raw][25]/C
                         clock pessimism              0.000     0.019    
                         FDRE (Hold_FDRE_C_D)         0.046     0.065    core/genblk1[0].lanes[10].lane/raw_q_reg[raw][sum_raw][25]
  -------------------------------------------------------------------
                         required time                         -0.065    
                         arrival time                           0.135    
  -------------------------------------------------------------------
                         slack                                  0.070    

Slack (MET) :             0.070ns  (arrival time - required time)
  Source:                 core/genblk1[0].lanes[10].lane/align_q_reg[pre][big_x][25]/C
                            (rising edge-triggered cell FDRE clocked by core_clk  {rise@0.000ns fall@2.000ns period=4.000ns})
  Destination:            core/genblk1[0].lanes[10].lane/raw_q_reg[raw][sum_raw][26]/D
                            (rising edge-triggered cell FDRE clocked by core_clk  {rise@0.000ns fall@2.000ns period=4.000ns})
  Path Group:             core_clk
  Path Type:              Hold (Min at Fast Process Corner)
  Requirement:            0.000ns  (core_clk rise@0.000ns - core_clk rise@0.000ns)
  Data Path Delay:        0.122ns  (logic 0.069ns (56.557%)  route 0.053ns (43.443%))
  Logic Levels:           1  (CARRY8=1)
  Clock Path Skew:        0.006ns (DCD - SCD - CPR)
    Destination Clock Delay (DCD):    0.019ns
    Source Clock Delay      (SCD):    0.013ns
    Clock Pessimism Removal (CPR):    -0.000ns

    Location             Delay type                Incr(ns)  Path(ns)    Netlist Resource(s)
  -------------------------------------------------------------------    -------------------
                         (clock core_clk rise edge)
                                                      0.000     0.000 r  
                                                      0.000     0.000 r  clk (IN)
                         net (fo=29010, unset)        0.013     0.013    core/genblk1[0].lanes[10].lane/clk
                         FDRE                                         r  core/genblk1[0].lanes[10].lane/align_q_reg[pre][big_x][25]/C
  -------------------------------------------------------------------    -------------------
                         FDRE (Prop_FDRE_C_Q)         0.038     0.051 r  core/genblk1[0].lanes[10].lane/align_q_reg[pre][big_x][25]/Q
                         net (fo=2, unplaced)         0.046     0.097    core/genblk1[0].lanes[10].lane/align_q_reg[pre][big_x][25]
                         CARRY8 (Prop_CARRY8_DI[1]_O[2])
                                                      0.031     0.128 r  core/genblk1[0].lanes[10].lane/raw_q_reg[raw][sum_raw][27]_i_1/O[2]
                         net (fo=2, unplaced)         0.007     0.135    core/genblk1[0].lanes[10].lane/raw_q_reg[raw][sum_raw][27]_i_1_n_13
                         FDRE                                         r  core/genblk1[0].lanes[10].lane/raw_q_reg[raw][sum_raw][26]/D
  -------------------------------------------------------------------    -------------------

                         (clock core_clk rise edge)
                                                      0.000     0.000 r  
                                                      0.000     0.000 r  clk (IN)
                         net (fo=29010, unset)        0.019     0.019    core/genblk1[0].lanes[10].lane/clk
                         FDRE                                         r  core/genblk1[0].lanes[10].lane/raw_q_reg[raw][sum_raw][26]/C
                         clock pessimism              0.000     0.019    
                         FDRE (Hold_FDRE_C_D)         0.046     0.065    core/genblk1[0].lanes[10].lane/raw_q_reg[raw][sum_raw][26]
  -------------------------------------------------------------------
                         required time                         -0.065    
                         arrival time                           0.135    
  -------------------------------------------------------------------
                         slack                                  0.070    

Slack (MET) :             0.070ns  (arrival time - required time)
  Source:                 core/genblk1[0].lanes[10].lane/align_q_reg[pre][big_x][8]/C
                            (rising edge-triggered cell FDRE clocked by core_clk  {rise@0.000ns fall@2.000ns period=4.000ns})
  Destination:            core/genblk1[0].lanes[10].lane/raw_q_reg[raw][sum_raw][9]/D
                            (rising edge-triggered cell FDRE clocked by core_clk  {rise@0.000ns fall@2.000ns period=4.000ns})
  Path Group:             core_clk
  Path Type:              Hold (Min at Fast Process Corner)
  Requirement:            0.000ns  (core_clk rise@0.000ns - core_clk rise@0.000ns)
  Data Path Delay:        0.122ns  (logic 0.069ns (56.557%)  route 0.053ns (43.443%))
  Logic Levels:           1  (CARRY8=1)
  Clock Path Skew:        0.006ns (DCD - SCD - CPR)
    Destination Clock Delay (DCD):    0.019ns
    Source Clock Delay      (SCD):    0.013ns
    Clock Pessimism Removal (CPR):    -0.000ns

    Location             Delay type                Incr(ns)  Path(ns)    Netlist Resource(s)
  -------------------------------------------------------------------    -------------------
                         (clock core_clk rise edge)
                                                      0.000     0.000 r  
                                                      0.000     0.000 r  clk (IN)
                         net (fo=29010, unset)        0.013     0.013    core/genblk1[0].lanes[10].lane/clk
                         FDRE                                         r  core/genblk1[0].lanes[10].lane/align_q_reg[pre][big_x][8]/C
  -------------------------------------------------------------------    -------------------
                         FDRE (Prop_FDRE_C_Q)         0.038     0.051 r  core/genblk1[0].lanes[10].lane/align_q_reg[pre][big_x][8]/Q
                         net (fo=2, unplaced)         0.046     0.097    core/genblk1[0].lanes[10].lane/align_q_reg[pre][big_x][8]
                         CARRY8 (Prop_CARRY8_DI[0]_O[1])
                                                      0.031     0.128 r  core/genblk1[0].lanes[10].lane/raw_q_reg[raw][sum_raw][15]_i_1/O[1]
                         net (fo=2, unplaced)         0.007     0.135    core/genblk1[0].lanes[10].lane/raw_q_reg[raw][sum_raw][15]_i_1_n_14
                         FDRE                                         r  core/genblk1[0].lanes[10].lane/raw_q_reg[raw][sum_raw][9]/D
  -------------------------------------------------------------------    -------------------

                         (clock core_clk rise edge)
                                                      0.000     0.000 r  
                                                      0.000     0.000 r  clk (IN)
                         net (fo=29010, unset)        0.019     0.019    core/genblk1[0].lanes[10].lane/clk
                         FDRE                                         r  core/genblk1[0].lanes[10].lane/raw_q_reg[raw][sum_raw][9]/C
                         clock pessimism              0.000     0.019    
                         FDRE (Hold_FDRE_C_D)         0.046     0.065    core/genblk1[0].lanes[10].lane/raw_q_reg[raw][sum_raw][9]
  -------------------------------------------------------------------
                         required time                         -0.065    
                         arrival time                           0.135    
  -------------------------------------------------------------------
                         slack                                  0.070    

Slack (MET) :             0.070ns  (arrival time - required time)
  Source:                 core/genblk1[0].lanes[11].lane/align_q_reg[pre][big_x][9]/C
                            (rising edge-triggered cell FDRE clocked by core_clk  {rise@0.000ns fall@2.000ns period=4.000ns})
  Destination:            core/genblk1[0].lanes[11].lane/raw_q_reg[raw][sum_raw][10]/D
                            (rising edge-triggered cell FDRE clocked by core_clk  {rise@0.000ns fall@2.000ns period=4.000ns})
  Path Group:             core_clk
  Path Type:              Hold (Min at Fast Process Corner)
  Requirement:            0.000ns  (core_clk rise@0.000ns - core_clk rise@0.000ns)
  Data Path Delay:        0.122ns  (logic 0.069ns (56.557%)  route 0.053ns (43.443%))
  Logic Levels:           1  (CARRY8=1)
  Clock Path Skew:        0.006ns (DCD - SCD - CPR)
    Destination Clock Delay (DCD):    0.019ns
    Source Clock Delay      (SCD):    0.013ns
    Clock Pessimism Removal (CPR):    -0.000ns

    Location             Delay type                Incr(ns)  Path(ns)    Netlist Resource(s)
  -------------------------------------------------------------------    -------------------
                         (clock core_clk rise edge)
                                                      0.000     0.000 r  
                                                      0.000     0.000 r  clk (IN)
                         net (fo=29010, unset)        0.013     0.013    core/genblk1[0].lanes[11].lane/clk
                         FDRE                                         r  core/genblk1[0].lanes[11].lane/align_q_reg[pre][big_x][9]/C
  -------------------------------------------------------------------    -------------------
                         FDRE (Prop_FDRE_C_Q)         0.038     0.051 r  core/genblk1[0].lanes[11].lane/align_q_reg[pre][big_x][9]/Q
                         net (fo=2, unplaced)         0.046     0.097    core/genblk1[0].lanes[11].lane/align_q_reg[pre][big_x][9]
                         CARRY8 (Prop_CARRY8_DI[1]_O[2])
                                                      0.031     0.128 r  core/genblk1[0].lanes[11].lane/raw_q_reg[raw][sum_raw][15]_i_1/O[2]
                         net (fo=2, unplaced)         0.007     0.135    core/genblk1[0].lanes[11].lane/raw_q_reg[raw][sum_raw][15]_i_1_n_13
                         FDRE                                         r  core/genblk1[0].lanes[11].lane/raw_q_reg[raw][sum_raw][10]/D
  -------------------------------------------------------------------    -------------------

                         (clock core_clk rise edge)
                                                      0.000     0.000 r  
                                                      0.000     0.000 r  clk (IN)
                         net (fo=29010, unset)        0.019     0.019    core/genblk1[0].lanes[11].lane/clk
                         FDRE                                         r  core/genblk1[0].lanes[11].lane/raw_q_reg[raw][sum_raw][10]/C
                         clock pessimism              0.000     0.019    
                         FDRE (Hold_FDRE_C_D)         0.046     0.065    core/genblk1[0].lanes[11].lane/raw_q_reg[raw][sum_raw][10]
  -------------------------------------------------------------------
                         required time                         -0.065    
                         arrival time                           0.135    
  -------------------------------------------------------------------
                         slack                                  0.070    

Slack (MET) :             0.070ns  (arrival time - required time)
  Source:                 core/genblk1[0].lanes[11].lane/align_q_reg[pre][big_x][16]/C
                            (rising edge-triggered cell FDRE clocked by core_clk  {rise@0.000ns fall@2.000ns period=4.000ns})
  Destination:            core/genblk1[0].lanes[11].lane/raw_q_reg[raw][sum_raw][17]/D
                            (rising edge-triggered cell FDRE clocked by core_clk  {rise@0.000ns fall@2.000ns period=4.000ns})
  Path Group:             core_clk
  Path Type:              Hold (Min at Fast Process Corner)
  Requirement:            0.000ns  (core_clk rise@0.000ns - core_clk rise@0.000ns)
  Data Path Delay:        0.122ns  (logic 0.069ns (56.557%)  route 0.053ns (43.443%))
  Logic Levels:           1  (CARRY8=1)
  Clock Path Skew:        0.006ns (DCD - SCD - CPR)
    Destination Clock Delay (DCD):    0.019ns
    Source Clock Delay      (SCD):    0.013ns
    Clock Pessimism Removal (CPR):    -0.000ns

    Location             Delay type                Incr(ns)  Path(ns)    Netlist Resource(s)
  -------------------------------------------------------------------    -------------------
                         (clock core_clk rise edge)
                                                      0.000     0.000 r  
                                                      0.000     0.000 r  clk (IN)
                         net (fo=29010, unset)        0.013     0.013    core/genblk1[0].lanes[11].lane/clk
                         FDRE                                         r  core/genblk1[0].lanes[11].lane/align_q_reg[pre][big_x][16]/C
  -------------------------------------------------------------------    -------------------
                         FDRE (Prop_FDRE_C_Q)         0.038     0.051 r  core/genblk1[0].lanes[11].lane/align_q_reg[pre][big_x][16]/Q
                         net (fo=2, unplaced)         0.046     0.097    core/genblk1[0].lanes[11].lane/align_q_reg[pre][big_x][16]
                         CARRY8 (Prop_CARRY8_DI[0]_O[1])
                                                      0.031     0.128 r  core/genblk1[0].lanes[11].lane/raw_q_reg[raw][sum_raw][23]_i_1/O[1]
                         net (fo=2, unplaced)         0.007     0.135    core/genblk1[0].lanes[11].lane/raw_q_reg[raw][sum_raw][23]_i_1_n_14
                         FDRE                                         r  core/genblk1[0].lanes[11].lane/raw_q_reg[raw][sum_raw][17]/D
  -------------------------------------------------------------------    -------------------

                         (clock core_clk rise edge)
                                                      0.000     0.000 r  
                                                      0.000     0.000 r  clk (IN)
                         net (fo=29010, unset)        0.019     0.019    core/genblk1[0].lanes[11].lane/clk
                         FDRE                                         r  core/genblk1[0].lanes[11].lane/raw_q_reg[raw][sum_raw][17]/C
                         clock pessimism              0.000     0.019    
                         FDRE (Hold_FDRE_C_D)         0.046     0.065    core/genblk1[0].lanes[11].lane/raw_q_reg[raw][sum_raw][17]
  -------------------------------------------------------------------
                         required time                         -0.065    
                         arrival time                           0.135    
  -------------------------------------------------------------------
                         slack                                  0.070    

Slack (MET) :             0.070ns  (arrival time - required time)
  Source:                 core/genblk1[0].lanes[11].lane/align_q_reg[pre][big_x][17]/C
                            (rising edge-triggered cell FDRE clocked by core_clk  {rise@0.000ns fall@2.000ns period=4.000ns})
  Destination:            core/genblk1[0].lanes[11].lane/raw_q_reg[raw][sum_raw][18]/D
                            (rising edge-triggered cell FDRE clocked by core_clk  {rise@0.000ns fall@2.000ns period=4.000ns})
  Path Group:             core_clk
  Path Type:              Hold (Min at Fast Process Corner)
  Requirement:            0.000ns  (core_clk rise@0.000ns - core_clk rise@0.000ns)
  Data Path Delay:        0.122ns  (logic 0.069ns (56.557%)  route 0.053ns (43.443%))
  Logic Levels:           1  (CARRY8=1)
  Clock Path Skew:        0.006ns (DCD - SCD - CPR)
    Destination Clock Delay (DCD):    0.019ns
    Source Clock Delay      (SCD):    0.013ns
    Clock Pessimism Removal (CPR):    -0.000ns

    Location             Delay type                Incr(ns)  Path(ns)    Netlist Resource(s)
  -------------------------------------------------------------------    -------------------
                         (clock core_clk rise edge)
                                                      0.000     0.000 r  
                                                      0.000     0.000 r  clk (IN)
                         net (fo=29010, unset)        0.013     0.013    core/genblk1[0].lanes[11].lane/clk
                         FDRE                                         r  core/genblk1[0].lanes[11].lane/align_q_reg[pre][big_x][17]/C
  -------------------------------------------------------------------    -------------------
                         FDRE (Prop_FDRE_C_Q)         0.038     0.051 r  core/genblk1[0].lanes[11].lane/align_q_reg[pre][big_x][17]/Q
                         net (fo=2, unplaced)         0.046     0.097    core/genblk1[0].lanes[11].lane/align_q_reg[pre][big_x][17]
                         CARRY8 (Prop_CARRY8_DI[1]_O[2])
                                                      0.031     0.128 r  core/genblk1[0].lanes[11].lane/raw_q_reg[raw][sum_raw][23]_i_1/O[2]
                         net (fo=2, unplaced)         0.007     0.135    core/genblk1[0].lanes[11].lane/raw_q_reg[raw][sum_raw][23]_i_1_n_13
                         FDRE                                         r  core/genblk1[0].lanes[11].lane/raw_q_reg[raw][sum_raw][18]/D
  -------------------------------------------------------------------    -------------------

                         (clock core_clk rise edge)
                                                      0.000     0.000 r  
                                                      0.000     0.000 r  clk (IN)
                         net (fo=29010, unset)        0.019     0.019    core/genblk1[0].lanes[11].lane/clk
                         FDRE                                         r  core/genblk1[0].lanes[11].lane/raw_q_reg[raw][sum_raw][18]/C
                         clock pessimism              0.000     0.019    
                         FDRE (Hold_FDRE_C_D)         0.046     0.065    core/genblk1[0].lanes[11].lane/raw_q_reg[raw][sum_raw][18]
  -------------------------------------------------------------------
                         required time                         -0.065    
                         arrival time                           0.135    
  -------------------------------------------------------------------
                         slack                                  0.070    

Slack (MET) :             0.070ns  (arrival time - required time)
  Source:                 core/genblk1[0].lanes[11].lane/align_q_reg[pre][big_x][24]/C
                            (rising edge-triggered cell FDRE clocked by core_clk  {rise@0.000ns fall@2.000ns period=4.000ns})
  Destination:            core/genblk1[0].lanes[11].lane/raw_q_reg[raw][sum_raw][25]/D
                            (rising edge-triggered cell FDRE clocked by core_clk  {rise@0.000ns fall@2.000ns period=4.000ns})
  Path Group:             core_clk
  Path Type:              Hold (Min at Fast Process Corner)
  Requirement:            0.000ns  (core_clk rise@0.000ns - core_clk rise@0.000ns)
  Data Path Delay:        0.122ns  (logic 0.069ns (56.557%)  route 0.053ns (43.443%))
  Logic Levels:           1  (CARRY8=1)
  Clock Path Skew:        0.006ns (DCD - SCD - CPR)
    Destination Clock Delay (DCD):    0.019ns
    Source Clock Delay      (SCD):    0.013ns
    Clock Pessimism Removal (CPR):    -0.000ns

    Location             Delay type                Incr(ns)  Path(ns)    Netlist Resource(s)
  -------------------------------------------------------------------    -------------------
                         (clock core_clk rise edge)
                                                      0.000     0.000 r  
                                                      0.000     0.000 r  clk (IN)
                         net (fo=29010, unset)        0.013     0.013    core/genblk1[0].lanes[11].lane/clk
                         FDRE                                         r  core/genblk1[0].lanes[11].lane/align_q_reg[pre][big_x][24]/C
  -------------------------------------------------------------------    -------------------
                         FDRE (Prop_FDRE_C_Q)         0.038     0.051 r  core/genblk1[0].lanes[11].lane/align_q_reg[pre][big_x][24]/Q
                         net (fo=2, unplaced)         0.046     0.097    core/genblk1[0].lanes[11].lane/align_q_reg[pre][big_x][24]
                         CARRY8 (Prop_CARRY8_DI[0]_O[1])
                                                      0.031     0.128 r  core/genblk1[0].lanes[11].lane/raw_q_reg[raw][sum_raw][27]_i_1/O[1]
                         net (fo=2, unplaced)         0.007     0.135    core/genblk1[0].lanes[11].lane/raw_q_reg[raw][sum_raw][27]_i_1_n_14
                         FDRE                                         r  core/genblk1[0].lanes[11].lane/raw_q_reg[raw][sum_raw][25]/D
  -------------------------------------------------------------------    -------------------

                         (clock core_clk rise edge)
                                                      0.000     0.000 r  
                                                      0.000     0.000 r  clk (IN)
                         net (fo=29010, unset)        0.019     0.019    core/genblk1[0].lanes[11].lane/clk
                         FDRE                                         r  core/genblk1[0].lanes[11].lane/raw_q_reg[raw][sum_raw][25]/C
                         clock pessimism              0.000     0.019    
                         FDRE (Hold_FDRE_C_D)         0.046     0.065    core/genblk1[0].lanes[11].lane/raw_q_reg[raw][sum_raw][25]
  -------------------------------------------------------------------
                         required time                         -0.065    
                         arrival time                           0.135    
  -------------------------------------------------------------------
                         slack                                  0.070    

Slack (MET) :             0.070ns  (arrival time - required time)
  Source:                 core/genblk1[0].lanes[11].lane/align_q_reg[pre][big_x][25]/C
                            (rising edge-triggered cell FDRE clocked by core_clk  {rise@0.000ns fall@2.000ns period=4.000ns})
  Destination:            core/genblk1[0].lanes[11].lane/raw_q_reg[raw][sum_raw][26]/D
                            (rising edge-triggered cell FDRE clocked by core_clk  {rise@0.000ns fall@2.000ns period=4.000ns})
  Path Group:             core_clk
  Path Type:              Hold (Min at Fast Process Corner)
  Requirement:            0.000ns  (core_clk rise@0.000ns - core_clk rise@0.000ns)
  Data Path Delay:        0.122ns  (logic 0.069ns (56.557%)  route 0.053ns (43.443%))
  Logic Levels:           1  (CARRY8=1)
  Clock Path Skew:        0.006ns (DCD - SCD - CPR)
    Destination Clock Delay (DCD):    0.019ns
    Source Clock Delay      (SCD):    0.013ns
    Clock Pessimism Removal (CPR):    -0.000ns

    Location             Delay type                Incr(ns)  Path(ns)    Netlist Resource(s)
  -------------------------------------------------------------------    -------------------
                         (clock core_clk rise edge)
                                                      0.000     0.000 r  
                                                      0.000     0.000 r  clk (IN)
                         net (fo=29010, unset)        0.013     0.013    core/genblk1[0].lanes[11].lane/clk
                         FDRE                                         r  core/genblk1[0].lanes[11].lane/align_q_reg[pre][big_x][25]/C
  -------------------------------------------------------------------    -------------------
                         FDRE (Prop_FDRE_C_Q)         0.038     0.051 r  core/genblk1[0].lanes[11].lane/align_q_reg[pre][big_x][25]/Q
                         net (fo=2, unplaced)         0.046     0.097    core/genblk1[0].lanes[11].lane/align_q_reg[pre][big_x][25]
                         CARRY8 (Prop_CARRY8_DI[1]_O[2])
                                                      0.031     0.128 r  core/genblk1[0].lanes[11].lane/raw_q_reg[raw][sum_raw][27]_i_1/O[2]
                         net (fo=2, unplaced)         0.007     0.135    core/genblk1[0].lanes[11].lane/raw_q_reg[raw][sum_raw][27]_i_1_n_13
                         FDRE                                         r  core/genblk1[0].lanes[11].lane/raw_q_reg[raw][sum_raw][26]/D
  -------------------------------------------------------------------    -------------------

                         (clock core_clk rise edge)
                                                      0.000     0.000 r  
                                                      0.000     0.000 r  clk (IN)
                         net (fo=29010, unset)        0.019     0.019    core/genblk1[0].lanes[11].lane/clk
                         FDRE                                         r  core/genblk1[0].lanes[11].lane/raw_q_reg[raw][sum_raw][26]/C
                         clock pessimism              0.000     0.019    
                         FDRE (Hold_FDRE_C_D)         0.046     0.065    core/genblk1[0].lanes[11].lane/raw_q_reg[raw][sum_raw][26]
  -------------------------------------------------------------------
                         required time                         -0.065    
                         arrival time                           0.135    
  -------------------------------------------------------------------
                         slack                                  0.070    

Slack (MET) :             0.070ns  (arrival time - required time)
  Source:                 core/genblk1[0].lanes[11].lane/align_q_reg[pre][big_x][8]/C
                            (rising edge-triggered cell FDRE clocked by core_clk  {rise@0.000ns fall@2.000ns period=4.000ns})
  Destination:            core/genblk1[0].lanes[11].lane/raw_q_reg[raw][sum_raw][9]/D
                            (rising edge-triggered cell FDRE clocked by core_clk  {rise@0.000ns fall@2.000ns period=4.000ns})
  Path Group:             core_clk
  Path Type:              Hold (Min at Fast Process Corner)
  Requirement:            0.000ns  (core_clk rise@0.000ns - core_clk rise@0.000ns)
  Data Path Delay:        0.122ns  (logic 0.069ns (56.557%)  route 0.053ns (43.443%))
  Logic Levels:           1  (CARRY8=1)
  Clock Path Skew:        0.006ns (DCD - SCD - CPR)
    Destination Clock Delay (DCD):    0.019ns
    Source Clock Delay      (SCD):    0.013ns
    Clock Pessimism Removal (CPR):    -0.000ns

    Location             Delay type                Incr(ns)  Path(ns)    Netlist Resource(s)
  -------------------------------------------------------------------    -------------------
                         (clock core_clk rise edge)
                                                      0.000     0.000 r  
                                                      0.000     0.000 r  clk (IN)
                         net (fo=29010, unset)        0.013     0.013    core/genblk1[0].lanes[11].lane/clk
                         FDRE                                         r  core/genblk1[0].lanes[11].lane/align_q_reg[pre][big_x][8]/C
  -------------------------------------------------------------------    -------------------
                         FDRE (Prop_FDRE_C_Q)         0.038     0.051 r  core/genblk1[0].lanes[11].lane/align_q_reg[pre][big_x][8]/Q
                         net (fo=2, unplaced)         0.046     0.097    core/genblk1[0].lanes[11].lane/align_q_reg[pre][big_x][8]
                         CARRY8 (Prop_CARRY8_DI[0]_O[1])
                                                      0.031     0.128 r  core/genblk1[0].lanes[11].lane/raw_q_reg[raw][sum_raw][15]_i_1/O[1]
                         net (fo=2, unplaced)         0.007     0.135    core/genblk1[0].lanes[11].lane/raw_q_reg[raw][sum_raw][15]_i_1_n_14
                         FDRE                                         r  core/genblk1[0].lanes[11].lane/raw_q_reg[raw][sum_raw][9]/D
  -------------------------------------------------------------------    -------------------

                         (clock core_clk rise edge)
                                                      0.000     0.000 r  
                                                      0.000     0.000 r  clk (IN)
                         net (fo=29010, unset)        0.019     0.019    core/genblk1[0].lanes[11].lane/clk
                         FDRE                                         r  core/genblk1[0].lanes[11].lane/raw_q_reg[raw][sum_raw][9]/C
                         clock pessimism              0.000     0.019    
                         FDRE (Hold_FDRE_C_D)         0.046     0.065    core/genblk1[0].lanes[11].lane/raw_q_reg[raw][sum_raw][9]
  -------------------------------------------------------------------
                         required time                         -0.065    
                         arrival time                           0.135    
  -------------------------------------------------------------------
                         slack                                  0.070    

Slack (MET) :             0.070ns  (arrival time - required time)
  Source:                 core/genblk1[0].lanes[12].lane/align_q_reg[pre][big_x][9]/C
                            (rising edge-triggered cell FDRE clocked by core_clk  {rise@0.000ns fall@2.000ns period=4.000ns})
  Destination:            core/genblk1[0].lanes[12].lane/raw_q_reg[raw][sum_raw][10]/D
                            (rising edge-triggered cell FDRE clocked by core_clk  {rise@0.000ns fall@2.000ns period=4.000ns})
  Path Group:             core_clk
  Path Type:              Hold (Min at Fast Process Corner)
  Requirement:            0.000ns  (core_clk rise@0.000ns - core_clk rise@0.000ns)
  Data Path Delay:        0.122ns  (logic 0.069ns (56.557%)  route 0.053ns (43.443%))
  Logic Levels:           1  (CARRY8=1)
  Clock Path Skew:        0.006ns (DCD - SCD - CPR)
    Destination Clock Delay (DCD):    0.019ns
    Source Clock Delay      (SCD):    0.013ns
    Clock Pessimism Removal (CPR):    -0.000ns

    Location             Delay type                Incr(ns)  Path(ns)    Netlist Resource(s)
  -------------------------------------------------------------------    -------------------
                         (clock core_clk rise edge)
                                                      0.000     0.000 r  
                                                      0.000     0.000 r  clk (IN)
                         net (fo=29010, unset)        0.013     0.013    core/genblk1[0].lanes[12].lane/clk
                         FDRE                                         r  core/genblk1[0].lanes[12].lane/align_q_reg[pre][big_x][9]/C
  -------------------------------------------------------------------    -------------------
                         FDRE (Prop_FDRE_C_Q)         0.038     0.051 r  core/genblk1[0].lanes[12].lane/align_q_reg[pre][big_x][9]/Q
                         net (fo=2, unplaced)         0.046     0.097    core/genblk1[0].lanes[12].lane/align_q_reg[pre][big_x][9]
                         CARRY8 (Prop_CARRY8_DI[1]_O[2])
                                                      0.031     0.128 r  core/genblk1[0].lanes[12].lane/raw_q_reg[raw][sum_raw][15]_i_1/O[2]
                         net (fo=2, unplaced)         0.007     0.135    core/genblk1[0].lanes[12].lane/raw_q_reg[raw][sum_raw][15]_i_1_n_13
                         FDRE                                         r  core/genblk1[0].lanes[12].lane/raw_q_reg[raw][sum_raw][10]/D
  -------------------------------------------------------------------    -------------------

                         (clock core_clk rise edge)
                                                      0.000     0.000 r  
                                                      0.000     0.000 r  clk (IN)
                         net (fo=29010, unset)        0.019     0.019    core/genblk1[0].lanes[12].lane/clk
                         FDRE                                         r  core/genblk1[0].lanes[12].lane/raw_q_reg[raw][sum_raw][10]/C
                         clock pessimism              0.000     0.019    
                         FDRE (Hold_FDRE_C_D)         0.046     0.065    core/genblk1[0].lanes[12].lane/raw_q_reg[raw][sum_raw][10]
  -------------------------------------------------------------------
                         required time                         -0.065    
                         arrival time                           0.135    
  -------------------------------------------------------------------
                         slack                                  0.070    

Slack (MET) :             0.070ns  (arrival time - required time)
  Source:                 core/genblk1[0].lanes[12].lane/align_q_reg[pre][big_x][16]/C
                            (rising edge-triggered cell FDRE clocked by core_clk  {rise@0.000ns fall@2.000ns period=4.000ns})
  Destination:            core/genblk1[0].lanes[12].lane/raw_q_reg[raw][sum_raw][17]/D
                            (rising edge-triggered cell FDRE clocked by core_clk  {rise@0.000ns fall@2.000ns period=4.000ns})
  Path Group:             core_clk
  Path Type:              Hold (Min at Fast Process Corner)
  Requirement:            0.000ns  (core_clk rise@0.000ns - core_clk rise@0.000ns)
  Data Path Delay:        0.122ns  (logic 0.069ns (56.557%)  route 0.053ns (43.443%))
  Logic Levels:           1  (CARRY8=1)
  Clock Path Skew:        0.006ns (DCD - SCD - CPR)
    Destination Clock Delay (DCD):    0.019ns
    Source Clock Delay      (SCD):    0.013ns
    Clock Pessimism Removal (CPR):    -0.000ns

    Location             Delay type                Incr(ns)  Path(ns)    Netlist Resource(s)
  -------------------------------------------------------------------    -------------------
                         (clock core_clk rise edge)
                                                      0.000     0.000 r  
                                                      0.000     0.000 r  clk (IN)
                         net (fo=29010, unset)        0.013     0.013    core/genblk1[0].lanes[12].lane/clk
                         FDRE                                         r  core/genblk1[0].lanes[12].lane/align_q_reg[pre][big_x][16]/C
  -------------------------------------------------------------------    -------------------
                         FDRE (Prop_FDRE_C_Q)         0.038     0.051 r  core/genblk1[0].lanes[12].lane/align_q_reg[pre][big_x][16]/Q
                         net (fo=2, unplaced)         0.046     0.097    core/genblk1[0].lanes[12].lane/align_q_reg[pre][big_x][16]
                         CARRY8 (Prop_CARRY8_DI[0]_O[1])
                                                      0.031     0.128 r  core/genblk1[0].lanes[12].lane/raw_q_reg[raw][sum_raw][23]_i_1/O[1]
                         net (fo=2, unplaced)         0.007     0.135    core/genblk1[0].lanes[12].lane/raw_q_reg[raw][sum_raw][23]_i_1_n_14
                         FDRE                                         r  core/genblk1[0].lanes[12].lane/raw_q_reg[raw][sum_raw][17]/D
  -------------------------------------------------------------------    -------------------

                         (clock core_clk rise edge)
                                                      0.000     0.000 r  
                                                      0.000     0.000 r  clk (IN)
                         net (fo=29010, unset)        0.019     0.019    core/genblk1[0].lanes[12].lane/clk
                         FDRE                                         r  core/genblk1[0].lanes[12].lane/raw_q_reg[raw][sum_raw][17]/C
                         clock pessimism              0.000     0.019    
                         FDRE (Hold_FDRE_C_D)         0.046     0.065    core/genblk1[0].lanes[12].lane/raw_q_reg[raw][sum_raw][17]
  -------------------------------------------------------------------
                         required time                         -0.065    
                         arrival time                           0.135    
  -------------------------------------------------------------------
                         slack                                  0.070    





Pulse Width Checks
--------------------------------------------------------------------------------------
Clock Name:         core_clk
Waveform(ns):       { 0.000 2.000 }
Period(ns):         4.000
Sources:            { clk }

Check Type        Corner  Lib Pin             Reference Pin  Required(ns)  Actual(ns)  Slack(ns)  Location  Pin
Min Period        n/a     RAMB36E2/CLKARDCLK  n/a            1.569         4.000       2.431                core/acc_store/banks[2].parity[0].ram/mem_reg_0/CLKARDCLK
Min Period        n/a     RAMB36E2/CLKBWRCLK  n/a            1.569         4.000       2.431                core/acc_store/banks[2].parity[0].ram/mem_reg_0/CLKBWRCLK
Min Period        n/a     RAMB36E2/CLKARDCLK  n/a            1.569         4.000       2.431                core/acc_store/banks[2].parity[0].ram/mem_reg_1/CLKARDCLK
Min Period        n/a     RAMB36E2/CLKBWRCLK  n/a            1.569         4.000       2.431                core/acc_store/banks[2].parity[0].ram/mem_reg_1/CLKBWRCLK
Min Period        n/a     RAMB36E2/CLKARDCLK  n/a            1.569         4.000       2.431                core/acc_store/banks[2].parity[0].ram/mem_reg_2/CLKARDCLK
Min Period        n/a     RAMB36E2/CLKBWRCLK  n/a            1.569         4.000       2.431                core/acc_store/banks[2].parity[0].ram/mem_reg_2/CLKBWRCLK
Min Period        n/a     RAMB36E2/CLKARDCLK  n/a            1.569         4.000       2.431                core/acc_store/banks[2].parity[0].ram/mem_reg_3/CLKARDCLK
Min Period        n/a     RAMB36E2/CLKBWRCLK  n/a            1.569         4.000       2.431                core/acc_store/banks[2].parity[0].ram/mem_reg_3/CLKBWRCLK
Min Period        n/a     RAMB36E2/CLKARDCLK  n/a            1.569         4.000       2.431                core/acc_store/banks[2].parity[0].ram/mem_reg_4/CLKARDCLK
Min Period        n/a     RAMB36E2/CLKBWRCLK  n/a            1.569         4.000       2.431                core/acc_store/banks[2].parity[0].ram/mem_reg_4/CLKBWRCLK
Min Period        n/a     RAMB36E2/CLKARDCLK  n/a            1.569         4.000       2.431                core/acc_store/banks[2].parity[0].ram/mem_reg_5/CLKARDCLK
Min Period        n/a     RAMB36E2/CLKBWRCLK  n/a            1.569         4.000       2.431                core/acc_store/banks[2].parity[0].ram/mem_reg_5/CLKBWRCLK
Min Period        n/a     RAMB36E2/CLKARDCLK  n/a            1.569         4.000       2.431                core/acc_store/banks[2].parity[0].ram/mem_reg_6/CLKARDCLK
Min Period        n/a     RAMB36E2/CLKBWRCLK  n/a            1.569         4.000       2.431                core/acc_store/banks[2].parity[0].ram/mem_reg_6/CLKBWRCLK
Min Period        n/a     RAMB18E2/CLKARDCLK  n/a            1.569         4.000       2.431                core/acc_store/banks[2].parity[0].ram/mem_reg_7/CLKARDCLK
Min Period        n/a     RAMB18E2/CLKBWRCLK  n/a            1.569         4.000       2.431                core/acc_store/banks[2].parity[0].ram/mem_reg_7/CLKBWRCLK
Min Period        n/a     RAMB36E2/CLKARDCLK  n/a            1.569         4.000       2.431                core/acc_store/banks[2].parity[1].ram/mem_reg_0/CLKARDCLK
Min Period        n/a     RAMB36E2/CLKBWRCLK  n/a            1.569         4.000       2.431                core/acc_store/banks[2].parity[1].ram/mem_reg_0/CLKBWRCLK
Min Period        n/a     RAMB36E2/CLKARDCLK  n/a            1.569         4.000       2.431                core/acc_store/banks[2].parity[1].ram/mem_reg_1/CLKARDCLK
Min Period        n/a     RAMB36E2/CLKBWRCLK  n/a            1.569         4.000       2.431                core/acc_store/banks[2].parity[1].ram/mem_reg_1/CLKBWRCLK
Low Pulse Width   Slow    RAMB36E2/CLKARDCLK  n/a            0.542         2.000       1.458                core/acc_store/banks[2].parity[0].ram/mem_reg_0/CLKARDCLK
Low Pulse Width   Fast    RAMB36E2/CLKARDCLK  n/a            0.542         2.000       1.458                core/acc_store/banks[2].parity[0].ram/mem_reg_0/CLKARDCLK
Low Pulse Width   Slow    RAMB36E2/CLKBWRCLK  n/a            0.542         2.000       1.458                core/acc_store/banks[2].parity[0].ram/mem_reg_0/CLKBWRCLK
Low Pulse Width   Fast    RAMB36E2/CLKBWRCLK  n/a            0.542         2.000       1.458                core/acc_store/banks[2].parity[0].ram/mem_reg_0/CLKBWRCLK
Low Pulse Width   Slow    RAMB36E2/CLKARDCLK  n/a            0.542         2.000       1.458                core/acc_store/banks[2].parity[0].ram/mem_reg_1/CLKARDCLK
Low Pulse Width   Fast    RAMB36E2/CLKARDCLK  n/a            0.542         2.000       1.458                core/acc_store/banks[2].parity[0].ram/mem_reg_1/CLKARDCLK
Low Pulse Width   Slow    RAMB36E2/CLKBWRCLK  n/a            0.542         2.000       1.458                core/acc_store/banks[2].parity[0].ram/mem_reg_1/CLKBWRCLK
Low Pulse Width   Fast    RAMB36E2/CLKBWRCLK  n/a            0.542         2.000       1.458                core/acc_store/banks[2].parity[0].ram/mem_reg_1/CLKBWRCLK
Low Pulse Width   Slow    RAMB36E2/CLKARDCLK  n/a            0.542         2.000       1.458                core/acc_store/banks[2].parity[0].ram/mem_reg_2/CLKARDCLK
Low Pulse Width   Fast    RAMB36E2/CLKARDCLK  n/a            0.542         2.000       1.458                core/acc_store/banks[2].parity[0].ram/mem_reg_2/CLKARDCLK
Low Pulse Width   Slow    RAMB36E2/CLKBWRCLK  n/a            0.542         2.000       1.458                core/acc_store/banks[2].parity[0].ram/mem_reg_2/CLKBWRCLK
Low Pulse Width   Fast    RAMB36E2/CLKBWRCLK  n/a            0.542         2.000       1.458                core/acc_store/banks[2].parity[0].ram/mem_reg_2/CLKBWRCLK
Low Pulse Width   Slow    RAMB36E2/CLKARDCLK  n/a            0.542         2.000       1.458                core/acc_store/banks[2].parity[0].ram/mem_reg_3/CLKARDCLK
Low Pulse Width   Fast    RAMB36E2/CLKARDCLK  n/a            0.542         2.000       1.458                core/acc_store/banks[2].parity[0].ram/mem_reg_3/CLKARDCLK
Low Pulse Width   Slow    RAMB36E2/CLKBWRCLK  n/a            0.542         2.000       1.458                core/acc_store/banks[2].parity[0].ram/mem_reg_3/CLKBWRCLK
Low Pulse Width   Fast    RAMB36E2/CLKBWRCLK  n/a            0.542         2.000       1.458                core/acc_store/banks[2].parity[0].ram/mem_reg_3/CLKBWRCLK
Low Pulse Width   Slow    RAMB36E2/CLKARDCLK  n/a            0.542         2.000       1.458                core/acc_store/banks[2].parity[0].ram/mem_reg_4/CLKARDCLK
Low Pulse Width   Fast    RAMB36E2/CLKARDCLK  n/a            0.542         2.000       1.458                core/acc_store/banks[2].parity[0].ram/mem_reg_4/CLKARDCLK
Low Pulse Width   Slow    RAMB36E2/CLKBWRCLK  n/a            0.542         2.000       1.458                core/acc_store/banks[2].parity[0].ram/mem_reg_4/CLKBWRCLK
Low Pulse Width   Fast    RAMB36E2/CLKBWRCLK  n/a            0.542         2.000       1.458                core/acc_store/banks[2].parity[0].ram/mem_reg_4/CLKBWRCLK
High Pulse Width  Slow    RAMB36E2/CLKARDCLK  n/a            0.542         2.000       1.458                core/acc_store/banks[2].parity[0].ram/mem_reg_0/CLKARDCLK
High Pulse Width  Fast    RAMB36E2/CLKARDCLK  n/a            0.542         2.000       1.458                core/acc_store/banks[2].parity[0].ram/mem_reg_0/CLKARDCLK
High Pulse Width  Slow    RAMB36E2/CLKBWRCLK  n/a            0.542         2.000       1.458                core/acc_store/banks[2].parity[0].ram/mem_reg_0/CLKBWRCLK
High Pulse Width  Fast    RAMB36E2/CLKBWRCLK  n/a            0.542         2.000       1.458                core/acc_store/banks[2].parity[0].ram/mem_reg_0/CLKBWRCLK
High Pulse Width  Slow    RAMB36E2/CLKARDCLK  n/a            0.542         2.000       1.458                core/acc_store/banks[2].parity[0].ram/mem_reg_1/CLKARDCLK
High Pulse Width  Fast    RAMB36E2/CLKARDCLK  n/a            0.542         2.000       1.458                core/acc_store/banks[2].parity[0].ram/mem_reg_1/CLKARDCLK
High Pulse Width  Slow    RAMB36E2/CLKBWRCLK  n/a            0.542         2.000       1.458                core/acc_store/banks[2].parity[0].ram/mem_reg_1/CLKBWRCLK
High Pulse Width  Fast    RAMB36E2/CLKBWRCLK  n/a            0.542         2.000       1.458                core/acc_store/banks[2].parity[0].ram/mem_reg_1/CLKBWRCLK
High Pulse Width  Slow    RAMB36E2/CLKARDCLK  n/a            0.542         2.000       1.458                core/acc_store/banks[2].parity[0].ram/mem_reg_2/CLKARDCLK
High Pulse Width  Fast    RAMB36E2/CLKARDCLK  n/a            0.542         2.000       1.458                core/acc_store/banks[2].parity[0].ram/mem_reg_2/CLKARDCLK
High Pulse Width  Slow    RAMB36E2/CLKBWRCLK  n/a            0.542         2.000       1.458                core/acc_store/banks[2].parity[0].ram/mem_reg_2/CLKBWRCLK
High Pulse Width  Fast    RAMB36E2/CLKBWRCLK  n/a            0.542         2.000       1.458                core/acc_store/banks[2].parity[0].ram/mem_reg_2/CLKBWRCLK
High Pulse Width  Slow    RAMB36E2/CLKARDCLK  n/a            0.542         2.000       1.458                core/acc_store/banks[2].parity[0].ram/mem_reg_3/CLKARDCLK
High Pulse Width  Fast    RAMB36E2/CLKARDCLK  n/a            0.542         2.000       1.458                core/acc_store/banks[2].parity[0].ram/mem_reg_3/CLKARDCLK
High Pulse Width  Slow    RAMB36E2/CLKBWRCLK  n/a            0.542         2.000       1.458                core/acc_store/banks[2].parity[0].ram/mem_reg_3/CLKBWRCLK
High Pulse Width  Fast    RAMB36E2/CLKBWRCLK  n/a            0.542         2.000       1.458                core/acc_store/banks[2].parity[0].ram/mem_reg_3/CLKBWRCLK
High Pulse Width  Slow    RAMB36E2/CLKARDCLK  n/a            0.542         2.000       1.458                core/acc_store/banks[2].parity[0].ram/mem_reg_4/CLKARDCLK
High Pulse Width  Fast    RAMB36E2/CLKARDCLK  n/a            0.542         2.000       1.458                core/acc_store/banks[2].parity[0].ram/mem_reg_4/CLKARDCLK
High Pulse Width  Slow    RAMB36E2/CLKBWRCLK  n/a            0.542         2.000       1.458                core/acc_store/banks[2].parity[0].ram/mem_reg_4/CLKBWRCLK
High Pulse Width  Fast    RAMB36E2/CLKBWRCLK  n/a            0.542         2.000       1.458                core/acc_store/banks[2].parity[0].ram/mem_reg_4/CLKBWRCLK



